Road ID,Length,Capacity,Vehicle Count,Congestion Factor
10156,138.036,55,0,0
10155,192.996,77,0,0
10154,149.059,59,0,0
10153,158.382,63,0,0
10152,138.852,55,0,0
10151,168.337,67,0,0
10150,126.02,50,0,0
10149,178.404,71,0,0
10148,149.822,59,0,0
10147,204.167,122,0,0
10146,190.168,76,0,0
10145,149.524,59,0,0
10144,128.736,51,0,0
10143,133.844,53,0,0
10142,237.756,142,0,0
10141,138.955,55,0,0
10140,145.781,58,0,0
10139,124.852,49,0,0
10138,148.718,59,0,0
10137,158.691,63,0,0
10136,125.362,50,0,0
10135,193.807,77,0,0
10134,152.899,61,0,0
10133,200.003,120,0,0
10132,134.618,53,0,0
10131,133.225,53,0,0
10130,202.714,121,0,0
10129,152.486,60,0,0
10128,204.863,122,0,0
10127,217.846,130,0,0
10126,184.35,73,0,0
10125,160.003,64,0,0
10124,182.942,73,0,0
10123,197.928,79,0,0
10122,140.812,56,0,0
10121,163.371,65,0,0
10120,133.24,53,0,0
10119,126.151,50,0,0
10118,172.07,68,0,0
10117,135.138,54,0,0
10116,109.137,43,0,0
10115,109.137,43,0,0
10114,109.137,43,0,0
10113,125.601,50,0,0
10112,161,64,0,0
10111,88.5319,17,0,0
10110,109.137,43,0,0
10109,88.5319,17,0,0
10108,136.744,54,0,0
10107,73.6923,14,0,0
10106,136.744,54,0,0
10105,109.137,43,0,0
10104,147.385,58,0,0
10103,73.6923,14,0,0
10102,165.162,66,0,0
10101,153.805,61,0,0
10100,75.7907,15,0,0
10099,70.5714,14,0,0
10098,70.5714,14,0,0
10097,75.7907,15,0,0
10096,70.5714,14,0,0
10095,70.5714,14,0,0
10094,70.5714,14,0,0
10093,75.7907,15,0,0
10092,70.5714,14,0,0
10091,70.5714,14,0,0
10090,44.8218,8,0,0
10089,75.7907,15,0,0
10088,70.5714,14,0,0
10087,70.5714,14,0,0
10086,75.7907,15,0,0
10085,70.5714,14,0,0
10084,75.7907,15,0,0
10083,70.5714,14,0,0
10082,75.7907,15,0,0
10081,65.5798,13,0,0
10080,75.7907,15,0,0
10079,70.5714,14,0,0
10078,44.8218,8,0,0
10077,70.5714,14,0,0
10076,82.9167,16,0,0
10075,65.5798,13,0,0
10074,90.1125,18,0,0
10073,82.9167,16,0,0
10072,82.9167,16,0,0
10071,108.883,43,0,0
10070,158.708,63,0,0
10069,150.013,60,0,0
10068,89.7391,17,0,0
10067,158.708,63,0,0
10066,59.8261,11,0,0
10065,89.7391,17,0,0
10064,89.7391,17,0,0
10063,119.652,47,0,0
10062,89.7391,17,0,0
10061,243.788,146,0,0
10060,220.222,132,0,0
10059,187.338,74,0,0
10058,235.256,141,0,0
10057,220.222,132,0,0
10056,198.783,79,0,0
10055,236.771,142,0,0
10054,137.739,55,0,0
10053,137.739,55,0,0
10052,165.5,66,0,0
10051,137.739,55,0,0
10050,137.739,55,0,0
10049,165.5,66,0,0
10048,137.739,55,0,0
10047,137.739,55,0,0
10046,137.739,55,0,0
10045,146.459,58,0,0
10044,130.818,52,0,0
10043,61.4,12,0,0
10042,68.226,13,0,0
10041,43.25,8,0,0
10040,61.4,12,0,0
10039,61.4,12,0,0
10038,43.25,8,0,0
10037,68.226,13,0,0
10036,86.5,17,0,0
10035,68.5422,13,0,0
10034,92.1,18,0,0
10033,61.4,12,0,0
10032,68.5422,13,0,0
10031,86.5,17,0,0
10030,68.5422,13,0,0
10029,61.4,12,0,0
10028,68.226,13,0,0
10027,60.9286,12,0,0
10026,60.9286,12,0,0
10025,60.9286,12,0,0
10024,85.7778,17,0,0
10023,87.1583,17,0,0
10022,69.8108,13,0,0
10021,46.5405,9,0,0
10020,93.0811,18,0,0
10019,46.5405,9,0,0
10018,101.509,40,0,0
10017,69.8108,13,0,0
10016,87.1583,17,0,0
10015,118.721,47,0,0
10014,46.5405,9,0,0
10013,101.509,40,0,0
10012,87.1583,17,0,0
10011,132.04,52,0,0
10010,101.509,40,0,0
10009,87.1583,17,0,0
10008,77.2791,15,0,0
10007,69.8108,13,0,0
10006,127.994,51,0,0
10005,129.185,51,0,0
10004,129.185,51,0,0
10003,96.8889,19,0,0
10002,129.185,51,0,0
10001,96.8889,19,0,0
10000,96.8889,19,0,0
9999,64.5926,12,0,0
9998,96.8889,19,0,0
9997,96.8889,19,0,0
9996,96.8889,19,0,0
9995,96.8889,19,0,0
9994,153.896,61,0,0
9993,129.185,51,0,0
9992,127.994,51,0,0
9991,127.994,51,0,0
9990,105.675,42,0,0
9989,89.6554,17,0,0
9988,129.185,51,0,0
9987,137.477,54,0,0
9986,157.457,62,0,0
9985,89.6554,17,0,0
9984,153.406,61,0,0
9983,73.3638,14,0,0
9982,54.6347,10,0,0
9981,65.6897,13,0,0
9980,43.7931,8,0,0
9979,39.3265,7,0,0
9978,54.6347,10,0,0
9977,65.6897,13,0,0
9976,54.6347,10,0,0
9975,54.6347,10,0,0
9974,43.7931,8,0,0
9973,43.7931,8,0,0
9972,54.6347,10,0,0
9971,73.3638,14,0,0
9970,54.6347,10,0,0
9969,87.5862,17,0,0
9968,87.5862,17,0,0
9967,73.3638,14,0,0
9966,54.6347,10,0,0
9965,93.4797,18,0,0
9964,68.905,13,0,0
9963,54.6347,10,0,0
9962,43.7931,8,0,0
9961,65.3333,13,0,0
9960,43.7931,8,0,0
9959,161.293,64,0,0
9958,42.3333,8,0,0
9957,89.6276,17,0,0
9956,42.3333,8,0,0
9955,89.6276,17,0,0
9954,101.357,40,0,0
9953,89.6276,17,0,0
9952,84.6667,16,0,0
9951,63.5,12,0,0
9950,101.357,40,0,0
9949,63.5,12,0,0
9948,105.833,42,0,0
9947,42.3333,8,0,0
9946,101.357,40,0,0
9945,84.6667,16,0,0
9944,42.3333,8,0,0
9943,63.5,12,0,0
9942,84.6667,16,0,0
9941,89.8589,17,0,0
9940,84.4,16,0,0
9939,93.2567,18,0,0
9938,79.3333,15,0,0
9937,79.3333,15,0,0
9936,79.3333,15,0,0
9935,57.9162,11,0,0
9934,57.9162,11,0,0
9933,79.3333,15,0,0
9932,62.8541,12,0,0
9931,51.3636,10,0,0
9930,62.8541,12,0,0
9929,62.8541,12,0,0
9928,44.4069,8,0,0
9927,77.0455,15,0,0
9926,51.3636,10,0,0
9925,62.8541,12,0,0
9924,77.0455,15,0,0
9923,62.8541,12,0,0
9922,62.8541,12,0,0
9921,51.3636,10,0,0
9920,102.727,41,0,0
9919,44.4069,8,0,0
9918,62.8541,12,0,0
9917,102.727,41,0,0
9916,44.4069,8,0,0
9915,85.1376,17,0,0
9914,21.7269,4,0,0
9913,62.8541,12,0,0
9912,44.4069,8,0,0
9911,89.2857,17,0,0
9910,74.8615,14,0,0
9909,89.2857,17,0,0
9908,74.8615,14,0,0
9907,89.2857,17,0,0
9906,89.2857,17,0,0
9905,74.8615,14,0,0
9904,89.2857,17,0,0
9903,59.5238,11,0,0
9902,74.8615,14,0,0
9901,100.165,40,0,0
9900,59.5238,11,0,0
9899,89.2857,17,0,0
9898,59.5238,11,0,0
9897,95.5532,19,0,0
9896,59.5238,11,0,0
9895,59.5238,11,0,0
9894,74.8615,14,0,0
9893,59.5238,11,0,0
9892,54.2856,10,0,0
9891,74.8615,14,0,0
9890,90.8,18,0,0
9889,54.2856,10,0,0
9888,74.8615,14,0,0
9887,95.5532,19,0,0
9886,89.927,17,0,0
9885,89.927,17,0,0
9884,98.1859,19,0,0
9883,68.2703,13,0,0
9882,68.2703,13,0,0
9881,68.2703,13,0,0
9880,84.4174,16,0,0
9879,65.8118,13,0,0
9878,55.4372,11,0,0
9877,52.3298,10,0,0
9876,52.3298,10,0,0
9875,35.7808,7,0,0
9874,56.3636,11,0,0
9873,52.3298,10,0,0
9872,52.3298,10,0,0
9871,52.3298,10,0,0
9870,52.3298,10,0,0
9869,52.3298,10,0,0
9868,35.7808,7,0,0
9867,56.3636,11,0,0
9866,71.5615,14,0,0
9865,35.7808,7,0,0
9864,60.522,12,0,0
9863,52.3298,10,0,0
9862,60.522,12,0,0
9861,60.522,12,0,0
9860,60.522,12,0,0
9859,35.7808,7,0,0
9858,56.3636,11,0,0
9857,35.7808,7,0,0
9856,60.522,12,0,0
9855,60.522,12,0,0
9854,66.1395,13,0,0
9853,35.7808,7,0,0
9852,35.7808,7,0,0
9851,66.1395,13,0,0
9850,60.522,12,0,0
9849,52.3298,10,0,0
9848,56.3636,11,0,0
9847,80.2359,16,0,0
9846,97.449,19,0,0
9845,84,16,0,0
9844,98.6821,19,0,0
9843,98.6821,19,0,0
9842,126,50,0,0
9841,84,16,0,0
9840,84,16,0,0
9839,98.6821,19,0,0
9838,66.6795,13,0,0
9837,126,50,0,0
9836,84,16,0,0
9835,98.6821,19,0,0
9834,126,50,0,0
9833,98.6821,19,0,0
9832,98.6821,19,0,0
9831,98.6821,19,0,0
9830,103.579,41,0,0
9829,125.627,50,0,0
9828,66.6795,13,0,0
9827,66.6795,13,0,0
9826,81.5408,16,0,0
9825,81,16,0,0
9824,81,16,0,0
9823,47.7613,9,0,0
9822,84.8639,16,0,0
9821,64.8368,12,0,0
9820,81,16,0,0
9819,64.8368,12,0,0
9818,47.7613,9,0,0
9817,50.6316,10,0,0
9816,86.0712,17,0,0
9815,75.9474,15,0,0
9814,95.5225,19,0,0
9813,64.8368,12,0,0
9812,64.8368,12,0,0
9811,202.214,121,0,0
9810,143.214,57,0,0
9809,196.668,78,0,0
9808,127.029,50,0,0
9807,59.375,11,0,0
9806,160.738,64,0,0
9805,118.75,47,0,0
9804,118.75,47,0,0
9803,89.0625,17,0,0
9802,201.316,120,0,0
9801,118.75,47,0,0
9800,62.5,12,0,0
9799,62.5,12,0,0
9798,62.5,12,0,0
9797,41.6667,8,0,0
9796,83.3333,16,0,0
9795,83.3333,16,0,0
9794,84.1688,16,0,0
9793,83.3333,16,0,0
9792,41.6667,8,0,0
9791,83.3333,16,0,0
9790,62.5,12,0,0
9789,41.6667,8,0,0
9788,41.6667,8,0,0
9787,83.3333,16,0,0
9786,62.5,12,0,0
9785,62.5,12,0,0
9784,62.5,12,0,0
9783,62.5,12,0,0
9782,83.3333,16,0,0
9781,62.5,12,0,0
9780,62.5,12,0,0
9779,62.5,12,0,0
9778,70.1017,14,0,0
9777,62.5,12,0,0
9776,62.5,12,0,0
9775,84.1688,16,0,0
9774,62.5,12,0,0
9773,62.5,12,0,0
9772,62.5,12,0,0
9771,41.6667,8,0,0
9770,48.455,9,0,0
9769,62.5,12,0,0
9768,126.995,50,0,0
9767,96.5846,19,0,0
9766,103.044,41,0,0
9765,103.044,41,0,0
9764,103.044,41,0,0
9763,103.044,41,0,0
9762,96.5846,19,0,0
9761,103.044,41,0,0
9760,103.044,41,0,0
9759,124.698,49,0,0
9758,103.044,41,0,0
9757,103.659,41,0,0
9756,62.1951,12,0,0
9755,62.1951,12,0,0
9754,124.39,49,0,0
9753,64.831,12,0,0
9752,64.831,12,0,0
9751,51.21,10,0,0
9750,64.831,12,0,0
9749,51.21,10,0,0
9748,64.831,12,0,0
9747,64.831,12,0,0
9746,91.5556,18,0,0
9745,64.831,12,0,0
9744,64.831,12,0,0
9743,64.831,12,0,0
9742,91.5556,18,0,0
9741,68.8605,13,0,0
9740,82.6884,16,0,0
9739,94.389,18,0,0
9738,45.907,9,0,0
9737,64.831,12,0,0
9736,45.907,9,0,0
9735,225.793,135,0,0
9734,208.52,125,0,0
9733,164.482,65,0,0
9732,237.683,142,0,0
9731,316.391,189,0,0
9730,159.812,63,0,0
9729,67.6019,13,0,0
9728,74.3537,14,0,0
9727,95.1099,19,0,0
9726,74.3537,14,0,0
9725,99,19,0,0
9724,74.3537,14,0,0
9723,74.3537,14,0,0
9722,74.3537,14,0,0
9721,74.3537,14,0,0
9720,99,19,0,0
9719,66,13,0,0
9718,95.1099,19,0,0
9717,74.3537,14,0,0
9716,74.3537,14,0,0
9715,66,13,0,0
9714,66,13,0,0
9713,66,13,0,0
9712,66,13,0,0
9711,66,13,0,0
9710,66,13,0,0
9709,66,13,0,0
9708,118.189,47,0,0
9707,66,13,0,0
9706,47.5549,9,0,0
9705,81.4266,16,0,0
9704,68.4671,13,0,0
9703,65.5714,13,0,0
9702,56.6673,11,0,0
9701,56.6673,11,0,0
9700,56.6673,11,0,0
9699,56.6673,11,0,0
9698,56.6673,11,0,0
9697,56.6673,11,0,0
9696,56.6673,11,0,0
9695,56.6673,11,0,0
9694,133.934,53,0,0
9693,253.081,151,0,0
9692,228.529,137,0,0
9691,130.588,52,0,0
9690,165.846,66,0,0
9689,236.36,141,0,0
9688,65.2941,13,0,0
9687,217.672,130,0,0
9686,65.2941,13,0,0
9685,65.2941,13,0,0
9684,128.595,51,0,0
9683,69,13,0,0
9682,69,13,0,0
9681,79.5063,15,0,0
9680,45.7083,9,0,0
9679,69,13,0,0
9678,115,45,0,0
9677,29.8111,5,0,0
9676,43.7273,8,0,0
9675,43.7273,8,0,0
9674,29.8111,5,0,0
9673,48.195,9,0,0
9672,43.7273,8,0,0
9671,43.7273,8,0,0
9670,59.6222,11,0,0
9669,29.8111,5,0,0
9668,43.7273,8,0,0
9667,43.7273,8,0,0
9666,46.0516,9,0,0
9665,48.195,9,0,0
9664,43.7273,8,0,0
9663,48.195,9,0,0
9662,43.7273,8,0,0
9661,43.7273,8,0,0
9660,43.7273,8,0,0
9659,29.8111,5,0,0
9658,43.7273,8,0,0
9657,43.7273,8,0,0
9656,48.195,9,0,0
9655,29.8111,5,0,0
9654,29.8111,5,0,0
9653,43.7273,8,0,0
9652,48.195,9,0,0
9651,48.195,9,0,0
9650,43.7273,8,0,0
9649,43.7273,8,0,0
9648,43.7273,8,0,0
9647,43.7273,8,0,0
9646,59.6222,11,0,0
9645,43.7273,8,0,0
9644,43.7273,8,0,0
9643,43.7273,8,0,0
9642,43.7273,8,0,0
9641,43.7273,8,0,0
9640,43.7273,8,0,0
9639,43.7273,8,0,0
9638,48.195,9,0,0
9637,29.8111,5,0,0
9636,48.195,9,0,0
9635,29.8111,5,0,0
9634,46.0516,9,0,0
9633,43.7273,8,0,0
9632,43.7273,8,0,0
9631,29.8111,5,0,0
9630,43.7273,8,0,0
9629,43.7273,8,0,0
9628,43.7273,8,0,0
9627,48.195,9,0,0
9626,29.8111,5,0,0
9625,43.7273,8,0,0
9624,43.7273,8,0,0
9623,43.7273,8,0,0
9622,43.7273,8,0,0
9621,48.195,9,0,0
9620,43.7273,8,0,0
9619,43.7273,8,0,0
9618,43.7273,8,0,0
9617,60.7959,12,0,0
9616,46.0516,9,0,0
9615,29.8111,5,0,0
9614,43.7273,8,0,0
9613,29.8111,5,0,0
9612,59.6222,11,0,0
9611,29.8111,5,0,0
9610,46.0516,9,0,0
9609,40.5306,8,0,0
9608,40.5306,8,0,0
9607,29.8111,5,0,0
9606,59.6222,11,0,0
9605,64.6078,12,0,0
9604,43.7273,8,0,0
9603,50.9032,10,0,0
9602,56.9396,11,0,0
9601,50.9032,10,0,0
9600,50.9032,10,0,0
9599,50.9032,10,0,0
9598,56.9396,11,0,0
9597,50.9032,10,0,0
9596,50.9032,10,0,0
9595,72.0767,14,0,0
9594,50.9032,10,0,0
9593,50.9032,10,0,0
9592,56.9396,11,0,0
9591,50.9032,10,0,0
9590,50.9032,10,0,0
9589,50.9032,10,0,0
9588,50.9032,10,0,0
9587,56.9396,11,0,0
9586,50.9032,10,0,0
9585,72.0767,14,0,0
9584,56.9396,11,0,0
9583,50.9032,10,0,0
9582,56.9396,11,0,0
9581,36.0384,7,0,0
9580,56.9396,11,0,0
9579,56.9396,11,0,0
9578,50.9032,10,0,0
9577,57.0237,11,0,0
9576,50.9032,10,0,0
9575,56.9396,11,0,0
9574,56.9396,11,0,0
9573,76.3548,15,0,0
9572,72.0767,14,0,0
9571,56.9396,11,0,0
9570,56.9396,11,0,0
9569,76.3548,15,0,0
9568,76.3548,15,0,0
9567,56.9396,11,0,0
9566,50.9032,10,0,0
9565,56.9396,11,0,0
9564,56.9396,11,0,0
9563,56.9396,11,0,0
9562,76.3548,15,0,0
9561,50.9032,10,0,0
9560,80.6635,16,0,0
9559,80.5049,16,0,0
9558,36.0384,7,0,0
9557,36.0384,7,0,0
9556,76.5429,15,0,0
9555,51.0286,10,0,0
9554,50.9032,10,0,0
9553,44.2258,8,0,0
9552,104.299,41,0,0
9551,17.885,3,0,0
9550,30.9364,6,0,0
9549,220.009,132,0,0
9548,235.306,141,0,0
9547,183.883,73,0,0
9546,140.89,56,0,0
9545,204.941,122,0,0
9544,123.693,49,0,0
9543,222.74,133,0,0
9542,126.479,50,0,0
9541,204.362,122,0,0
9540,201.375,120,0,0
9539,150.047,60,0,0
9538,157.877,63,0,0
9537,136.459,54,0,0
9536,225.036,135,0,0
9535,139.316,55,0,0
9534,181.395,72,0,0
9533,152.27,60,0,0
9532,205.973,123,0,0
9531,192.627,77,0,0
9530,140.663,56,0,0
9529,125.399,50,0,0
9528,148.223,59,0,0
9527,134.35,53,0,0
9526,298.69,179,0,0
9525,230.673,138,0,0
9524,208.734,125,0,0
9523,136.125,54,0,0
9522,151.954,60,0,0
9521,148.489,59,0,0
9520,377.154,226,0,0
9519,204.414,122,0,0
9518,307.353,184,0,0
9517,144.534,57,0,0
9516,193.494,77,0,0
9515,195.849,78,0,0
9514,130.981,52,0,0
9513,153.951,61,0,0
9512,160.527,64,0,0
9511,132.823,53,0,0
9510,161.059,64,0,0
9509,180.801,72,0,0
9508,141.315,56,0,0
9507,142.285,56,0,0
9506,151.013,60,0,0
9505,126.562,50,0,0
9504,129.85,51,0,0
9503,150.083,60,0,0
9502,155.232,62,0,0
9501,134.97,53,0,0
9500,135.351,54,0,0
9499,184.505,73,0,0
9498,221.02,132,0,0
9497,196.657,78,0,0
9496,135.871,54,0,0
9495,147.054,58,0,0
9494,142.144,56,0,0
9493,223.143,133,0,0
9492,174.642,69,0,0
9491,245.801,147,0,0
9490,310.645,186,0,0
9489,150.722,60,0,0
9488,162.484,64,0,0
9487,397.368,238,0,0
9486,128.763,51,0,0
9485,211.341,126,0,0
9484,126.317,50,0,0
9483,133.24,53,0,0
9482,124.459,49,0,0
9481,205.937,123,0,0
9480,228.372,137,0,0
9479,165.012,66,0,0
9478,224.644,134,0,0
9477,132.503,53,0,0
9476,211.684,127,0,0
9475,188.322,75,0,0
9474,301.602,180,0,0
9473,198.648,79,0,0
9472,148.084,59,0,0
9471,276.48,165,0,0
9470,156.416,62,0,0
9469,164.985,65,0,0
9468,148.933,59,0,0
9467,156.17,62,0,0
9466,215.845,129,0,0
9465,178.138,71,0,0
9464,235.051,141,0,0
9463,225.938,135,0,0
9462,199.251,79,0,0
9461,220.166,132,0,0
9460,333.732,200,0,0
9459,151.433,60,0,0
9458,131.469,52,0,0
9457,187.387,74,0,0
9456,152.322,60,0,0
9455,164.83,65,0,0
9454,223.913,134,0,0
9453,167.705,67,0,0
9452,137.928,55,0,0
9451,243.002,145,0,0
9450,152.161,60,0,0
9449,304.138,182,0,0
9448,133.225,53,0,0
9447,194.538,77,0,0
9446,140.417,56,0,0
9445,187.072,74,0,0
9444,168.19,67,0,0
9443,154.635,61,0,0
9442,168.502,67,0,0
9441,123.879,49,0,0
9440,139.603,55,0,0
9439,128.406,51,0,0
9438,207.473,124,0,0
9437,180.361,72,0,0
9436,167.967,67,0,0
9435,161.474,64,0,0
9434,240.217,144,0,0
9433,314.035,188,0,0
9432,341.533,204,0,0
9431,136.015,54,0,0
9430,222.144,133,0,0
9429,159.154,63,0,0
9428,173.658,69,0,0
9427,209.459,125,0,0
9426,223.618,134,0,0
9425,172.754,69,0,0
9424,142.836,57,0,0
9423,172.169,68,0,0
9422,204.083,122,0,0
9421,177.003,70,0,0
9420,209.497,125,0,0
9419,201.814,121,0,0
9418,139.442,55,0,0
9417,136.499,54,0,0
9416,181.706,72,0,0
9415,132.85,53,0,0
9414,207.386,124,0,0
9413,219.647,131,0,0
9412,206.891,124,0,0
9411,233.42,140,0,0
9410,178.676,71,0,0
9409,156.732,62,0,0
9408,175.308,70,0,0
9407,167.61,67,0,0
9406,285.335,171,0,0
9405,144.309,57,0,0
9404,222.643,133,0,0
9403,219.367,131,0,0
9402,257.635,154,0,0
9401,144.669,57,0,0
9400,225.002,135,0,0
9399,236.282,141,0,0
9398,150.03,60,0,0
9397,128.55,51,0,0
9396,148.923,59,0,0
9395,147.648,59,0,0
9394,133.69,53,0,0
9393,189.19,75,0,0
9392,165.484,66,0,0
9391,174.187,69,0,0
9390,152.532,61,0,0
9389,252.343,151,0,0
9388,225.801,135,0,0
9387,206.981,124,0,0
9386,317.099,190,0,0
9385,181.135,72,0,0
9384,319.631,191,0,0
9383,160.031,64,0,0
9382,229.957,137,0,0
9381,141.241,56,0,0
9380,219.135,131,0,0
9379,215.801,129,0,0
9378,173.511,69,0,0
9377,218.488,131,0,0
9376,151.714,60,0,0
9375,194.33,77,0,0
9374,186.188,74,0,0
9373,159.662,63,0,0
9372,151,60,0,0
9371,138.134,55,0,0
9370,154.638,61,0,0
9369,208.062,124,0,0
9368,359.68,215,0,0
9367,244.724,146,0,0
9366,134.826,53,0,0
9365,178.373,71,0,0
9364,134.715,53,0,0
9363,142.056,56,0,0
9362,160.823,64,0,0
9361,189.771,75,0,0
9360,126.396,50,0,0
9359,257.661,154,0,0
9358,207.781,124,0,0
9357,178.045,71,0,0
9356,124.904,49,0,0
9355,197.952,79,0,0
9354,269.98,161,0,0
9353,140.207,56,0,0
9352,201.246,120,0,0
9351,228.316,136,0,0
9350,184.272,73,0,0
9349,135.329,54,0,0
9348,257.527,154,0,0
9347,230.384,138,0,0
9346,202.97,121,0,0
9345,133.555,53,0,0
9344,132.185,52,0,0
9343,190.421,76,0,0
9342,156.109,62,0,0
9341,192.899,77,0,0
9340,281.256,168,0,0
9339,190.276,76,0,0
9338,297.417,178,0,0
9337,234.44,140,0,0
9336,244.008,146,0,0
9335,237.929,142,0,0
9334,276.407,165,0,0
9333,151.083,60,0,0
9332,126.921,50,0,0
9331,176.185,70,0,0
9330,168.077,67,0,0
9329,255.539,153,0,0
9328,157.003,62,0,0
9327,422.452,253,0,0
9326,236.882,142,0,0
9325,263.486,158,0,0
9324,225.162,135,0,0
9323,169.239,67,0,0
9322,183.883,73,0,0
9321,319.453,191,0,0
9320,130.981,52,0,0
9319,241.868,145,0,0
9318,162.077,64,0,0
9317,171.129,68,0,0
9316,226.815,136,0,0
9315,161.075,64,0,0
9314,153.101,61,0,0
9313,189.108,75,0,0
9312,142.394,56,0,0
9311,219.695,131,0,0
9310,163.487,65,0,0
9309,123.879,49,0,0
9308,256.096,153,0,0
9307,243.824,146,0,0
9306,183.742,73,0,0
9305,163.355,65,0,0
9304,257.049,154,0,0
9303,187.883,75,0,0
9302,180.314,72,0,0
9301,212.398,127,0,0
9300,250.162,150,0,0
9299,144.003,57,0,0
9298,169.056,67,0,0
9297,190.192,76,0,0
9296,212.793,127,0,0
9295,175.391,70,0,0
9294,259.046,155,0,0
9293,237.697,142,0,0
9292,145.619,58,0,0
9291,128.456,51,0,0
9290,138.311,55,0,0
9289,161.595,64,0,0
9288,155.631,62,0,0
9287,258.863,155,0,0
9286,228.02,136,0,0
9285,190.318,76,0,0
9284,219.672,131,0,0
9283,150.851,60,0,0
9282,202.83,121,0,0
9281,186.132,74,0,0
9280,157.892,63,0,0
9279,187.83,75,0,0
9278,228.215,136,0,0
9277,162.61,65,0,0
9276,218.9,131,0,0
9275,152.21,60,0,0
9274,193.373,77,0,0
9273,136.059,54,0,0
9272,163.527,65,0,0
9271,184.532,73,0,0
9270,151.427,60,0,0
9269,198.285,79,0,0
9268,145.331,58,0,0
9267,153.834,61,0,0
9266,168.44,67,0,0
9265,134.332,53,0,0
9264,247.487,148,0,0
9263,123.81,49,0,0
9262,154.201,61,0,0
9261,151.585,60,0,0
9260,168.122,67,0,0
9259,161.524,64,0,0
9258,154.175,61,0,0
9257,263.941,158,0,0
9256,275.118,165,0,0
9255,139.119,55,0,0
9254,239.416,143,0,0
9253,130.05,52,0,0
9252,232.562,139,0,0
9251,263.644,158,0,0
9250,135.956,54,0,0
9249,241.05,144,0,0
9248,151.608,60,0,0
9247,231.019,138,0,0
9246,127.64,51,0,0
9245,138.398,55,0,0
9244,156.924,62,0,0
9243,234.105,140,0,0
9242,151.822,60,0,0
9241,186.29,74,0,0
9240,131.461,52,0,0
9239,228.423,137,0,0
9238,123.628,49,0,0
9237,335.882,201,0,0
9236,211.4,126,0,0
9235,136.125,54,0,0
9234,163.49,65,0,0
9233,131.727,52,0,0
9232,155.756,62,0,0
9231,132.981,53,0,0
9230,193.217,77,0,0
9229,138.192,55,0,0
9228,162.929,65,0,0
9227,195,78,0,0
9226,165,66,0,0
9225,193.786,77,0,0
9224,142.695,57,0,0
9223,295,177,0,0
9222,313.345,188,0,0
9221,199.161,79,0,0
9220,136.213,54,0,0
9219,159.289,63,0,0
9218,230.703,138,0,0
9217,281.157,168,0,0
9216,235.847,141,0,0
9215,261.947,157,0,0
9214,186.593,74,0,0
9213,162.604,65,0,0
9212,303.727,182,0,0
9211,248.171,148,0,0
9210,169.664,67,0,0
9209,254.018,152,0,0
9208,254.283,152,0,0
9207,168.6,67,0,0
9206,134.893,53,0,0
9205,137.091,54,0,0
9204,187.878,75,0,0
9203,127.472,50,0,0
9202,127.769,51,0,0
9201,248.244,148,0,0
9200,233.189,139,0,0
9199,160.462,64,0,0
9198,138.521,55,0,0
9197,143.136,57,0,0
9196,262.393,157,0,0
9195,184.621,73,0,0
9194,153.838,61,0,0
9193,171.735,68,0,0
9192,123.713,49,0,0
9191,213.321,127,0,0
9190,257.938,154,0,0
9189,243.906,146,0,0
9188,145.825,58,0,0
9187,206.456,123,0,0
9186,154.496,61,0,0
9185,130,52,0,0
9184,271.662,162,0,0
9183,149.683,59,0,0
9182,153.883,61,0,0
9181,162.561,65,0,0
9180,305.203,183,0,0
9179,155.862,62,0,0
9178,155.901,62,0,0
9177,180.472,72,0,0
9176,158.316,63,0,0
9175,154.003,61,0,0
9174,240.052,144,0,0
9173,261.429,156,0,0
9172,141.354,56,0,0
9171,211.625,126,0,0
9170,133.843,53,0,0
9169,881.445,528,0,0
9168,185.219,74,0,0
9167,179.047,71,0,0
9166,330.22,198,0,0
9165,125.515,50,0,0
9164,217.368,130,0,0
9163,279.614,167,0,0
9162,156.016,62,0,0
9161,177.992,71,0,0
9160,167.195,66,0,0
9159,325.042,195,0,0
9158,200.998,120,0,0
9157,227.693,136,0,0
9156,139.086,55,0,0
9155,164.201,65,0,0
9154,159.261,63,0,0
9153,211.483,126,0,0
9152,173.511,69,0,0
9151,208.019,124,0,0
9150,142.899,57,0,0
9149,423.332,253,0,0
9148,264.622,158,0,0
9147,199.01,79,0,0
9146,244.761,146,0,0
9145,128.81,51,0,0
9144,163.441,65,0,0
9143,124.403,49,0,0
9142,184.762,73,0,0
9141,162.874,65,0,0
9140,167.156,66,0,0
9139,237.592,142,0,0
9138,155.206,62,0,0
9137,130.096,52,0,0
9136,191.191,76,0,0
9135,279.546,167,0,0
9134,247.843,148,0,0
9133,149.054,59,0,0
9132,150.283,60,0,0
9131,286.63,171,0,0
9130,153.029,61,0,0
9129,173.046,69,0,0
9128,241.537,144,0,0
9127,227.563,136,0,0
9126,161.149,64,0,0
9125,182.981,73,0,0
9124,165.052,66,0,0
9123,133.33,53,0,0
9122,136.693,54,0,0
9121,155.242,62,0,0
9120,188.215,75,0,0
9119,177.496,70,0,0
9118,156.029,62,0,0
9117,221.903,133,0,0
9116,136.132,54,0,0
9115,240.416,144,0,0
9114,337.48,202,0,0
9113,324.275,194,0,0
9112,272.406,163,0,0
9111,548.753,329,0,0
9110,180.369,72,0,0
9109,461.966,277,0,0
9108,208.691,125,0,0
9107,414.397,248,0,0
9106,200.524,120,0,0
9105,165.605,66,0,0
9104,251.191,150,0,0
9103,279.659,167,0,0
9102,212.198,127,0,0
9101,270.187,162,0,0
9100,211.74,127,0,0
9099,196.209,78,0,0
9098,288.737,173,0,0
9097,168.015,67,0,0
9096,267.507,160,0,0
9095,172.63,69,0,0
9094,196.469,78,0,0
9093,222.002,133,0,0
9092,221.923,133,0,0
9091,179.694,71,0,0
9090,196.736,78,0,0
9089,193.879,77,0,0
9088,140.684,56,0,0
9087,168.372,67,0,0
9086,181.135,72,0,0
9085,165.303,66,0,0
9084,168.181,67,0,0
9083,154.311,61,0,0
9082,204.475,122,0,0
9081,186.968,74,0,0
9080,332.952,199,0,0
9079,227.903,136,0,0
9078,140.064,56,0,0
9077,261.094,156,0,0
9076,200.325,120,0,0
9075,158.449,63,0,0
9074,180.945,72,0,0
9073,252.976,151,0,0
9072,285.24,171,0,0
9071,150.097,60,0,0
9070,257.738,154,0,0
9069,237.447,142,0,0
9068,219.228,131,0,0
9067,206.886,124,0,0
9066,289.928,173,0,0
9065,182.88,73,0,0
9064,185.607,74,0,0
9063,216.317,129,0,0
9062,153.405,61,0,0
9061,185.648,74,0,0
9060,189.264,75,0,0
9059,162.61,65,0,0
9058,271.33,162,0,0
9057,302.185,181,0,0
9056,399.861,239,0,0
9055,164.235,65,0,0
9054,124.004,49,0,0
9053,160.702,64,0,0
9052,327.391,196,0,0
9051,188,75,0,0
9050,244.806,146,0,0
9049,142.664,57,0,0
9048,173.589,69,0,0
9047,207.473,124,0,0
9046,244.624,146,0,0
9045,377.118,226,0,0
9044,126.301,50,0,0
9043,353.055,211,0,0
9042,240.133,144,0,0
9041,237.565,142,0,0
9040,154.26,61,0,0
9039,204.267,122,0,0
9038,159.806,63,0,0
9037,150.881,60,0,0
9036,223.45,134,0,0
9035,224.544,134,0,0
9034,268.425,161,0,0
9033,250.17,150,0,0
9032,252.66,151,0,0
9031,199.424,79,0,0
9030,135.248,54,0,0
9029,258.503,155,0,0
9028,161.988,64,0,0
9027,153.47,61,0,0
9026,176.963,70,0,0
9025,202.475,121,0,0
9024,233.446,140,0,0
9023,125.172,50,0,0
9022,192.151,76,0,0
9021,125.634,50,0,0
9020,126.507,50,0,0
9019,174.201,69,0,0
9018,179.36,71,0,0
9017,146.014,58,0,0
9016,141.605,56,0,0
9015,176.46,70,0,0
9014,271.266,162,0,0
9013,247.073,148,0,0
9012,149.405,59,0,0
9011,146.154,58,0,0
9010,233.863,140,0,0
9009,218.888,131,0,0
9008,144.734,57,0,0
9007,141.676,56,0,0
9006,229.445,137,0,0
9005,138,55,0,0
9004,217.002,130,0,0
9003,140.911,56,0,0
9002,124.016,49,0,0
9001,236.685,142,0,0
9000,179.338,71,0,0
8999,124.908,49,0,0
8998,248.212,148,0,0
8997,234.787,140,0,0
8996,189.275,75,0,0
8995,185.973,74,0,0
8994,296.184,177,0,0
8993,197.327,78,0,0
8992,151.159,60,0,0
8991,231.353,138,0,0
8990,258.588,155,0,0
8989,140.207,56,0,0
8988,271.184,162,0,0
8987,205.798,123,0,0
8986,203.342,122,0,0
8985,135.595,54,0,0
8984,301.841,181,0,0
8983,180.701,72,0,0
8982,167.323,66,0,0
8981,428.753,257,0,0
8980,252.105,151,0,0
8979,405.998,243,0,0
8978,238.55,143,0,0
8977,202.97,121,0,0
8976,289.166,173,0,0
8975,230.209,138,0,0
8974,128.725,51,0,0
8973,179.471,71,0,0
8972,215.697,129,0,0
8971,136.693,54,0,0
8970,139.589,55,0,0
8969,198.879,79,0,0
8968,177.8,71,0,0
8967,205.197,123,0,0
8966,163.233,65,0,0
8965,155.438,62,0,0
8964,191.262,76,0,0
8963,145.801,58,0,0
8962,186.304,74,0,0
8961,149.215,59,0,0
8960,167.505,67,0,0
8959,131.488,52,0,0
8958,387.683,232,0,0
8957,266.008,159,0,0
8956,129.468,51,0,0
8955,199.06,79,0,0
8954,131.046,52,0,0
8953,196.003,78,0,0
8952,202.237,121,0,0
8951,317.63,190,0,0
8950,131.712,52,0,0
8949,171.4,68,0,0
8948,149.054,59,0,0
8947,207.793,124,0,0
8946,393.449,236,0,0
8945,220.912,132,0,0
8944,224.018,134,0,0
8943,158.256,63,0,0
8942,249.163,149,0,0
8941,281.945,169,0,0
8940,315.636,189,0,0
8939,232.312,139,0,0
8938,200.192,120,0,0
8937,286.531,171,0,0
8936,177.882,71,0,0
8935,375.926,225,0,0
8934,298.412,179,0,0
8933,258.519,155,0,0
8932,197.102,78,0,0
8931,172.662,69,0,0
8930,229.297,137,0,0
8929,231.64,138,0,0
8928,123.907,49,0,0
8927,296,177,0,0
8926,171.397,68,0,0
8925,226.738,136,0,0
8924,234.034,140,0,0
8923,286.923,172,0,0
8922,148.408,59,0,0
8921,197.77,79,0,0
8920,228.079,136,0,0
8919,149.265,59,0,0
8918,162.086,64,0,0
8917,127.016,50,0,0
8916,124.92,49,0,0
8915,170.845,68,0,0
8914,283.019,169,0,0
8913,148.499,59,0,0
8912,215.112,129,0,0
8911,212.511,127,0,0
8910,164.575,65,0,0
8909,176.026,70,0,0
8908,138.232,55,0,0
8907,165.027,66,0,0
8906,184.383,73,0,0
8905,131.137,52,0,0
8904,126.147,50,0,0
8903,378.022,226,0,0
8902,196.217,78,0,0
8901,349.468,209,0,0
8900,161.533,64,0,0
8899,259.208,155,0,0
8898,149.513,59,0,0
8897,250.2,150,0,0
8896,281.064,168,0,0
8895,138.539,55,0,0
8894,237.065,142,0,0
8893,192.837,77,0,0
8892,214.979,128,0,0
8891,303.645,182,0,0
8890,251.002,150,0,0
8889,253.002,151,0,0
8888,129.553,51,0,0
8887,191.003,76,0,0
8886,222.83,133,0,0
8885,201.308,120,0,0
8884,200.145,120,0,0
8883,188.096,75,0,0
8882,154.777,61,0,0
8881,249.018,149,0,0
8880,132.061,52,0,0
8879,187.385,74,0,0
8878,146.455,58,0,0
8877,127.566,51,0,0
8876,235.951,141,0,0
8875,133.06,53,0,0
8874,256.189,153,0,0
8873,273.3,163,0,0
8872,172.409,68,0,0
8871,178.734,71,0,0
8870,173.876,69,0,0
8869,232.312,139,0,0
8868,232.019,139,0,0
8867,138.159,55,0,0
8866,215.058,129,0,0
8865,247.524,148,0,0
8864,228.044,136,0,0
8863,165.097,66,0,0
8862,189.381,75,0,0
8861,244.049,146,0,0
8860,166.373,66,0,0
8859,150.217,60,0,0
8858,134.201,53,0,0
8857,233.122,139,0,0
8856,158.673,63,0,0
8855,210.642,126,0,0
8854,129.85,51,0,0
8853,150.615,60,0,0
8852,190.539,76,0,0
8851,142.773,57,0,0
8850,252.982,151,0,0
8849,211.227,126,0,0
8848,228.011,136,0,0
8847,215.353,129,0,0
8846,258.805,155,0,0
8845,218.762,131,0,0
8844,279.689,167,0,0
8843,148.125,59,0,0
8842,138.636,55,0,0
8841,167.057,66,0,0
8840,234.691,140,0,0
8839,226.753,136,0,0
8838,208.626,125,0,0
8837,132.015,52,0,0
8836,193.776,77,0,0
8835,185.607,74,0,0
8834,269.943,161,0,0
8833,194.077,77,0,0
8832,162.754,65,0,0
8831,141.322,56,0,0
8830,260.346,156,0,0
8829,294.98,176,0,0
8828,137.244,54,0,0
8827,157.892,63,0,0
8826,730.003,438,0,0
8825,154.693,61,0,0
8824,209.697,125,0,0
8823,127.883,51,0,0
8822,361.365,216,0,0
8821,197,78,0,0
8820,230.02,138,0,0
8819,226.808,136,0,0
8818,235.553,141,0,0
8817,237.548,142,0,0
8816,187.92,75,0,0
8815,325.65,195,0,0
8814,230.825,138,0,0
8813,161.471,64,0,0
8812,174.413,69,0,0
8811,213.378,128,0,0
8810,202.41,121,0,0
8809,405.123,243,0,0
8808,173.072,69,0,0
8807,138.279,55,0,0
8806,237.413,142,0,0
8805,125.196,50,0,0
8804,657.158,394,0,0
8803,160.462,64,0,0
8802,261.811,157,0,0
8801,339.478,203,0,0
8800,1934,1160,0,0
8799,274.774,164,0,0
8798,206.119,123,0,0
8797,191.003,76,0,0
8796,416.019,249,0,0
8795,910.141,546,0,0
8794,411.575,246,0,0
8793,142.941,57,0,0
8792,290.396,174,0,0
8791,139.176,55,0,0
8790,275.98,165,0,0
8789,192.128,76,0,0
8788,228.11,136,0,0
8787,458.625,275,0,0
8786,262.155,157,0,0
8785,220.783,132,0,0
8784,177.725,71,0,0
8783,140.584,56,0,0
8782,216.28,129,0,0
8781,128.016,51,0,0
8780,302.007,181,0,0
8779,166.244,66,0,0
8778,215.188,129,0,0
8777,187.8,75,0,0
8776,169.307,67,0,0
8775,219.92,131,0,0
8774,132.458,52,0,0
8773,131.244,52,0,0
8772,206.349,123,0,0
8771,237.008,142,0,0
8770,150.373,60,0,0
8769,296.366,177,0,0
8768,182.148,72,0,0
8767,178.877,71,0,0
8766,149.215,59,0,0
8765,195.533,78,0,0
8764,141.227,56,0,0
8763,194.813,77,0,0
8762,123.406,49,0,0
8761,138.773,55,0,0
8760,153.551,61,0,0
8759,146.492,58,0,0
8758,132.654,53,0,0
8757,142.443,56,0,0
8756,166.715,66,0,0
8755,195.489,78,0,0
8754,137.186,54,0,0
8753,198.204,79,0,0
8752,493.171,295,0,0
8751,241.537,144,0,0
8750,289.665,173,0,0
8749,193.039,77,0,0
8748,199.612,79,0,0
8747,153.47,61,0,0
8746,176.045,70,0,0
8745,468.087,280,0,0
8744,333.038,199,0,0
8743,236.618,141,0,0
8742,127.816,51,0,0
8741,183.883,73,0,0
8740,135.989,54,0,0
8739,165.747,66,0,0
8738,342.958,205,0,0
8737,125.706,50,0,0
8736,181,72,0,0
8735,283.591,170,0,0
8734,146.209,58,0,0
8733,127.581,51,0,0
8732,160.312,64,0,0
8731,202.082,121,0,0
8730,142.046,56,0,0
8729,125.936,50,0,0
8728,142.088,56,0,0
8727,262.551,157,0,0
8726,349.047,209,0,0
8725,608.067,364,0,0
8724,291.342,174,0,0
8723,229.87,137,0,0
8722,162.997,65,0,0
8721,605.1,363,0,0
8720,1776.01,1065,0,0
8719,1171.01,702,0,0
8718,215.956,129,0,0
8717,418.078,250,0,0
8716,206.62,123,0,0
8715,157.035,62,0,0
8714,205.061,123,0,0
8713,652.69,391,0,0
8712,191.802,76,0,0
8711,212.25,127,0,0
8710,235.417,141,0,0
8709,520.024,312,0,0
8708,1244,746,0,0
8707,194.489,77,0,0
8706,220.871,132,0,0
8705,246.759,148,0,0
8704,254.892,152,0,0
8703,150.443,60,0,0
8702,225.96,135,0,0
8701,194.743,77,0,0
8700,317.448,190,0,0
8699,162.003,64,0,0
8698,235.274,141,0,0
8697,186.553,74,0,0
8696,208.837,125,0,0
8695,228.09,136,0,0
8694,173.159,69,0,0
8693,131.137,52,0,0
8692,399.284,239,0,0
8691,1026.67,616,0,0
8690,176.4,70,0,0
8689,363.902,218,0,0
8688,723.464,434,0,0
8687,459.657,275,0,0
8686,264.093,158,0,0
8685,36.8462,7,0,0
8684,80.5,16,0,0
8683,36.8462,7,0,0
8682,80.5,16,0,0
8681,36.8462,7,0,0
8680,36.8462,7,0,0
8679,80.5,16,0,0
8678,80.5,16,0,0
8677,36.8462,7,0,0
8676,36.8462,7,0,0
8675,36.8462,7,0,0
8674,80.5,16,0,0
8673,36.8462,7,0,0
8672,80.5,16,0,0
8671,36.8462,7,0,0
8670,36.8462,7,0,0
8669,80.5,16,0,0
8668,80.5,16,0,0
8667,36.8462,7,0,0
8666,80.5,16,0,0
8665,36.8462,7,0,0
8664,80.5,16,0,0
8663,36.8462,7,0,0
8662,80.5,16,0,0
8661,80.5,16,0,0
8660,80.5,16,0,0
8659,36.8462,7,0,0
8658,80.5,16,0,0
8657,36.8462,7,0,0
8656,80.5,16,0,0
8655,36.8462,7,0,0
8654,80.5,16,0,0
8653,80.5,16,0,0
8652,36.8462,7,0,0
8651,80.5,16,0,0
8650,80.5,16,0,0
8649,36.8462,7,0,0
8648,80.5,16,0,0
8647,36.8462,7,0,0
8646,36.8462,7,0,0
8645,80.5,16,0,0
8644,80.5,16,0,0
8643,36.8462,7,0,0
8642,80.5,16,0,0
8641,36.8462,7,0,0
8640,80.5,16,0,0
8639,36.8462,7,0,0
8638,80.5,16,0,0
8637,36.8462,7,0,0
8636,80.5,16,0,0
8635,36.8462,7,0,0
8634,80.5,16,0,0
8633,36.8462,7,0,0
8632,80.5,16,0,0
8631,36.8462,7,0,0
8630,80.5,16,0,0
8629,36.8462,7,0,0
8628,36.8462,7,0,0
8627,36.8462,7,0,0
8626,80.5,16,0,0
8625,36.8462,7,0,0
8624,36.8462,7,0,0
8623,80.5,16,0,0
8622,36.8462,7,0,0
8621,80.5,16,0,0
8620,80.5,16,0,0
8619,36.8462,7,0,0
8618,80.5,16,0,0
8617,36.8462,7,0,0
8616,36.8462,7,0,0
8615,80.5,16,0,0
8614,36.8462,7,0,0
8613,80.5,16,0,0
8612,36.8462,7,0,0
8611,80.5,16,0,0
8610,36.8462,7,0,0
8609,80.5,16,0,0
8608,36.8462,7,0,0
8607,80.5,16,0,0
8606,36.8462,7,0,0
8605,80.5,16,0,0
8604,80.5,16,0,0
8603,80.5,16,0,0
8602,36.8462,7,0,0
8601,80.5,16,0,0
8600,36.8462,7,0,0
8599,80.5,16,0,0
8598,36.8462,7,0,0
8597,80.5,16,0,0
8596,80.5,16,0,0
8595,80.5,16,0,0
8594,80.5,16,0,0
8593,36.8462,7,0,0
8592,36.8462,7,0,0
8591,80.5,16,0,0
8590,36.8462,7,0,0
8589,80.5,16,0,0
8588,36.8462,7,0,0
8587,36.8462,7,0,0
8586,80.5,16,0,0
8585,80.5,16,0,0
8584,36.8462,7,0,0
8583,80.5,16,0,0
8582,36.8462,7,0,0
8581,80.5,16,0,0
8580,36.8462,7,0,0
8579,80.5,16,0,0
8578,36.8462,7,0,0
8577,36.8462,7,0,0
8576,36.8462,7,0,0
8575,80.5,16,0,0
8574,36.8462,7,0,0
8573,36.8462,7,0,0
8572,80.5,16,0,0
8571,80.5,16,0,0
8570,36.8462,7,0,0
8569,80.5,16,0,0
8568,80.5,16,0,0
8567,36.8462,7,0,0
8566,36.8462,7,0,0
8565,80.5,16,0,0
8564,36.8462,7,0,0
8563,80.5,16,0,0
8562,36.8462,7,0,0
8561,36.8462,7,0,0
8560,80.5,16,0,0
8559,36.8462,7,0,0
8558,36.8462,7,0,0
8557,80.5,16,0,0
8556,36.8462,7,0,0
8555,36.8462,7,0,0
8554,80.5,16,0,0
8553,36.8462,7,0,0
8552,36.8462,7,0,0
8551,80.5,16,0,0
8550,36.8462,7,0,0
8549,80.5,16,0,0
8548,80.5,16,0,0
8547,80.5,16,0,0
8546,80.5,16,0,0
8545,80.5,16,0,0
8544,80.5,16,0,0
8543,36.8462,7,0,0
8542,80.5,16,0,0
8541,36.8462,7,0,0
8540,80.5,16,0,0
8539,80.5,16,0,0
8538,80.5,16,0,0
8537,36.8462,7,0,0
8536,36.8462,7,0,0
8535,36.8462,7,0,0
8534,80.5,16,0,0
8533,36.8462,7,0,0
8532,80.5,16,0,0
8531,36.8462,7,0,0
8530,80.5,16,0,0
8529,36.8462,7,0,0
8528,80.5,16,0,0
8527,80.5,16,0,0
8526,36.8462,7,0,0
8525,80.5,16,0,0
8524,80.5,16,0,0
8523,36.8462,7,0,0
8522,80.5,16,0,0
8521,80.5,16,0,0
8520,36.8462,7,0,0
8519,36.8462,7,0,0
8518,36.8462,7,0,0
8517,80.5,16,0,0
8516,80.5,16,0,0
8515,80.5,16,0,0
8514,36.8462,7,0,0
8513,80.5,16,0,0
8512,36.8462,7,0,0
8511,36.8462,7,0,0
8510,80.5,16,0,0
8509,36.8462,7,0,0
8508,36.8462,7,0,0
8507,80.5,16,0,0
8506,80.5,16,0,0
8505,80.5,16,0,0
8504,36.8462,7,0,0
8503,80.5,16,0,0
8502,36.8462,7,0,0
8501,36.8462,7,0,0
8500,80.5,16,0,0
8499,80.5,16,0,0
8498,36.8462,7,0,0
8497,80.5,16,0,0
8496,80.5,16,0,0
8495,36.8462,7,0,0
8494,36.8462,7,0,0
8493,36.8462,7,0,0
8492,36.8462,7,0,0
8491,36.8462,7,0,0
8490,36.8462,7,0,0
8489,36.8462,7,0,0
8488,36.8462,7,0,0
8487,36.8462,7,0,0
8486,27.6389,5,0,0
8485,27.6389,5,0,0
8484,27.6389,5,0,0
8483,35.2857,7,0,0
8482,27.6389,5,0,0
8481,35.2857,7,0,0
8480,35.2857,7,0,0
8479,35.2857,7,0,0
8478,35.2857,7,0,0
8477,35.2857,7,0,0
8476,27.6389,5,0,0
8475,27.6389,5,0,0
8474,27.6389,5,0,0
8473,27.6389,5,0,0
8472,35.2857,7,0,0
8471,35.2857,7,0,0
8470,35.2857,7,0,0
8469,35.2857,7,0,0
8468,35.2857,7,0,0
8467,35.2857,7,0,0
8466,27.6389,5,0,0
8465,35.2857,7,0,0
8464,27.6389,5,0,0
8463,35.2857,7,0,0
8462,35.2857,7,0,0
8461,27.6389,5,0,0
8460,35.2857,7,0,0
8459,27.6389,5,0,0
8458,27.6389,5,0,0
8457,35.2857,7,0,0
8456,27.6389,5,0,0
8455,27.6389,5,0,0
8454,27.6389,5,0,0
8453,35.2857,7,0,0
8452,27.6389,5,0,0
8451,35.2857,7,0,0
8450,35.2857,7,0,0
8449,27.6389,5,0,0
8448,27.6389,5,0,0
8447,35.2857,7,0,0
8446,35.2857,7,0,0
8445,27.6389,5,0,0
8444,35.2857,7,0,0
8443,27.6389,5,0,0
8442,35.2857,7,0,0
8441,27.6389,5,0,0
8440,35.2857,7,0,0
8439,27.6389,5,0,0
8438,35.2857,7,0,0
8437,27.6389,5,0,0
8436,27.6389,5,0,0
8435,27.6389,5,0,0
8434,27.6389,5,0,0
8433,35.2857,7,0,0
8432,35.2857,7,0,0
8431,35.2857,7,0,0
8430,27.6389,5,0,0
8429,35.2857,7,0,0
8428,27.6389,5,0,0
8427,27.6389,5,0,0
8426,35.2857,7,0,0
8425,27.6389,5,0,0
8424,35.2857,7,0,0
8423,35.2857,7,0,0
8422,27.6389,5,0,0
8421,35.2857,7,0,0
8420,27.6389,5,0,0
8419,35.2857,7,0,0
8418,35.2857,7,0,0
8417,27.6389,5,0,0
8416,35.2857,7,0,0
8415,35.2857,7,0,0
8414,27.6389,5,0,0
8413,35.2857,7,0,0
8412,27.6389,5,0,0
8411,35.2857,7,0,0
8410,27.6389,5,0,0
8409,35.2857,7,0,0
8408,27.6389,5,0,0
8407,35.2857,7,0,0
8406,27.6389,5,0,0
8405,27.6389,5,0,0
8404,35.2857,7,0,0
8403,27.6389,5,0,0
8402,35.2857,7,0,0
8401,35.2857,7,0,0
8400,35.2857,7,0,0
8399,27.6389,5,0,0
8398,35.2857,7,0,0
8397,35.2857,7,0,0
8396,27.6389,5,0,0
8395,35.2857,7,0,0
8394,27.6389,5,0,0
8393,35.2857,7,0,0
8392,27.6389,5,0,0
8391,27.6389,5,0,0
8390,35.2857,7,0,0
8389,27.6389,5,0,0
8388,35.2857,7,0,0
8387,27.6389,5,0,0
8386,35.2857,7,0,0
8385,27.6389,5,0,0
8384,35.2857,7,0,0
8383,35.2857,7,0,0
8382,35.2857,7,0,0
8381,35.2857,7,0,0
8380,27.6389,5,0,0
8379,27.6389,5,0,0
8378,35.2857,7,0,0
8377,27.6389,5,0,0
8376,35.2857,7,0,0
8375,35.2857,7,0,0
8374,27.6389,5,0,0
8373,35.2857,7,0,0
8372,27.6389,5,0,0
8371,27.6389,5,0,0
8370,35.2857,7,0,0
8369,27.6389,5,0,0
8368,35.2857,7,0,0
8367,27.6389,5,0,0
8366,35.2857,7,0,0
8365,35.2857,7,0,0
8364,27.6389,5,0,0
8363,27.6389,5,0,0
8362,35.2857,7,0,0
8361,27.6389,5,0,0
8360,35.2857,7,0,0
8359,35.2857,7,0,0
8358,27.6389,5,0,0
8357,35.2857,7,0,0
8356,27.6389,5,0,0
8355,35.2857,7,0,0
8354,27.6389,5,0,0
8353,35.2857,7,0,0
8352,27.6389,5,0,0
8351,35.2857,7,0,0
8350,35.2857,7,0,0
8349,27.6389,5,0,0
8348,35.2857,7,0,0
8347,27.6389,5,0,0
8346,35.2857,7,0,0
8345,35.2857,7,0,0
8344,27.6389,5,0,0
8343,27.6389,5,0,0
8342,35.2857,7,0,0
8341,35.2857,7,0,0
8340,27.6389,5,0,0
8339,35.2857,7,0,0
8338,27.6389,5,0,0
8337,35.2857,7,0,0
8336,27.6389,5,0,0
8335,35.2857,7,0,0
8334,35.2857,7,0,0
8333,27.6389,5,0,0
8332,27.6389,5,0,0
8331,27.6389,5,0,0
8330,35.2857,7,0,0
8329,35.2857,7,0,0
8328,27.6389,5,0,0
8327,35.2857,7,0,0
8326,27.6389,5,0,0
8325,35.2857,7,0,0
8324,27.6389,5,0,0
8323,27.6389,5,0,0
8322,35.2857,7,0,0
8321,27.6389,5,0,0
8320,35.2857,7,0,0
8319,27.6389,5,0,0
8318,35.2857,7,0,0
8317,27.6389,5,0,0
8316,35.2857,7,0,0
8315,27.6389,5,0,0
8314,27.6389,5,0,0
8313,35.2857,7,0,0
8312,27.6389,5,0,0
8311,27.6389,5,0,0
8310,35.2857,7,0,0
8309,35.2857,7,0,0
8308,35.2857,7,0,0
8307,27.6389,5,0,0
8306,27.6389,5,0,0
8305,35.2857,7,0,0
8304,27.6389,5,0,0
8303,35.2857,7,0,0
8302,27.6389,5,0,0
8301,27.6389,5,0,0
8300,27.6389,5,0,0
8299,35.2857,7,0,0
8298,27.6389,5,0,0
8297,27.6389,5,0,0
8296,35.2857,7,0,0
8295,27.6389,5,0,0
8294,27.6389,5,0,0
8293,27.6389,5,0,0
8292,35.2857,7,0,0
8291,27.6389,5,0,0
8290,35.2857,7,0,0
8289,35.2857,7,0,0
8288,27.6389,5,0,0
8287,27.6389,5,0,0
8286,35.2857,7,0,0
8285,35.2857,7,0,0
8284,35.2857,7,0,0
8283,27.6389,5,0,0
8282,35.2857,7,0,0
8281,27.6389,5,0,0
8280,27.6389,5,0,0
8279,27.6389,5,0,0
8278,35.2857,7,0,0
8277,35.2857,7,0,0
8276,27.6389,5,0,0
8275,35.2857,7,0,0
8274,27.6389,5,0,0
8273,35.2857,7,0,0
8272,27.6389,5,0,0
8271,35.2857,7,0,0
8270,27.6389,5,0,0
8269,27.6389,5,0,0
8268,35.2857,7,0,0
8267,35.2857,7,0,0
8266,35.2857,7,0,0
8265,27.6389,5,0,0
8264,27.6389,5,0,0
8263,35.2857,7,0,0
8262,35.2857,7,0,0
8261,27.6389,5,0,0
8260,35.2857,7,0,0
8259,27.6389,5,0,0
8258,27.6389,5,0,0
8257,35.2857,7,0,0
8256,35.2857,7,0,0
8255,27.6389,5,0,0
8254,27.6389,5,0,0
8253,35.2857,7,0,0
8252,27.6389,5,0,0
8251,35.2857,7,0,0
8250,35.2857,7,0,0
8249,27.6389,5,0,0
8248,35.2857,7,0,0
8247,27.6389,5,0,0
8246,27.6389,5,0,0
8245,27.6389,5,0,0
8244,35.2857,7,0,0
8243,27.6389,5,0,0
8242,27.6389,5,0,0
8241,35.2857,7,0,0
8240,35.2857,7,0,0
8239,27.6389,5,0,0
8238,35.2857,7,0,0
8237,27.6389,5,0,0
8236,35.2857,7,0,0
8235,35.2857,7,0,0
8234,27.6389,5,0,0
8233,35.2857,7,0,0
8232,27.6389,5,0,0
8231,27.6389,5,0,0
8230,27.6389,5,0,0
8229,27.6389,5,0,0
8228,35.2857,7,0,0
8227,27.6389,5,0,0
8226,27.6389,5,0,0
8225,35.2857,7,0,0
8224,27.6389,5,0,0
8223,27.6389,5,0,0
8222,35.2857,7,0,0
8221,27.6389,5,0,0
8220,35.2857,7,0,0
8219,27.6389,5,0,0
8218,35.2857,7,0,0
8217,27.6389,5,0,0
8216,35.2857,7,0,0
8215,27.6389,5,0,0
8214,35.2857,7,0,0
8213,27.6389,5,0,0
8212,27.6389,5,0,0
8211,35.2857,7,0,0
8210,27.6389,5,0,0
8209,35.2857,7,0,0
8208,35.2857,7,0,0
8207,35.2857,7,0,0
8206,27.6389,5,0,0
8205,35.2857,7,0,0
8204,35.2857,7,0,0
8203,35.2857,7,0,0
8202,35.2857,7,0,0
8201,27.6389,5,0,0
8200,35.2857,7,0,0
8199,27.6389,5,0,0
8198,35.2857,7,0,0
8197,27.6389,5,0,0
8196,35.2857,7,0,0
8195,27.6389,5,0,0
8194,35.2857,7,0,0
8193,35.2857,7,0,0
8192,27.6389,5,0,0
8191,35.2857,7,0,0
8190,27.6389,5,0,0
8189,35.2857,7,0,0
8188,27.6389,5,0,0
8187,35.2857,7,0,0
8186,27.6389,5,0,0
8185,27.6389,5,0,0
8184,35.2857,7,0,0
8183,35.2857,7,0,0
8182,35.2857,7,0,0
8181,27.6389,5,0,0
8180,35.2857,7,0,0
8179,27.6389,5,0,0
8178,27.6389,5,0,0
8177,35.2857,7,0,0
8176,27.6389,5,0,0
8175,35.2857,7,0,0
8174,27.6389,5,0,0
8173,35.2857,7,0,0
8172,27.6389,5,0,0
8171,27.6389,5,0,0
8170,35.2857,7,0,0
8169,27.6389,5,0,0
8168,27.6389,5,0,0
8167,27.6389,5,0,0
8166,35.2857,7,0,0
8165,27.6389,5,0,0
8164,35.2857,7,0,0
8163,27.6389,5,0,0
8162,27.6389,5,0,0
8161,35.2857,7,0,0
8160,35.2857,7,0,0
8159,27.6389,5,0,0
8158,35.2857,7,0,0
8157,27.6389,5,0,0
8156,35.2857,7,0,0
8155,27.6389,5,0,0
8154,35.2857,7,0,0
8153,35.2857,7,0,0
8152,27.6389,5,0,0
8151,35.2857,7,0,0
8150,27.6389,5,0,0
8149,35.2857,7,0,0
8148,27.6389,5,0,0
8147,27.6389,5,0,0
8146,35.2857,7,0,0
8145,35.2857,7,0,0
8144,35.2857,7,0,0
8143,27.6389,5,0,0
8142,27.6389,5,0,0
8141,27.6389,5,0,0
8140,35.2857,7,0,0
8139,27.6389,5,0,0
8138,35.2857,7,0,0
8137,35.2857,7,0,0
8136,27.6389,5,0,0
8135,35.2857,7,0,0
8134,27.6389,5,0,0
8133,27.6389,5,0,0
8132,27.6389,5,0,0
8131,27.6389,5,0,0
8130,35.2857,7,0,0
8129,27.6389,5,0,0
8128,35.2857,7,0,0
8127,27.6389,5,0,0
8126,35.2857,7,0,0
8125,27.6389,5,0,0
8124,35.2857,7,0,0
8123,27.6389,5,0,0
8122,35.2857,7,0,0
8121,35.2857,7,0,0
8120,35.2857,7,0,0
8119,27.6389,5,0,0
8118,35.2857,7,0,0
8117,35.2857,7,0,0
8116,27.6389,5,0,0
8115,35.2857,7,0,0
8114,35.2857,7,0,0
8113,35.2857,7,0,0
8112,27.6389,5,0,0
8111,35.2857,7,0,0
8110,27.6389,5,0,0
8109,35.2857,7,0,0
8108,27.6389,5,0,0
8107,35.2857,7,0,0
8106,27.6389,5,0,0
8105,35.2857,7,0,0
8104,27.6389,5,0,0
8103,35.2857,7,0,0
8102,27.6389,5,0,0
8101,35.2857,7,0,0
8100,27.6389,5,0,0
8099,35.2857,7,0,0
8098,27.6389,5,0,0
8097,27.6389,5,0,0
8096,35.2857,7,0,0
8095,27.6389,5,0,0
8094,35.2857,7,0,0
8093,27.6389,5,0,0
8092,27.6389,5,0,0
8091,35.2857,7,0,0
8090,27.6389,5,0,0
8089,35.2857,7,0,0
8088,27.6389,5,0,0
8087,35.2857,7,0,0
8086,27.6389,5,0,0
8085,27.6389,5,0,0
8084,35.2857,7,0,0
8083,27.6389,5,0,0
8082,35.2857,7,0,0
8081,27.6389,5,0,0
8080,35.2857,7,0,0
8079,27.6389,5,0,0
8078,35.2857,7,0,0
8077,35.2857,7,0,0
8076,27.6389,5,0,0
8075,35.2857,7,0,0
8074,35.2857,7,0,0
8073,27.6389,5,0,0
8072,35.2857,7,0,0
8071,27.6389,5,0,0
8070,35.2857,7,0,0
8069,27.6389,5,0,0
8068,35.2857,7,0,0
8067,35.2857,7,0,0
8066,27.6389,5,0,0
8065,35.2857,7,0,0
8064,27.6389,5,0,0
8063,35.2857,7,0,0
8062,27.6389,5,0,0
8061,35.2857,7,0,0
8060,27.6389,5,0,0
8059,35.2857,7,0,0
8058,27.6389,5,0,0
8057,35.2857,7,0,0
8056,27.6389,5,0,0
8055,35.2857,7,0,0
8054,27.6389,5,0,0
8053,35.2857,7,0,0
8052,27.6389,5,0,0
8051,35.2857,7,0,0
8050,27.6389,5,0,0
8049,27.6389,5,0,0
8048,35.2857,7,0,0
8047,27.6389,5,0,0
8046,27.6389,5,0,0
8045,35.2857,7,0,0
8044,27.6389,5,0,0
8043,27.6389,5,0,0
8042,35.2857,7,0,0
8041,27.6389,5,0,0
8040,35.2857,7,0,0
8039,27.6389,5,0,0
8038,27.6389,5,0,0
8037,27.6389,5,0,0
8036,35.2857,7,0,0
8035,27.6389,5,0,0
8034,27.6389,5,0,0
8033,27.6389,5,0,0
8032,27.6389,5,0,0
8031,27.6389,5,0,0
8030,27.6389,5,0,0
8029,35.2857,7,0,0
8028,27.6389,5,0,0
8027,27.6389,5,0,0
8026,35.2857,7,0,0
8025,27.6389,5,0,0
8024,35.2857,7,0,0
8023,35.2857,7,0,0
8022,27.6389,5,0,0
8021,35.2857,7,0,0
8020,27.6389,5,0,0
8019,35.2857,7,0,0
8018,27.6389,5,0,0
8017,35.2857,7,0,0
8016,35.2857,7,0,0
8015,35.2857,7,0,0
8014,27.6389,5,0,0
8013,35.2857,7,0,0
8012,35.2857,7,0,0
8011,35.2857,7,0,0
8010,27.6389,5,0,0
8009,35.2857,7,0,0
8008,35.2857,7,0,0
8007,35.2857,7,0,0
8006,27.6389,5,0,0
8005,27.6389,5,0,0
8004,35.2857,7,0,0
8003,27.6389,5,0,0
8002,27.6389,5,0,0
8001,35.2857,7,0,0
8000,35.2857,7,0,0
7999,27.6389,5,0,0
7998,35.2857,7,0,0
7997,35.2857,7,0,0
7996,27.6389,5,0,0
7995,35.2857,7,0,0
7994,27.6389,5,0,0
7993,35.2857,7,0,0
7992,27.6389,5,0,0
7991,27.6389,5,0,0
7990,35.2857,7,0,0
7989,27.6389,5,0,0
7988,35.2857,7,0,0
7987,27.6389,5,0,0
7986,35.2857,7,0,0
7985,35.2857,7,0,0
7984,35.2857,7,0,0
7983,27.6389,5,0,0
7982,35.2857,7,0,0
7981,27.6389,5,0,0
7980,35.2857,7,0,0
7979,35.2857,7,0,0
7978,35.2857,7,0,0
7977,27.6389,5,0,0
7976,35.2857,7,0,0
7975,27.6389,5,0,0
7974,35.2857,7,0,0
7973,27.6389,5,0,0
7972,27.6389,5,0,0
7971,35.2857,7,0,0
7970,35.2857,7,0,0
7969,27.6389,5,0,0
7968,27.6389,5,0,0
7967,27.6389,5,0,0
7966,35.2857,7,0,0
7965,27.6389,5,0,0
7964,27.6389,5,0,0
7963,27.6389,5,0,0
7962,27.6389,5,0,0
7961,35.2857,7,0,0
7960,35.2857,7,0,0
7959,27.6389,5,0,0
7958,27.6389,5,0,0
7957,35.2857,7,0,0
7956,27.6389,5,0,0
7955,35.2857,7,0,0
7954,35.2857,7,0,0
7953,35.2857,7,0,0
7952,27.6389,5,0,0
7951,35.2857,7,0,0
7950,35.2857,7,0,0
7949,35.2857,7,0,0
7948,27.6389,5,0,0
7947,35.2857,7,0,0
7946,35.2857,7,0,0
7945,27.6389,5,0,0
7944,27.6389,5,0,0
7943,27.6389,5,0,0
7942,27.6389,5,0,0
7941,27.6389,5,0,0
7940,27.6389,5,0,0
7939,27.6389,5,0,0
7938,27.6389,5,0,0
7937,27.6389,5,0,0
7936,27.6389,5,0,0
7935,27.6389,5,0,0
7934,29.913,5,0,0
7933,29.913,5,0,0
7932,29.913,5,0,0
7931,147,58,0,0
7930,147,58,0,0
7929,29.913,5,0,0
7928,147,58,0,0
7927,29.913,5,0,0
7926,29.913,5,0,0
7925,147,58,0,0
7924,147,58,0,0
7923,29.913,5,0,0
7922,147,58,0,0
7921,29.913,5,0,0
7920,147,58,0,0
7919,147,58,0,0
7918,147,58,0,0
7917,29.913,5,0,0
7916,147,58,0,0
7915,147,58,0,0
7914,147,58,0,0
7913,29.913,5,0,0
7912,147,58,0,0
7911,147,58,0,0
7910,29.913,5,0,0
7909,29.913,5,0,0
7908,147,58,0,0
7907,29.913,5,0,0
7906,147,58,0,0
7905,147,58,0,0
7904,29.913,5,0,0
7903,147,58,0,0
7902,29.913,5,0,0
7901,147,58,0,0
7900,29.913,5,0,0
7899,147,58,0,0
7898,29.913,5,0,0
7897,29.913,5,0,0
7896,29.913,5,0,0
7895,29.913,5,0,0
7894,29.913,5,0,0
7893,29.913,5,0,0
7892,29.913,5,0,0
7891,29.913,5,0,0
7890,29.913,5,0,0
7889,82.75,16,0,0
7888,82.75,16,0,0
7887,82.75,16,0,0
7886,110.111,44,0,0
7885,110.111,44,0,0
7884,110.111,44,0,0
7883,82.75,16,0,0
7882,110.111,44,0,0
7881,110.111,44,0,0
7880,82.75,16,0,0
7879,110.111,44,0,0
7878,82.75,16,0,0
7877,82.75,16,0,0
7876,110.111,44,0,0
7875,110.111,44,0,0
7874,110.111,44,0,0
7873,110.111,44,0,0
7872,82.75,16,0,0
7871,110.111,44,0,0
7870,82.75,16,0,0
7869,110.111,44,0,0
7868,110.111,44,0,0
7867,82.75,16,0,0
7866,110.111,44,0,0
7865,82.75,16,0,0
7864,110.111,44,0,0
7863,82.75,16,0,0
7862,110.111,44,0,0
7861,82.75,16,0,0
7860,110.111,44,0,0
7859,82.75,16,0,0
7858,82.75,16,0,0
7857,110.111,44,0,0
7856,82.75,16,0,0
7855,110.111,44,0,0
7854,110.111,44,0,0
7853,82.75,16,0,0
7852,110.111,44,0,0
7851,82.75,16,0,0
7850,110.111,44,0,0
7849,82.75,16,0,0
7848,110.111,44,0,0
7847,82.75,16,0,0
7846,82.75,16,0,0
7845,110.111,44,0,0
7844,82.75,16,0,0
7843,110.111,44,0,0
7842,110.111,44,0,0
7841,82.75,16,0,0
7840,110.111,44,0,0
7839,82.75,16,0,0
7838,110.111,44,0,0
7837,82.75,16,0,0
7836,110.111,44,0,0
7835,82.75,16,0,0
7834,110.111,44,0,0
7833,82.75,16,0,0
7832,110.111,44,0,0
7831,82.75,16,0,0
7830,110.111,44,0,0
7829,82.75,16,0,0
7828,82.75,16,0,0
7827,110.111,44,0,0
7826,110.111,44,0,0
7825,110.111,44,0,0
7824,110.111,44,0,0
7823,82.75,16,0,0
7822,82.75,16,0,0
7821,110.111,44,0,0
7820,110.111,44,0,0
7819,82.75,16,0,0
7818,110.111,44,0,0
7817,110.111,44,0,0
7816,82.75,16,0,0
7815,82.75,16,0,0
7814,110.111,44,0,0
7813,30.4643,6,0,0
7812,30.7,6,0,0
7811,30.4643,6,0,0
7810,30.7,6,0,0
7809,30.4643,6,0,0
7808,30.7,6,0,0
7807,30.4643,6,0,0
7806,30.7,6,0,0
7805,30.4643,6,0,0
7804,30.7,6,0,0
7803,30.4643,6,0,0
7802,30.7,6,0,0
7801,30.4643,6,0,0
7800,30.7,6,0,0
7799,30.7,6,0,0
7798,30.7,6,0,0
7797,30.4643,6,0,0
7796,30.7,6,0,0
7795,30.4643,6,0,0
7794,30.7,6,0,0
7793,30.4643,6,0,0
7792,30.7,6,0,0
7791,30.4643,6,0,0
7790,30.7,6,0,0
7789,30.4643,6,0,0
7788,30.7,6,0,0
7787,30.4643,6,0,0
7786,30.4643,6,0,0
7785,30.7,6,0,0
7784,30.7,6,0,0
7783,30.7,6,0,0
7782,30.4643,6,0,0
7781,30.4643,6,0,0
7780,30.7,6,0,0
7779,30.4643,6,0,0
7778,30.7,6,0,0
7777,30.4643,6,0,0
7776,30.4643,6,0,0
7775,30.7,6,0,0
7774,30.4643,6,0,0
7773,30.7,6,0,0
7772,30.4643,6,0,0
7771,30.7,6,0,0
7770,30.4643,6,0,0
7769,30.7,6,0,0
7768,30.4643,6,0,0
7767,30.7,6,0,0
7766,30.4643,6,0,0
7765,30.4643,6,0,0
7764,30.4643,6,0,0
7763,30.7,6,0,0
7762,30.4643,6,0,0
7761,30.7,6,0,0
7760,30.7,6,0,0
7759,30.4643,6,0,0
7758,30.4643,6,0,0
7757,30.7,6,0,0
7756,30.7,6,0,0
7755,30.4643,6,0,0
7754,30.7,6,0,0
7753,30.4643,6,0,0
7752,30.7,6,0,0
7751,30.7,6,0,0
7750,30.4643,6,0,0
7749,30.4643,6,0,0
7748,30.7,6,0,0
7747,30.4643,6,0,0
7746,30.7,6,0,0
7745,30.4643,6,0,0
7744,30.7,6,0,0
7743,30.7,6,0,0
7742,30.4643,6,0,0
7741,30.4643,6,0,0
7740,30.7,6,0,0
7739,30.4643,6,0,0
7738,30.4643,6,0,0
7737,30.7,6,0,0
7736,30.7,6,0,0
7735,30.4643,6,0,0
7734,30.7,6,0,0
7733,30.4643,6,0,0
7732,30.4643,6,0,0
7731,30.7,6,0,0
7730,30.4643,6,0,0
7729,30.7,6,0,0
7728,30.4643,6,0,0
7727,30.7,6,0,0
7726,30.4643,6,0,0
7725,30.7,6,0,0
7724,30.4643,6,0,0
7723,30.7,6,0,0
7722,30.4643,6,0,0
7721,30.7,6,0,0
7720,30.7,6,0,0
7719,30.4643,6,0,0
7718,30.7,6,0,0
7717,30.4643,6,0,0
7716,30.7,6,0,0
7715,30.4643,6,0,0
7714,30.7,6,0,0
7713,30.7,6,0,0
7712,30.4643,6,0,0
7711,30.7,6,0,0
7710,30.7,6,0,0
7709,30.4643,6,0,0
7708,30.4643,6,0,0
7707,30.7,6,0,0
7706,30.7,6,0,0
7705,30.4643,6,0,0
7704,30.4643,6,0,0
7703,30.7,6,0,0
7702,30.4643,6,0,0
7701,30.4643,6,0,0
7700,30.4643,6,0,0
7699,30.7,6,0,0
7698,30.4643,6,0,0
7697,30.7,6,0,0
7696,30.4643,6,0,0
7695,30.7,6,0,0
7694,30.4643,6,0,0
7693,30.4643,6,0,0
7692,30.7,6,0,0
7691,30.7,6,0,0
7690,30.7,6,0,0
7689,30.4643,6,0,0
7688,30.7,6,0,0
7687,30.4643,6,0,0
7686,30.7,6,0,0
7685,30.4643,6,0,0
7684,30.7,6,0,0
7683,30.4643,6,0,0
7682,30.7,6,0,0
7681,30.7,6,0,0
7680,30.7,6,0,0
7679,30.4643,6,0,0
7678,30.7,6,0,0
7677,30.4643,6,0,0
7676,30.7,6,0,0
7675,30.4643,6,0,0
7674,30.7,6,0,0
7673,30.4643,6,0,0
7672,30.7,6,0,0
7671,30.7,6,0,0
7670,30.4643,6,0,0
7669,30.7,6,0,0
7668,30.4643,6,0,0
7667,30.7,6,0,0
7666,30.7,6,0,0
7665,30.4643,6,0,0
7664,30.4643,6,0,0
7663,30.7,6,0,0
7662,30.4643,6,0,0
7661,30.7,6,0,0
7660,30.7,6,0,0
7659,30.4643,6,0,0
7658,30.4643,6,0,0
7657,30.7,6,0,0
7656,30.7,6,0,0
7655,30.4643,6,0,0
7654,30.4643,6,0,0
7653,30.4643,6,0,0
7652,30.7,6,0,0
7651,30.4643,6,0,0
7650,30.7,6,0,0
7649,30.4643,6,0,0
7648,30.4643,6,0,0
7647,30.7,6,0,0
7646,30.4643,6,0,0
7645,30.7,6,0,0
7644,30.4643,6,0,0
7643,30.4643,6,0,0
7642,30.4643,6,0,0
7641,30.7,6,0,0
7640,30.4643,6,0,0
7639,30.7,6,0,0
7638,30.4643,6,0,0
7637,30.7,6,0,0
7636,30.7,6,0,0
7635,30.4643,6,0,0
7634,30.4643,6,0,0
7633,30.7,6,0,0
7632,30.4643,6,0,0
7631,30.7,6,0,0
7630,30.4643,6,0,0
7629,30.7,6,0,0
7628,30.7,6,0,0
7627,30.4643,6,0,0
7626,30.7,6,0,0
7625,30.4643,6,0,0
7624,30.4643,6,0,0
7623,30.7,6,0,0
7622,30.7,6,0,0
7621,30.4643,6,0,0
7620,30.7,6,0,0
7619,30.4643,6,0,0
7618,30.4643,6,0,0
7617,30.7,6,0,0
7616,30.7,6,0,0
7615,30.7,6,0,0
7614,30.4643,6,0,0
7613,30.7,6,0,0
7612,30.7,6,0,0
7611,30.4643,6,0,0
7610,30.7,6,0,0
7609,30.7,6,0,0
7608,30.7,6,0,0
7607,30.4643,6,0,0
7606,30.4643,6,0,0
7605,30.7,6,0,0
7604,30.4643,6,0,0
7603,30.4643,6,0,0
7602,30.7,6,0,0
7601,30.4643,6,0,0
7600,30.4643,6,0,0
7599,30.7,6,0,0
7598,30.4643,6,0,0
7597,30.4643,6,0,0
7596,30.7,6,0,0
7595,30.4643,6,0,0
7594,30.7,6,0,0
7593,30.4643,6,0,0
7592,30.4643,6,0,0
7591,30.7,6,0,0
7590,30.4643,6,0,0
7589,30.7,6,0,0
7588,30.4643,6,0,0
7587,30.4643,6,0,0
7586,30.4643,6,0,0
7585,30.7,6,0,0
7584,30.7,6,0,0
7583,30.7,6,0,0
7582,30.4643,6,0,0
7581,30.7,6,0,0
7580,30.7,6,0,0
7579,30.4643,6,0,0
7578,30.7,6,0,0
7577,30.4643,6,0,0
7576,30.7,6,0,0
7575,30.4643,6,0,0
7574,30.4643,6,0,0
7573,30.7,6,0,0
7572,30.4643,6,0,0
7571,30.7,6,0,0
7570,30.7,6,0,0
7569,30.4643,6,0,0
7568,30.7,6,0,0
7567,30.7,6,0,0
7566,30.4643,6,0,0
7565,30.7,6,0,0
7564,30.4643,6,0,0
7563,30.7,6,0,0
7562,30.7,6,0,0
7561,30.7,6,0,0
7560,30.4643,6,0,0
7559,30.7,6,0,0
7558,30.7,6,0,0
7557,30.4643,6,0,0
7556,30.7,6,0,0
7555,30.4643,6,0,0
7554,30.7,6,0,0
7553,30.4643,6,0,0
7552,30.7,6,0,0
7551,30.4643,6,0,0
7550,30.7,6,0,0
7549,30.4643,6,0,0
7548,30.7,6,0,0
7547,30.7,6,0,0
7546,30.4643,6,0,0
7545,30.7,6,0,0
7544,30.7,6,0,0
7543,30.4643,6,0,0
7542,30.7,6,0,0
7541,30.4643,6,0,0
7540,30.7,6,0,0
7539,30.7,6,0,0
7538,30.4643,6,0,0
7537,30.7,6,0,0
7536,30.4643,6,0,0
7535,30.7,6,0,0
7534,30.4643,6,0,0
7533,30.4643,6,0,0
7532,30.7,6,0,0
7531,30.4643,6,0,0
7530,30.4643,6,0,0
7529,30.4643,6,0,0
7528,30.4643,6,0,0
7527,30.7,6,0,0
7526,30.4643,6,0,0
7525,30.7,6,0,0
7524,30.4643,6,0,0
7523,30.4643,6,0,0
7522,30.4643,6,0,0
7521,30.7,6,0,0
7520,30.4643,6,0,0
7519,30.7,6,0,0
7518,30.4643,6,0,0
7517,30.7,6,0,0
7516,30.4643,6,0,0
7515,30.7,6,0,0
7514,30.4643,6,0,0
7513,30.7,6,0,0
7512,30.4643,6,0,0
7511,30.4643,6,0,0
7510,30.7,6,0,0
7509,30.7,6,0,0
7508,30.7,6,0,0
7507,30.7,6,0,0
7506,30.7,6,0,0
7505,30.4643,6,0,0
7504,30.7,6,0,0
7503,30.4643,6,0,0
7502,30.7,6,0,0
7501,30.4643,6,0,0
7500,30.4643,6,0,0
7499,30.7,6,0,0
7498,30.4643,6,0,0
7497,30.7,6,0,0
7496,30.4643,6,0,0
7495,30.7,6,0,0
7494,30.4643,6,0,0
7493,30.7,6,0,0
7492,30.4643,6,0,0
7491,30.7,6,0,0
7490,30.4643,6,0,0
7489,30.7,6,0,0
7488,30.7,6,0,0
7487,30.4643,6,0,0
7486,30.4643,6,0,0
7485,30.7,6,0,0
7484,30.4643,6,0,0
7483,30.7,6,0,0
7482,30.7,6,0,0
7481,30.4643,6,0,0
7480,30.7,6,0,0
7479,30.7,6,0,0
7478,30.4643,6,0,0
7477,30.7,6,0,0
7476,30.7,6,0,0
7475,30.4643,6,0,0
7474,30.4643,6,0,0
7473,30.7,6,0,0
7472,30.4643,6,0,0
7471,30.4643,6,0,0
7470,30.7,6,0,0
7469,30.4643,6,0,0
7468,30.7,6,0,0
7467,30.4643,6,0,0
7466,30.4643,6,0,0
7465,30.7,6,0,0
7464,30.4643,6,0,0
7463,30.7,6,0,0
7462,30.4643,6,0,0
7461,30.4643,6,0,0
7460,30.7,6,0,0
7459,30.7,6,0,0
7458,30.4643,6,0,0
7457,30.7,6,0,0
7456,30.7,6,0,0
7455,30.4643,6,0,0
7454,30.7,6,0,0
7453,30.7,6,0,0
7452,30.7,6,0,0
7451,30.4643,6,0,0
7450,30.7,6,0,0
7449,30.7,6,0,0
7448,30.4643,6,0,0
7447,30.4643,6,0,0
7446,30.7,6,0,0
7445,30.4643,6,0,0
7444,30.7,6,0,0
7443,30.4643,6,0,0
7442,30.7,6,0,0
7441,30.7,6,0,0
7440,30.7,6,0,0
7439,30.4643,6,0,0
7438,30.7,6,0,0
7437,30.4643,6,0,0
7436,30.7,6,0,0
7435,30.4643,6,0,0
7434,30.7,6,0,0
7433,30.4643,6,0,0
7432,30.7,6,0,0
7431,30.4643,6,0,0
7430,30.7,6,0,0
7429,30.7,6,0,0
7428,30.4643,6,0,0
7427,30.7,6,0,0
7426,30.4643,6,0,0
7425,30.7,6,0,0
7424,30.4643,6,0,0
7423,30.7,6,0,0
7422,30.4643,6,0,0
7421,30.7,6,0,0
7420,30.4643,6,0,0
7419,30.4643,6,0,0
7418,30.7,6,0,0
7417,30.4643,6,0,0
7416,30.7,6,0,0
7415,30.4643,6,0,0
7414,30.4643,6,0,0
7413,30.7,6,0,0
7412,30.7,6,0,0
7411,30.4643,6,0,0
7410,30.7,6,0,0
7409,30.4643,6,0,0
7408,30.7,6,0,0
7407,30.4643,6,0,0
7406,30.4643,6,0,0
7405,30.4643,6,0,0
7404,30.7,6,0,0
7403,30.4643,6,0,0
7402,30.4643,6,0,0
7401,30.7,6,0,0
7400,30.4643,6,0,0
7399,30.7,6,0,0
7398,30.7,6,0,0
7397,30.4643,6,0,0
7396,30.7,6,0,0
7395,30.4643,6,0,0
7394,30.7,6,0,0
7393,30.4643,6,0,0
7392,30.7,6,0,0
7391,30.4643,6,0,0
7390,30.7,6,0,0
7389,30.4643,6,0,0
7388,30.7,6,0,0
7387,30.7,6,0,0
7386,30.4643,6,0,0
7385,30.7,6,0,0
7384,30.4643,6,0,0
7383,30.7,6,0,0
7382,30.4643,6,0,0
7381,30.7,6,0,0
7380,30.4643,6,0,0
7379,30.7,6,0,0
7378,30.4643,6,0,0
7377,30.4643,6,0,0
7376,30.4643,6,0,0
7375,30.4643,6,0,0
7374,30.4643,6,0,0
7373,30.4643,6,0,0
7372,30.4643,6,0,0
7371,30.4643,6,0,0
7370,30.4643,6,0,0
7369,30.4643,6,0,0
7368,30.4643,6,0,0
7367,23.2703,4,0,0
7366,73.6923,14,0,0
7365,23.2703,4,0,0
7364,73.6923,14,0,0
7363,23.2703,4,0,0
7362,73.6923,14,0,0
7361,23.2703,4,0,0
7360,23.2703,4,0,0
7359,73.6923,14,0,0
7358,23.2703,4,0,0
7357,73.6923,14,0,0
7356,23.2703,4,0,0
7355,73.6923,14,0,0
7354,23.2703,4,0,0
7353,73.6923,14,0,0
7352,23.2703,4,0,0
7351,73.6923,14,0,0
7350,23.2703,4,0,0
7349,73.6923,14,0,0
7348,23.2703,4,0,0
7347,73.6923,14,0,0
7346,73.6923,14,0,0
7345,73.6923,14,0,0
7344,23.2703,4,0,0
7343,73.6923,14,0,0
7342,23.2703,4,0,0
7341,73.6923,14,0,0
7340,23.2703,4,0,0
7339,73.6923,14,0,0
7338,23.2703,4,0,0
7337,73.6923,14,0,0
7336,23.2703,4,0,0
7335,23.2703,4,0,0
7334,23.2703,4,0,0
7333,23.2703,4,0,0
7332,73.6923,14,0,0
7331,23.2703,4,0,0
7330,73.6923,14,0,0
7329,23.2703,4,0,0
7328,73.6923,14,0,0
7327,23.2703,4,0,0
7326,73.6923,14,0,0
7325,23.2703,4,0,0
7324,23.2703,4,0,0
7323,73.6923,14,0,0
7322,23.2703,4,0,0
7321,23.2703,4,0,0
7320,73.6923,14,0,0
7319,23.2703,4,0,0
7318,23.2703,4,0,0
7317,23.2703,4,0,0
7316,73.6923,14,0,0
7315,23.2703,4,0,0
7314,73.6923,14,0,0
7313,23.2703,4,0,0
7312,23.2703,4,0,0
7311,23.2703,4,0,0
7310,23.2703,4,0,0
7309,73.6923,14,0,0
7308,73.6923,14,0,0
7307,23.2703,4,0,0
7306,73.6923,14,0,0
7305,73.6923,14,0,0
7304,23.2703,4,0,0
7303,73.6923,14,0,0
7302,23.2703,4,0,0
7301,73.6923,14,0,0
7300,73.6923,14,0,0
7299,23.2703,4,0,0
7298,73.6923,14,0,0
7297,73.6923,14,0,0
7296,23.2703,4,0,0
7295,73.6923,14,0,0
7294,23.2703,4,0,0
7293,23.2703,4,0,0
7292,73.6923,14,0,0
7291,23.2703,4,0,0
7290,23.2703,4,0,0
7289,73.6923,14,0,0
7288,23.2703,4,0,0
7287,73.6923,14,0,0
7286,23.2703,4,0,0
7285,73.6923,14,0,0
7284,23.2703,4,0,0
7283,73.6923,14,0,0
7282,23.2703,4,0,0
7281,73.6923,14,0,0
7280,23.2703,4,0,0
7279,73.6923,14,0,0
7278,23.2703,4,0,0
7277,73.6923,14,0,0
7276,73.6923,14,0,0
7275,23.2703,4,0,0
7274,73.6923,14,0,0
7273,23.2703,4,0,0
7272,73.6923,14,0,0
7271,23.2703,4,0,0
7270,23.2703,4,0,0
7269,23.2703,4,0,0
7268,23.2703,4,0,0
7267,23.2703,4,0,0
7266,73.6923,14,0,0
7265,23.2703,4,0,0
7264,73.6923,14,0,0
7263,23.2703,4,0,0
7262,73.6923,14,0,0
7261,23.2703,4,0,0
7260,73.6923,14,0,0
7259,23.2703,4,0,0
7258,73.6923,14,0,0
7257,23.2703,4,0,0
7256,73.6923,14,0,0
7255,23.2703,4,0,0
7254,73.6923,14,0,0
7253,73.6923,14,0,0
7252,73.6923,14,0,0
7251,73.6923,14,0,0
7250,23.2703,4,0,0
7249,73.6923,14,0,0
7248,73.6923,14,0,0
7247,23.2703,4,0,0
7246,73.6923,14,0,0
7245,73.6923,14,0,0
7244,23.2703,4,0,0
7243,23.2703,4,0,0
7242,23.2703,4,0,0
7241,73.6923,14,0,0
7240,23.2703,4,0,0
7239,73.6923,14,0,0
7238,73.6923,14,0,0
7237,23.2703,4,0,0
7236,73.6923,14,0,0
7235,23.2703,4,0,0
7234,23.2703,4,0,0
7233,23.2703,4,0,0
7232,73.6923,14,0,0
7231,23.2703,4,0,0
7230,23.2703,4,0,0
7229,73.6923,14,0,0
7228,73.6923,14,0,0
7227,23.2703,4,0,0
7226,73.6923,14,0,0
7225,23.2703,4,0,0
7224,73.6923,14,0,0
7223,73.6923,14,0,0
7222,23.2703,4,0,0
7221,23.2703,4,0,0
7220,23.2703,4,0,0
7219,73.6923,14,0,0
7218,23.2703,4,0,0
7217,73.6923,14,0,0
7216,23.2703,4,0,0
7215,23.2703,4,0,0
7214,73.6923,14,0,0
7213,23.2703,4,0,0
7212,23.2703,4,0,0
7211,73.6923,14,0,0
7210,73.6923,14,0,0
7209,23.2703,4,0,0
7208,23.2703,4,0,0
7207,73.6923,14,0,0
7206,23.2703,4,0,0
7205,73.6923,14,0,0
7204,23.2703,4,0,0
7203,73.6923,14,0,0
7202,23.2703,4,0,0
7201,23.2703,4,0,0
7200,73.6923,14,0,0
7199,23.2703,4,0,0
7198,73.6923,14,0,0
7197,23.2703,4,0,0
7196,23.2703,4,0,0
7195,73.6923,14,0,0
7194,73.6923,14,0,0
7193,73.6923,14,0,0
7192,23.2703,4,0,0
7191,73.6923,14,0,0
7190,23.2703,4,0,0
7189,73.6923,14,0,0
7188,23.2703,4,0,0
7187,23.2703,4,0,0
7186,73.6923,14,0,0
7185,23.2703,4,0,0
7184,73.6923,14,0,0
7183,23.2703,4,0,0
7182,73.6923,14,0,0
7181,73.6923,14,0,0
7180,73.6923,14,0,0
7179,23.2703,4,0,0
7178,73.6923,14,0,0
7177,23.2703,4,0,0
7176,73.6923,14,0,0
7175,23.2703,4,0,0
7174,23.2703,4,0,0
7173,23.2703,4,0,0
7172,23.2703,4,0,0
7171,73.6923,14,0,0
7170,23.2703,4,0,0
7169,73.6923,14,0,0
7168,73.6923,14,0,0
7167,23.2703,4,0,0
7166,73.6923,14,0,0
7165,23.2703,4,0,0
7164,73.6923,14,0,0
7163,73.6923,14,0,0
7162,23.2703,4,0,0
7161,23.2703,4,0,0
7160,23.2703,4,0,0
7159,73.6923,14,0,0
7158,23.2703,4,0,0
7157,73.6923,14,0,0
7156,73.6923,14,0,0
7155,23.2703,4,0,0
7154,73.6923,14,0,0
7153,73.6923,14,0,0
7152,23.2703,4,0,0
7151,23.2703,4,0,0
7150,23.2703,4,0,0
7149,23.2703,4,0,0
7148,73.6923,14,0,0
7147,23.2703,4,0,0
7146,23.2703,4,0,0
7145,73.6923,14,0,0
7144,73.6923,14,0,0
7143,23.2703,4,0,0
7142,23.2703,4,0,0
7141,73.6923,14,0,0
7140,23.2703,4,0,0
7139,23.2703,4,0,0
7138,73.6923,14,0,0
7137,23.2703,4,0,0
7136,23.2703,4,0,0
7135,23.2703,4,0,0
7134,73.6923,14,0,0
7133,73.6923,14,0,0
7132,73.6923,14,0,0
7131,73.6923,14,0,0
7130,73.6923,14,0,0
7129,23.2703,4,0,0
7128,73.6923,14,0,0
7127,23.2703,4,0,0
7126,73.6923,14,0,0
7125,23.2703,4,0,0
7124,73.6923,14,0,0
7123,23.2703,4,0,0
7122,23.2703,4,0,0
7121,73.6923,14,0,0
7120,23.2703,4,0,0
7119,73.6923,14,0,0
7118,73.6923,14,0,0
7117,73.6923,14,0,0
7116,23.2703,4,0,0
7115,73.6923,14,0,0
7114,23.2703,4,0,0
7113,73.6923,14,0,0
7112,23.2703,4,0,0
7111,23.2703,4,0,0
7110,73.6923,14,0,0
7109,73.6923,14,0,0
7108,73.6923,14,0,0
7107,23.2703,4,0,0
7106,73.6923,14,0,0
7105,23.2703,4,0,0
7104,73.6923,14,0,0
7103,23.2703,4,0,0
7102,73.6923,14,0,0
7101,23.2703,4,0,0
7100,23.2703,4,0,0
7099,23.2703,4,0,0
7098,73.6923,14,0,0
7097,23.2703,4,0,0
7096,73.6923,14,0,0
7095,73.6923,14,0,0
7094,73.6923,14,0,0
7093,23.2703,4,0,0
7092,73.6923,14,0,0
7091,73.6923,14,0,0
7090,73.6923,14,0,0
7089,23.2703,4,0,0
7088,73.6923,14,0,0
7087,23.2703,4,0,0
7086,23.2703,4,0,0
7085,23.2703,4,0,0
7084,23.2703,4,0,0
7083,73.6923,14,0,0
7082,23.2703,4,0,0
7081,73.6923,14,0,0
7080,73.6923,14,0,0
7079,23.2703,4,0,0
7078,73.6923,14,0,0
7077,23.2703,4,0,0
7076,23.2703,4,0,0
7075,73.6923,14,0,0
7074,23.2703,4,0,0
7073,73.6923,14,0,0
7072,23.2703,4,0,0
7071,23.2703,4,0,0
7070,73.6923,14,0,0
7069,23.2703,4,0,0
7068,23.2703,4,0,0
7067,73.6923,14,0,0
7066,23.2703,4,0,0
7065,73.6923,14,0,0
7064,73.6923,14,0,0
7063,23.2703,4,0,0
7062,73.6923,14,0,0
7061,73.6923,14,0,0
7060,23.2703,4,0,0
7059,73.6923,14,0,0
7058,23.2703,4,0,0
7057,73.6923,14,0,0
7056,23.2703,4,0,0
7055,73.6923,14,0,0
7054,23.2703,4,0,0
7053,73.6923,14,0,0
7052,73.6923,14,0,0
7051,23.2703,4,0,0
7050,73.6923,14,0,0
7049,23.2703,4,0,0
7048,73.6923,14,0,0
7047,23.2703,4,0,0
7046,73.6923,14,0,0
7045,23.2703,4,0,0
7044,73.6923,14,0,0
7043,23.2703,4,0,0
7042,73.6923,14,0,0
7041,23.2703,4,0,0
7040,23.2703,4,0,0
7039,73.6923,14,0,0
7038,23.2703,4,0,0
7037,23.2703,4,0,0
7036,73.6923,14,0,0
7035,23.2703,4,0,0
7034,73.6923,14,0,0
7033,23.2703,4,0,0
7032,73.6923,14,0,0
7031,23.2703,4,0,0
7030,73.6923,14,0,0
7029,23.2703,4,0,0
7028,73.6923,14,0,0
7027,23.2703,4,0,0
7026,73.6923,14,0,0
7025,23.2703,4,0,0
7024,73.6923,14,0,0
7023,23.2703,4,0,0
7022,73.6923,14,0,0
7021,23.2703,4,0,0
7020,73.6923,14,0,0
7019,73.6923,14,0,0
7018,73.6923,14,0,0
7017,23.2703,4,0,0
7016,73.6923,14,0,0
7015,23.2703,4,0,0
7014,73.6923,14,0,0
7013,23.2703,4,0,0
7012,73.6923,14,0,0
7011,23.2703,4,0,0
7010,73.6923,14,0,0
7009,23.2703,4,0,0
7008,23.2703,4,0,0
7007,73.6923,14,0,0
7006,23.2703,4,0,0
7005,73.6923,14,0,0
7004,23.2703,4,0,0
7003,73.6923,14,0,0
7002,23.2703,4,0,0
7001,23.2703,4,0,0
7000,73.6923,14,0,0
6999,23.2703,4,0,0
6998,73.6923,14,0,0
6997,23.2703,4,0,0
6996,73.6923,14,0,0
6995,73.6923,14,0,0
6994,23.2703,4,0,0
6993,23.2703,4,0,0
6992,23.2703,4,0,0
6991,23.2703,4,0,0
6990,73.6923,14,0,0
6989,73.6923,14,0,0
6988,73.6923,14,0,0
6987,73.6923,14,0,0
6986,83.6364,16,0,0
6985,83.6364,16,0,0
6984,32.2963,6,0,0
6983,83.6364,16,0,0
6982,32.2963,6,0,0
6981,83.6364,16,0,0
6980,83.6364,16,0,0
6979,83.6364,16,0,0
6978,32.2963,6,0,0
6977,32.2963,6,0,0
6976,83.6364,16,0,0
6975,32.2963,6,0,0
6974,32.2963,6,0,0
6973,83.6364,16,0,0
6972,32.2963,6,0,0
6971,32.2963,6,0,0
6970,83.6364,16,0,0
6969,32.2963,6,0,0
6968,83.6364,16,0,0
6967,32.2963,6,0,0
6966,32.2963,6,0,0
6965,83.6364,16,0,0
6964,83.6364,16,0,0
6963,32.2963,6,0,0
6962,83.6364,16,0,0
6961,83.6364,16,0,0
6960,32.2963,6,0,0
6959,83.6364,16,0,0
6958,32.2963,6,0,0
6957,83.6364,16,0,0
6956,32.2963,6,0,0
6955,32.2963,6,0,0
6954,83.6364,16,0,0
6953,32.2963,6,0,0
6952,83.6364,16,0,0
6951,32.2963,6,0,0
6950,83.6364,16,0,0
6949,32.2963,6,0,0
6948,83.6364,16,0,0
6947,32.2963,6,0,0
6946,83.6364,16,0,0
6945,83.6364,16,0,0
6944,32.2963,6,0,0
6943,32.2963,6,0,0
6942,83.6364,16,0,0
6941,32.2963,6,0,0
6940,32.2963,6,0,0
6939,83.6364,16,0,0
6938,32.2963,6,0,0
6937,32.2963,6,0,0
6936,83.6364,16,0,0
6935,32.2963,6,0,0
6934,83.6364,16,0,0
6933,32.2963,6,0,0
6932,83.6364,16,0,0
6931,83.6364,16,0,0
6930,32.2963,6,0,0
6929,83.6364,16,0,0
6928,32.2963,6,0,0
6927,83.6364,16,0,0
6926,83.6364,16,0,0
6925,83.6364,16,0,0
6924,32.2963,6,0,0
6923,32.2963,6,0,0
6922,32.2963,6,0,0
6921,83.6364,16,0,0
6920,32.2963,6,0,0
6919,32.2963,6,0,0
6918,83.6364,16,0,0
6917,32.2963,6,0,0
6916,83.6364,16,0,0
6915,83.6364,16,0,0
6914,32.2963,6,0,0
6913,32.2963,6,0,0
6912,83.6364,16,0,0
6911,83.6364,16,0,0
6910,32.2963,6,0,0
6909,83.6364,16,0,0
6908,83.6364,16,0,0
6907,32.2963,6,0,0
6906,83.6364,16,0,0
6905,32.2963,6,0,0
6904,32.2963,6,0,0
6903,83.6364,16,0,0
6902,32.2963,6,0,0
6901,32.2963,6,0,0
6900,32.2963,6,0,0
6899,83.6364,16,0,0
6898,32.2963,6,0,0
6897,83.6364,16,0,0
6896,32.2963,6,0,0
6895,83.6364,16,0,0
6894,32.2963,6,0,0
6893,32.2963,6,0,0
6892,83.6364,16,0,0
6891,32.2963,6,0,0
6890,83.6364,16,0,0
6889,32.2963,6,0,0
6888,83.6364,16,0,0
6887,32.2963,6,0,0
6886,83.6364,16,0,0
6885,32.2963,6,0,0
6884,83.6364,16,0,0
6883,83.6364,16,0,0
6882,32.2963,6,0,0
6881,83.6364,16,0,0
6880,32.2963,6,0,0
6879,83.6364,16,0,0
6878,32.2963,6,0,0
6877,83.6364,16,0,0
6876,83.6364,16,0,0
6875,83.6364,16,0,0
6874,32.2963,6,0,0
6873,83.6364,16,0,0
6872,32.2963,6,0,0
6871,83.6364,16,0,0
6870,83.6364,16,0,0
6869,32.2963,6,0,0
6868,32.2963,6,0,0
6867,83.6364,16,0,0
6866,32.2963,6,0,0
6865,32.2963,6,0,0
6864,83.6364,16,0,0
6863,32.2963,6,0,0
6862,83.6364,16,0,0
6861,32.2963,6,0,0
6860,83.6364,16,0,0
6859,32.2963,6,0,0
6858,32.2963,6,0,0
6857,83.6364,16,0,0
6856,83.6364,16,0,0
6855,32.2963,6,0,0
6854,32.2963,6,0,0
6853,32.2963,6,0,0
6852,83.6364,16,0,0
6851,32.2963,6,0,0
6850,32.2963,6,0,0
6849,32.2963,6,0,0
6848,32.2963,6,0,0
6847,32.2963,6,0,0
6846,83.6364,16,0,0
6845,32.2963,6,0,0
6844,32.2963,6,0,0
6843,83.6364,16,0,0
6842,83.6364,16,0,0
6841,32.2963,6,0,0
6840,83.6364,16,0,0
6839,83.6364,16,0,0
6838,32.2963,6,0,0
6837,32.2963,6,0,0
6836,83.6364,16,0,0
6835,32.2963,6,0,0
6834,83.6364,16,0,0
6833,32.2963,6,0,0
6832,83.6364,16,0,0
6831,32.2963,6,0,0
6830,83.6364,16,0,0
6829,83.6364,16,0,0
6828,32.2963,6,0,0
6827,32.2963,6,0,0
6826,32.2963,6,0,0
6825,83.6364,16,0,0
6824,83.6364,16,0,0
6823,83.6364,16,0,0
6822,83.6364,16,0,0
6821,83.6364,16,0,0
6820,32.2963,6,0,0
6819,83.6364,16,0,0
6818,32.2963,6,0,0
6817,32.2963,6,0,0
6816,32.2963,6,0,0
6815,83.6364,16,0,0
6814,32.2963,6,0,0
6813,83.6364,16,0,0
6812,83.6364,16,0,0
6811,32.2963,6,0,0
6810,32.2963,6,0,0
6809,83.6364,16,0,0
6808,32.2963,6,0,0
6807,32.2963,6,0,0
6806,83.6364,16,0,0
6805,32.2963,6,0,0
6804,32.2963,6,0,0
6803,32.2963,6,0,0
6802,83.6364,16,0,0
6801,83.6364,16,0,0
6800,32.2963,6,0,0
6799,83.6364,16,0,0
6798,83.6364,16,0,0
6797,83.6364,16,0,0
6796,83.6364,16,0,0
6795,32.6667,6,0,0
6794,21.8966,4,0,0
6793,32.6667,6,0,0
6792,32.6667,6,0,0
6791,32.6667,6,0,0
6790,21.8966,4,0,0
6789,21.8966,4,0,0
6788,32.6667,6,0,0
6787,21.8966,4,0,0
6786,21.8966,4,0,0
6785,32.6667,6,0,0
6784,21.8966,4,0,0
6783,32.6667,6,0,0
6782,21.8966,4,0,0
6781,32.6667,6,0,0
6780,21.8966,4,0,0
6779,32.6667,6,0,0
6778,21.8966,4,0,0
6777,21.8966,4,0,0
6776,32.6667,6,0,0
6775,21.8966,4,0,0
6774,32.6667,6,0,0
6773,32.6667,6,0,0
6772,21.8966,4,0,0
6771,32.6667,6,0,0
6770,21.8966,4,0,0
6769,32.6667,6,0,0
6768,32.6667,6,0,0
6767,21.8966,4,0,0
6766,32.6667,6,0,0
6765,32.6667,6,0,0
6764,32.6667,6,0,0
6763,21.8966,4,0,0
6762,32.6667,6,0,0
6761,21.8966,4,0,0
6760,21.8966,4,0,0
6759,32.6667,6,0,0
6758,32.6667,6,0,0
6757,32.6667,6,0,0
6756,21.8966,4,0,0
6755,21.8966,4,0,0
6754,32.6667,6,0,0
6753,21.8966,4,0,0
6752,32.6667,6,0,0
6751,21.8966,4,0,0
6750,21.8966,4,0,0
6749,32.6667,6,0,0
6748,21.8966,4,0,0
6747,32.6667,6,0,0
6746,21.8966,4,0,0
6745,32.6667,6,0,0
6744,21.8966,4,0,0
6743,32.6667,6,0,0
6742,21.8966,4,0,0
6741,32.6667,6,0,0
6740,21.8966,4,0,0
6739,32.6667,6,0,0
6738,32.6667,6,0,0
6737,21.8966,4,0,0
6736,32.6667,6,0,0
6735,32.6667,6,0,0
6734,21.8966,4,0,0
6733,21.8966,4,0,0
6732,21.8966,4,0,0
6731,32.6667,6,0,0
6730,32.6667,6,0,0
6729,32.6667,6,0,0
6728,21.8966,4,0,0
6727,32.6667,6,0,0
6726,21.8966,4,0,0
6725,32.6667,6,0,0
6724,21.8966,4,0,0
6723,21.8966,4,0,0
6722,21.8966,4,0,0
6721,32.6667,6,0,0
6720,32.6667,6,0,0
6719,21.8966,4,0,0
6718,32.6667,6,0,0
6717,21.8966,4,0,0
6716,21.8966,4,0,0
6715,32.6667,6,0,0
6714,21.8966,4,0,0
6713,32.6667,6,0,0
6712,32.6667,6,0,0
6711,21.8966,4,0,0
6710,32.6667,6,0,0
6709,21.8966,4,0,0
6708,32.6667,6,0,0
6707,21.8966,4,0,0
6706,21.8966,4,0,0
6705,21.8966,4,0,0
6704,21.8966,4,0,0
6703,32.6667,6,0,0
6702,21.8966,4,0,0
6701,32.6667,6,0,0
6700,21.8966,4,0,0
6699,32.6667,6,0,0
6698,32.6667,6,0,0
6697,21.8966,4,0,0
6696,21.8966,4,0,0
6695,32.6667,6,0,0
6694,32.6667,6,0,0
6693,21.8966,4,0,0
6692,21.8966,4,0,0
6691,32.6667,6,0,0
6690,32.6667,6,0,0
6689,21.8966,4,0,0
6688,32.6667,6,0,0
6687,21.8966,4,0,0
6686,32.6667,6,0,0
6685,21.8966,4,0,0
6684,21.8966,4,0,0
6683,32.6667,6,0,0
6682,21.8966,4,0,0
6681,32.6667,6,0,0
6680,21.8966,4,0,0
6679,32.6667,6,0,0
6678,21.8966,4,0,0
6677,21.8966,4,0,0
6676,32.6667,6,0,0
6675,21.8966,4,0,0
6674,32.6667,6,0,0
6673,21.8966,4,0,0
6672,21.8966,4,0,0
6671,32.6667,6,0,0
6670,32.6667,6,0,0
6669,21.8966,4,0,0
6668,21.8966,4,0,0
6667,21.8966,4,0,0
6666,32.6667,6,0,0
6665,32.6667,6,0,0
6664,21.8966,4,0,0
6663,32.6667,6,0,0
6662,21.8966,4,0,0
6661,32.6667,6,0,0
6660,21.8966,4,0,0
6659,32.6667,6,0,0
6658,21.8966,4,0,0
6657,32.6667,6,0,0
6656,21.8966,4,0,0
6655,32.6667,6,0,0
6654,21.8966,4,0,0
6653,32.6667,6,0,0
6652,21.8966,4,0,0
6651,32.6667,6,0,0
6650,21.8966,4,0,0
6649,32.6667,6,0,0
6648,21.8966,4,0,0
6647,32.6667,6,0,0
6646,21.8966,4,0,0
6645,21.8966,4,0,0
6644,21.8966,4,0,0
6643,21.8966,4,0,0
6642,32.6667,6,0,0
6641,21.8966,4,0,0
6640,32.6667,6,0,0
6639,21.8966,4,0,0
6638,32.6667,6,0,0
6637,21.8966,4,0,0
6636,32.6667,6,0,0
6635,32.6667,6,0,0
6634,32.6667,6,0,0
6633,21.8966,4,0,0
6632,32.6667,6,0,0
6631,21.8966,4,0,0
6630,32.6667,6,0,0
6629,21.8966,4,0,0
6628,32.6667,6,0,0
6627,21.8966,4,0,0
6626,32.6667,6,0,0
6625,32.6667,6,0,0
6624,32.6667,6,0,0
6623,21.8966,4,0,0
6622,21.8966,4,0,0
6621,32.6667,6,0,0
6620,32.6667,6,0,0
6619,32.6667,6,0,0
6618,21.8966,4,0,0
6617,21.8966,4,0,0
6616,32.6667,6,0,0
6615,21.8966,4,0,0
6614,32.6667,6,0,0
6613,21.8966,4,0,0
6612,32.6667,6,0,0
6611,21.8966,4,0,0
6610,32.6667,6,0,0
6609,21.8966,4,0,0
6608,32.6667,6,0,0
6607,21.8966,4,0,0
6606,21.8966,4,0,0
6605,32.6667,6,0,0
6604,21.8966,4,0,0
6603,21.8966,4,0,0
6602,21.8966,4,0,0
6601,32.6667,6,0,0
6600,21.8966,4,0,0
6599,32.6667,6,0,0
6598,21.8966,4,0,0
6597,32.6667,6,0,0
6596,32.6667,6,0,0
6595,32.6667,6,0,0
6594,32.6667,6,0,0
6593,21.8966,4,0,0
6592,32.6667,6,0,0
6591,32.6667,6,0,0
6590,32.6667,6,0,0
6589,21.8966,4,0,0
6588,32.6667,6,0,0
6587,21.8966,4,0,0
6586,32.6667,6,0,0
6585,21.8966,4,0,0
6584,32.6667,6,0,0
6583,21.8966,4,0,0
6582,32.6667,6,0,0
6581,21.8966,4,0,0
6580,32.6667,6,0,0
6579,32.6667,6,0,0
6578,21.8966,4,0,0
6577,32.6667,6,0,0
6576,32.6667,6,0,0
6575,32.6667,6,0,0
6574,21.8966,4,0,0
6573,21.8966,4,0,0
6572,32.6667,6,0,0
6571,32.6667,6,0,0
6570,21.8966,4,0,0
6569,21.8966,4,0,0
6568,21.8966,4,0,0
6567,21.8966,4,0,0
6566,32.6667,6,0,0
6565,32.6667,6,0,0
6564,21.8966,4,0,0
6563,21.8966,4,0,0
6562,21.8966,4,0,0
6561,21.8966,4,0,0
6560,32.6667,6,0,0
6559,21.8966,4,0,0
6558,32.6667,6,0,0
6557,32.6667,6,0,0
6556,21.8966,4,0,0
6555,32.6667,6,0,0
6554,21.8966,4,0,0
6553,32.6667,6,0,0
6552,32.6667,6,0,0
6551,32.6667,6,0,0
6550,21.8966,4,0,0
6549,32.6667,6,0,0
6548,32.6667,6,0,0
6547,21.8966,4,0,0
6546,32.6667,6,0,0
6545,21.8966,4,0,0
6544,32.6667,6,0,0
6543,21.8966,4,0,0
6542,32.6667,6,0,0
6541,32.6667,6,0,0
6540,21.8966,4,0,0
6539,32.6667,6,0,0
6538,32.6667,6,0,0
6537,21.8966,4,0,0
6536,32.6667,6,0,0
6535,21.8966,4,0,0
6534,21.8966,4,0,0
6533,21.8966,4,0,0
6532,32.6667,6,0,0
6531,21.8966,4,0,0
6530,21.8966,4,0,0
6529,32.6667,6,0,0
6528,21.8966,4,0,0
6527,32.6667,6,0,0
6526,32.6667,6,0,0
6525,21.8966,4,0,0
6524,21.8966,4,0,0
6523,21.8966,4,0,0
6522,32.6667,6,0,0
6521,21.8966,4,0,0
6520,32.6667,6,0,0
6519,21.8966,4,0,0
6518,32.6667,6,0,0
6517,21.8966,4,0,0
6516,21.8966,4,0,0
6515,32.6667,6,0,0
6514,21.8966,4,0,0
6513,32.6667,6,0,0
6512,21.8966,4,0,0
6511,32.6667,6,0,0
6510,21.8966,4,0,0
6509,32.6667,6,0,0
6508,21.8966,4,0,0
6507,32.6667,6,0,0
6506,21.8966,4,0,0
6505,32.6667,6,0,0
6504,21.8966,4,0,0
6503,32.6667,6,0,0
6502,32.6667,6,0,0
6501,21.8966,4,0,0
6500,21.8966,4,0,0
6499,32.6667,6,0,0
6498,32.6667,6,0,0
6497,21.8966,4,0,0
6496,32.6667,6,0,0
6495,21.8966,4,0,0
6494,32.6667,6,0,0
6493,21.8966,4,0,0
6492,32.6667,6,0,0
6491,32.6667,6,0,0
6490,21.8966,4,0,0
6489,32.6667,6,0,0
6488,32.6667,6,0,0
6487,32.6667,6,0,0
6486,21.8966,4,0,0
6485,32.6667,6,0,0
6484,32.6667,6,0,0
6483,32.6667,6,0,0
6482,21.8966,4,0,0
6481,32.6667,6,0,0
6480,21.8966,4,0,0
6479,21.8966,4,0,0
6478,21.8966,4,0,0
6477,32.6667,6,0,0
6476,21.8966,4,0,0
6475,32.6667,6,0,0
6474,32.6667,6,0,0
6473,21.8966,4,0,0
6472,32.6667,6,0,0
6471,32.6667,6,0,0
6470,21.8966,4,0,0
6469,21.8966,4,0,0
6468,21.8966,4,0,0
6467,21.8966,4,0,0
6466,21.8966,4,0,0
6465,32.6667,6,0,0
6464,21.8966,4,0,0
6463,32.6667,6,0,0
6462,32.6667,6,0,0
6461,21.8966,4,0,0
6460,32.6667,6,0,0
6459,32.6667,6,0,0
6458,21.8966,4,0,0
6457,32.6667,6,0,0
6456,21.8966,4,0,0
6455,32.6667,6,0,0
6454,32.6667,6,0,0
6453,21.8966,4,0,0
6452,32.6667,6,0,0
6451,21.8966,4,0,0
6450,32.6667,6,0,0
6449,32.6667,6,0,0
6448,21.8966,4,0,0
6447,21.8966,4,0,0
6446,21.8966,4,0,0
6445,32.6667,6,0,0
6444,21.8966,4,0,0
6443,32.6667,6,0,0
6442,21.8966,4,0,0
6441,21.8966,4,0,0
6440,32.6667,6,0,0
6439,21.8966,4,0,0
6438,21.8966,4,0,0
6437,32.6667,6,0,0
6436,21.8966,4,0,0
6435,32.6667,6,0,0
6434,21.8966,4,0,0
6433,21.8966,4,0,0
6432,21.8966,4,0,0
6431,21.8966,4,0,0
6430,32.6667,6,0,0
6429,21.8966,4,0,0
6428,21.8966,4,0,0
6427,32.6667,6,0,0
6426,32.6667,6,0,0
6425,21.8966,4,0,0
6424,21.8966,4,0,0
6423,21.8966,4,0,0
6422,21.8966,4,0,0
6421,32.6667,6,0,0
6420,21.8966,4,0,0
6419,21.8966,4,0,0
6418,32.6667,6,0,0
6417,21.8966,4,0,0
6416,32.6667,6,0,0
6415,21.8966,4,0,0
6414,32.6667,6,0,0
6413,21.8966,4,0,0
6412,32.6667,6,0,0
6411,21.8966,4,0,0
6410,32.6667,6,0,0
6409,21.8966,4,0,0
6408,21.8966,4,0,0
6407,32.6667,6,0,0
6406,21.8966,4,0,0
6405,21.8966,4,0,0
6404,21.8966,4,0,0
6403,32.6667,6,0,0
6402,32.6667,6,0,0
6401,21.8966,4,0,0
6400,21.8966,4,0,0
6399,32.6667,6,0,0
6398,21.8966,4,0,0
6397,32.6667,6,0,0
6396,21.8966,4,0,0
6395,32.6667,6,0,0
6394,32.6667,6,0,0
6393,21.8966,4,0,0
6392,21.8966,4,0,0
6391,32.6667,6,0,0
6390,32.6667,6,0,0
6389,21.8966,4,0,0
6388,21.8966,4,0,0
6387,32.6667,6,0,0
6386,21.8966,4,0,0
6385,32.6667,6,0,0
6384,21.8966,4,0,0
6383,32.6667,6,0,0
6382,21.8966,4,0,0
6381,32.6667,6,0,0
6380,21.8966,4,0,0
6379,32.6667,6,0,0
6378,21.8966,4,0,0
6377,32.6667,6,0,0
6376,32.6667,6,0,0
6375,21.8966,4,0,0
6374,32.6667,6,0,0
6373,32.6667,6,0,0
6372,21.8966,4,0,0
6371,32.6667,6,0,0
6370,21.8966,4,0,0
6369,32.6667,6,0,0
6368,21.8966,4,0,0
6367,32.6667,6,0,0
6366,21.8966,4,0,0
6365,32.6667,6,0,0
6364,21.8966,4,0,0
6363,21.8966,4,0,0
6362,32.6667,6,0,0
6361,21.8966,4,0,0
6360,21.8966,4,0,0
6359,32.6667,6,0,0
6358,21.8966,4,0,0
6357,32.6667,6,0,0
6356,32.6667,6,0,0
6355,32.6667,6,0,0
6354,21.8966,4,0,0
6353,32.6667,6,0,0
6352,32.6667,6,0,0
6351,32.6667,6,0,0
6350,32.6667,6,0,0
6349,21.8966,4,0,0
6348,32.6667,6,0,0
6347,21.8966,4,0,0
6346,32.6667,6,0,0
6345,32.6667,6,0,0
6344,32.6667,6,0,0
6343,32.6667,6,0,0
6342,32.6667,6,0,0
6341,21.8966,4,0,0
6340,21.8966,4,0,0
6339,32.6667,6,0,0
6338,32.6667,6,0,0
6337,21.8966,4,0,0
6336,32.6667,6,0,0
6335,21.8966,4,0,0
6334,21.8966,4,0,0
6333,32.6667,6,0,0
6332,21.8966,4,0,0
6331,21.8966,4,0,0
6330,32.6667,6,0,0
6329,21.8966,4,0,0
6328,32.6667,6,0,0
6327,21.8966,4,0,0
6326,32.6667,6,0,0
6325,32.6667,6,0,0
6324,21.8966,4,0,0
6323,32.6667,6,0,0
6322,21.8966,4,0,0
6321,21.8966,4,0,0
6320,32.6667,6,0,0
6319,21.8966,4,0,0
6318,32.6667,6,0,0
6317,21.8966,4,0,0
6316,32.6667,6,0,0
6315,21.8966,4,0,0
6314,32.6667,6,0,0
6313,21.8966,4,0,0
6312,21.8966,4,0,0
6311,21.8966,4,0,0
6310,32.6667,6,0,0
6309,32.6667,6,0,0
6308,32.6667,6,0,0
6307,32.6667,6,0,0
6306,21.8966,4,0,0
6305,32.6667,6,0,0
6304,32.6667,6,0,0
6303,21.8966,4,0,0
6302,32.6667,6,0,0
6301,21.8966,4,0,0
6300,32.6667,6,0,0
6299,21.8966,4,0,0
6298,21.8966,4,0,0
6297,32.6667,6,0,0
6296,21.8966,4,0,0
6295,21.8966,4,0,0
6294,21.8966,4,0,0
6293,21.8966,4,0,0
6292,32.6667,6,0,0
6291,32.6667,6,0,0
6290,32.6667,6,0,0
6289,32.6667,6,0,0
6288,32.6667,6,0,0
6287,32.6667,6,0,0
6286,32.6667,6,0,0
6285,32.6667,6,0,0
6284,32.6667,6,0,0
6283,32.6667,6,0,0
6282,32.6667,6,0,0
6281,32.6667,6,0,0
6280,32.6667,6,0,0
6279,21.1667,4,0,0
6278,21.1667,4,0,0
6277,79,15,0,0
6276,79,15,0,0
6275,21.1667,4,0,0
6274,79,15,0,0
6273,21.1667,4,0,0
6272,21.1667,4,0,0
6271,79,15,0,0
6270,21.1667,4,0,0
6269,79,15,0,0
6268,21.1667,4,0,0
6267,21.1667,4,0,0
6266,79,15,0,0
6265,21.1667,4,0,0
6264,21.1667,4,0,0
6263,79,15,0,0
6262,21.1667,4,0,0
6261,79,15,0,0
6260,21.1667,4,0,0
6259,79,15,0,0
6258,21.1667,4,0,0
6257,21.1667,4,0,0
6256,21.1667,4,0,0
6255,79,15,0,0
6254,79,15,0,0
6253,79,15,0,0
6252,21.1667,4,0,0
6251,79,15,0,0
6250,21.1667,4,0,0
6249,79,15,0,0
6248,21.1667,4,0,0
6247,79,15,0,0
6246,21.1667,4,0,0
6245,21.1667,4,0,0
6244,79,15,0,0
6243,79,15,0,0
6242,79,15,0,0
6241,79,15,0,0
6240,21.1667,4,0,0
6239,21.1667,4,0,0
6238,79,15,0,0
6237,79,15,0,0
6236,79,15,0,0
6235,21.1667,4,0,0
6234,21.1667,4,0,0
6233,79,15,0,0
6232,79,15,0,0
6231,79,15,0,0
6230,21.1667,4,0,0
6229,79,15,0,0
6228,79,15,0,0
6227,79,15,0,0
6226,79,15,0,0
6225,21.1667,4,0,0
6224,21.1667,4,0,0
6223,79,15,0,0
6222,79,15,0,0
6221,21.1667,4,0,0
6220,21.1667,4,0,0
6219,79,15,0,0
6218,21.1667,4,0,0
6217,21.1667,4,0,0
6216,21.1667,4,0,0
6215,79,15,0,0
6214,21.1667,4,0,0
6213,79,15,0,0
6212,21.1667,4,0,0
6211,79,15,0,0
6210,79,15,0,0
6209,21.1667,4,0,0
6208,79,15,0,0
6207,79,15,0,0
6206,79,15,0,0
6205,79,15,0,0
6204,21.1667,4,0,0
6203,79,15,0,0
6202,21.1667,4,0,0
6201,21.1667,4,0,0
6200,21.1667,4,0,0
6199,79,15,0,0
6198,21.1667,4,0,0
6197,79,15,0,0
6196,21.1667,4,0,0
6195,21.1667,4,0,0
6194,79,15,0,0
6193,21.1667,4,0,0
6192,79,15,0,0
6191,21.1667,4,0,0
6190,21.1667,4,0,0
6189,21.1667,4,0,0
6188,79,15,0,0
6187,21.1667,4,0,0
6186,79,15,0,0
6185,21.1667,4,0,0
6184,79,15,0,0
6183,21.1667,4,0,0
6182,79,15,0,0
6181,21.1667,4,0,0
6180,79,15,0,0
6179,21.1667,4,0,0
6178,21.1667,4,0,0
6177,79,15,0,0
6176,79,15,0,0
6175,79,15,0,0
6174,79,15,0,0
6173,79,15,0,0
6172,79,15,0,0
6171,79,15,0,0
6170,39.6667,7,0,0
6169,42.2,8,0,0
6168,42.2,8,0,0
6167,42.2,8,0,0
6166,39.6667,7,0,0
6165,42.2,8,0,0
6164,39.6667,7,0,0
6163,42.2,8,0,0
6162,39.6667,7,0,0
6161,39.6667,7,0,0
6160,42.2,8,0,0
6159,39.6667,7,0,0
6158,39.6667,7,0,0
6157,39.6667,7,0,0
6156,42.2,8,0,0
6155,39.6667,7,0,0
6154,42.2,8,0,0
6153,39.6667,7,0,0
6152,42.2,8,0,0
6151,39.6667,7,0,0
6150,42.2,8,0,0
6149,39.6667,7,0,0
6148,42.2,8,0,0
6147,39.6667,7,0,0
6146,42.2,8,0,0
6145,39.6667,7,0,0
6144,42.2,8,0,0
6143,39.6667,7,0,0
6142,42.2,8,0,0
6141,39.6667,7,0,0
6140,42.2,8,0,0
6139,39.6667,7,0,0
6138,42.2,8,0,0
6137,39.6667,7,0,0
6136,39.6667,7,0,0
6135,42.2,8,0,0
6134,39.6667,7,0,0
6133,42.2,8,0,0
6132,42.2,8,0,0
6131,39.6667,7,0,0
6130,42.2,8,0,0
6129,39.6667,7,0,0
6128,42.2,8,0,0
6127,39.6667,7,0,0
6126,42.2,8,0,0
6125,39.6667,7,0,0
6124,42.2,8,0,0
6123,39.6667,7,0,0
6122,42.2,8,0,0
6121,42.2,8,0,0
6120,42.2,8,0,0
6119,42.2,8,0,0
6118,39.6667,7,0,0
6117,42.2,8,0,0
6116,39.6667,7,0,0
6115,42.2,8,0,0
6114,39.6667,7,0,0
6113,39.6667,7,0,0
6112,39.6667,7,0,0
6111,42.2,8,0,0
6110,42.2,8,0,0
6109,39.6667,7,0,0
6108,42.2,8,0,0
6107,39.6667,7,0,0
6106,39.6667,7,0,0
6105,42.2,8,0,0
6104,39.6667,7,0,0
6103,42.2,8,0,0
6102,39.6667,7,0,0
6101,42.2,8,0,0
6100,39.6667,7,0,0
6099,42.2,8,0,0
6098,39.6667,7,0,0
6097,39.6667,7,0,0
6096,39.6667,7,0,0
6095,42.2,8,0,0
6094,42.2,8,0,0
6093,39.6667,7,0,0
6092,42.2,8,0,0
6091,39.6667,7,0,0
6090,42.2,8,0,0
6089,42.2,8,0,0
6088,42.2,8,0,0
6087,39.6667,7,0,0
6086,42.2,8,0,0
6085,39.6667,7,0,0
6084,39.6667,7,0,0
6083,42.2,8,0,0
6082,39.6667,7,0,0
6081,39.6667,7,0,0
6080,42.2,8,0,0
6079,42.2,8,0,0
6078,39.6667,7,0,0
6077,39.6667,7,0,0
6076,39.6667,7,0,0
6075,39.6667,7,0,0
6074,36.2273,7,0,0
6073,36.2273,7,0,0
6072,25.6818,5,0,0
6071,36.2273,7,0,0
6070,25.6818,5,0,0
6069,36.2273,7,0,0
6068,25.6818,5,0,0
6067,36.2273,7,0,0
6066,36.2273,7,0,0
6065,25.6818,5,0,0
6064,36.2273,7,0,0
6063,25.6818,5,0,0
6062,36.2273,7,0,0
6061,25.6818,5,0,0
6060,36.2273,7,0,0
6059,36.2273,7,0,0
6058,25.6818,5,0,0
6057,25.6818,5,0,0
6056,36.2273,7,0,0
6055,25.6818,5,0,0
6054,36.2273,7,0,0
6053,36.2273,7,0,0
6052,25.6818,5,0,0
6051,25.6818,5,0,0
6050,36.2273,7,0,0
6049,25.6818,5,0,0
6048,36.2273,7,0,0
6047,36.2273,7,0,0
6046,25.6818,5,0,0
6045,25.6818,5,0,0
6044,36.2273,7,0,0
6043,25.6818,5,0,0
6042,36.2273,7,0,0
6041,36.2273,7,0,0
6040,25.6818,5,0,0
6039,36.2273,7,0,0
6038,25.6818,5,0,0
6037,36.2273,7,0,0
6036,36.2273,7,0,0
6035,36.2273,7,0,0
6034,25.6818,5,0,0
6033,25.6818,5,0,0
6032,36.2273,7,0,0
6031,36.2273,7,0,0
6030,25.6818,5,0,0
6029,36.2273,7,0,0
6028,25.6818,5,0,0
6027,25.6818,5,0,0
6026,25.6818,5,0,0
6025,36.2273,7,0,0
6024,36.2273,7,0,0
6023,36.2273,7,0,0
6022,25.6818,5,0,0
6021,36.2273,7,0,0
6020,36.2273,7,0,0
6019,36.2273,7,0,0
6018,25.6818,5,0,0
6017,25.6818,5,0,0
6016,25.6818,5,0,0
6015,36.2273,7,0,0
6014,25.6818,5,0,0
6013,25.6818,5,0,0
6012,36.2273,7,0,0
6011,25.6818,5,0,0
6010,36.2273,7,0,0
6009,25.6818,5,0,0
6008,36.2273,7,0,0
6007,25.6818,5,0,0
6006,36.2273,7,0,0
6005,25.6818,5,0,0
6004,36.2273,7,0,0
6003,25.6818,5,0,0
6002,36.2273,7,0,0
6001,25.6818,5,0,0
6000,36.2273,7,0,0
5999,36.2273,7,0,0
5998,25.6818,5,0,0
5997,36.2273,7,0,0
5996,36.2273,7,0,0
5995,25.6818,5,0,0
5994,36.2273,7,0,0
5993,25.6818,5,0,0
5992,36.2273,7,0,0
5991,25.6818,5,0,0
5990,25.6818,5,0,0
5989,36.2273,7,0,0
5988,25.6818,5,0,0
5987,36.2273,7,0,0
5986,25.6818,5,0,0
5985,25.6818,5,0,0
5984,36.2273,7,0,0
5983,25.6818,5,0,0
5982,36.2273,7,0,0
5981,25.6818,5,0,0
5980,25.6818,5,0,0
5979,36.2273,7,0,0
5978,25.6818,5,0,0
5977,25.6818,5,0,0
5976,36.2273,7,0,0
5975,25.6818,5,0,0
5974,36.2273,7,0,0
5973,25.6818,5,0,0
5972,36.2273,7,0,0
5971,25.6818,5,0,0
5970,25.6818,5,0,0
5969,25.6818,5,0,0
5968,36.2273,7,0,0
5967,25.6818,5,0,0
5966,25.6818,5,0,0
5965,25.6818,5,0,0
5964,36.2273,7,0,0
5963,25.6818,5,0,0
5962,36.2273,7,0,0
5961,25.6818,5,0,0
5960,36.2273,7,0,0
5959,36.2273,7,0,0
5958,25.6818,5,0,0
5957,36.2273,7,0,0
5956,36.2273,7,0,0
5955,25.6818,5,0,0
5954,36.2273,7,0,0
5953,36.2273,7,0,0
5952,25.6818,5,0,0
5951,36.2273,7,0,0
5950,36.2273,7,0,0
5949,36.2273,7,0,0
5948,25.6818,5,0,0
5947,36.2273,7,0,0
5946,25.6818,5,0,0
5945,36.2273,7,0,0
5944,25.6818,5,0,0
5943,36.2273,7,0,0
5942,25.6818,5,0,0
5941,25.6818,5,0,0
5940,36.2273,7,0,0
5939,25.6818,5,0,0
5938,25.6818,5,0,0
5937,25.6818,5,0,0
5936,25.6818,5,0,0
5935,36.2273,7,0,0
5934,25.6818,5,0,0
5933,36.2273,7,0,0
5932,36.2273,7,0,0
5931,25.6818,5,0,0
5930,36.2273,7,0,0
5929,25.6818,5,0,0
5928,36.2273,7,0,0
5927,25.6818,5,0,0
5926,25.6818,5,0,0
5925,36.2273,7,0,0
5924,36.2273,7,0,0
5923,25.6818,5,0,0
5922,36.2273,7,0,0
5921,25.6818,5,0,0
5920,36.2273,7,0,0
5919,25.6818,5,0,0
5918,25.6818,5,0,0
5917,36.2273,7,0,0
5916,25.6818,5,0,0
5915,25.6818,5,0,0
5914,36.2273,7,0,0
5913,25.6818,5,0,0
5912,36.2273,7,0,0
5911,25.6818,5,0,0
5910,36.2273,7,0,0
5909,25.6818,5,0,0
5908,36.2273,7,0,0
5907,25.6818,5,0,0
5906,25.6818,5,0,0
5905,25.6818,5,0,0
5904,25.6818,5,0,0
5903,36.2273,7,0,0
5902,25.6818,5,0,0
5901,36.2273,7,0,0
5900,25.6818,5,0,0
5899,36.2273,7,0,0
5898,25.6818,5,0,0
5897,36.2273,7,0,0
5896,25.6818,5,0,0
5895,25.6818,5,0,0
5894,36.2273,7,0,0
5893,25.6818,5,0,0
5892,36.2273,7,0,0
5891,36.2273,7,0,0
5890,25.6818,5,0,0
5889,36.2273,7,0,0
5888,36.2273,7,0,0
5887,25.6818,5,0,0
5886,36.2273,7,0,0
5885,36.2273,7,0,0
5884,36.2273,7,0,0
5883,36.2273,7,0,0
5882,36.2273,7,0,0
5881,25.6818,5,0,0
5880,25.6818,5,0,0
5879,36.2273,7,0,0
5878,25.6818,5,0,0
5877,25.6818,5,0,0
5876,36.2273,7,0,0
5875,36.2273,7,0,0
5874,25.6818,5,0,0
5873,36.2273,7,0,0
5872,25.6818,5,0,0
5871,36.2273,7,0,0
5870,25.6818,5,0,0
5869,36.2273,7,0,0
5868,25.6818,5,0,0
5867,36.2273,7,0,0
5866,25.6818,5,0,0
5865,25.6818,5,0,0
5864,36.2273,7,0,0
5863,36.2273,7,0,0
5862,36.2273,7,0,0
5861,25.6818,5,0,0
5860,36.2273,7,0,0
5859,25.6818,5,0,0
5858,25.6818,5,0,0
5857,36.2273,7,0,0
5856,36.2273,7,0,0
5855,25.6818,5,0,0
5854,36.2273,7,0,0
5853,25.6818,5,0,0
5852,36.2273,7,0,0
5851,25.6818,5,0,0
5850,36.2273,7,0,0
5849,25.6818,5,0,0
5848,25.6818,5,0,0
5847,36.2273,7,0,0
5846,36.2273,7,0,0
5845,25.6818,5,0,0
5844,36.2273,7,0,0
5843,25.6818,5,0,0
5842,36.2273,7,0,0
5841,36.2273,7,0,0
5840,36.2273,7,0,0
5839,36.2273,7,0,0
5838,25.6818,5,0,0
5837,25.6818,5,0,0
5836,25.6818,5,0,0
5835,36.2273,7,0,0
5834,25.6818,5,0,0
5833,36.2273,7,0,0
5832,25.6818,5,0,0
5831,25.6818,5,0,0
5830,25.6818,5,0,0
5829,36.2273,7,0,0
5828,25.6818,5,0,0
5827,25.6818,5,0,0
5826,36.2273,7,0,0
5825,36.2273,7,0,0
5824,25.6818,5,0,0
5823,25.6818,5,0,0
5822,25.6818,5,0,0
5821,25.6818,5,0,0
5820,36.2273,7,0,0
5819,36.2273,7,0,0
5818,25.6818,5,0,0
5817,36.2273,7,0,0
5816,25.6818,5,0,0
5815,36.2273,7,0,0
5814,25.6818,5,0,0
5813,36.2273,7,0,0
5812,25.6818,5,0,0
5811,36.2273,7,0,0
5810,36.2273,7,0,0
5809,25.6818,5,0,0
5808,36.2273,7,0,0
5807,25.6818,5,0,0
5806,36.2273,7,0,0
5805,25.6818,5,0,0
5804,36.2273,7,0,0
5803,36.2273,7,0,0
5802,36.2273,7,0,0
5801,36.2273,7,0,0
5800,25.6818,5,0,0
5799,36.2273,7,0,0
5798,25.6818,5,0,0
5797,36.2273,7,0,0
5796,36.2273,7,0,0
5795,25.6818,5,0,0
5794,36.2273,7,0,0
5793,25.6818,5,0,0
5792,25.6818,5,0,0
5791,36.2273,7,0,0
5790,36.2273,7,0,0
5789,25.6818,5,0,0
5788,25.6818,5,0,0
5787,36.2273,7,0,0
5786,25.6818,5,0,0
5785,25.6818,5,0,0
5784,36.2273,7,0,0
5783,25.6818,5,0,0
5782,25.6818,5,0,0
5781,36.2273,7,0,0
5780,25.6818,5,0,0
5779,25.6818,5,0,0
5778,36.2273,7,0,0
5777,36.2273,7,0,0
5776,25.6818,5,0,0
5775,36.2273,7,0,0
5774,25.6818,5,0,0
5773,36.2273,7,0,0
5772,36.2273,7,0,0
5771,36.2273,7,0,0
5770,25.6818,5,0,0
5769,25.6818,5,0,0
5768,36.2273,7,0,0
5767,25.6818,5,0,0
5766,36.2273,7,0,0
5765,25.6818,5,0,0
5764,25.6818,5,0,0
5763,36.2273,7,0,0
5762,25.6818,5,0,0
5761,36.2273,7,0,0
5760,36.2273,7,0,0
5759,25.6818,5,0,0
5758,25.6818,5,0,0
5757,25.6818,5,0,0
5756,36.2273,7,0,0
5755,25.6818,5,0,0
5754,36.2273,7,0,0
5753,25.6818,5,0,0
5752,36.2273,7,0,0
5751,36.2273,7,0,0
5750,25.6818,5,0,0
5749,36.2273,7,0,0
5748,25.6818,5,0,0
5747,36.2273,7,0,0
5746,36.2273,7,0,0
5745,25.6818,5,0,0
5744,36.2273,7,0,0
5743,36.2273,7,0,0
5742,25.6818,5,0,0
5741,36.2273,7,0,0
5740,25.6818,5,0,0
5739,25.6818,5,0,0
5738,36.2273,7,0,0
5737,36.2273,7,0,0
5736,25.6818,5,0,0
5735,25.6818,5,0,0
5734,25.6818,5,0,0
5733,25.6818,5,0,0
5732,36.2273,7,0,0
5731,25.6818,5,0,0
5730,36.2273,7,0,0
5729,25.6818,5,0,0
5728,25.6818,5,0,0
5727,25.6818,5,0,0
5726,36.2273,7,0,0
5725,36.2273,7,0,0
5724,25.6818,5,0,0
5723,36.2273,7,0,0
5722,36.2273,7,0,0
5721,36.2273,7,0,0
5720,36.2273,7,0,0
5719,36.2273,7,0,0
5718,36.2273,7,0,0
5717,36.2273,7,0,0
5716,36.2273,7,0,0
5715,36.2273,7,0,0
5714,36.2273,7,0,0
5713,45.4,9,0,0
5712,29.7619,5,0,0
5711,45.4,9,0,0
5710,45.4,9,0,0
5709,45.4,9,0,0
5708,29.7619,5,0,0
5707,29.7619,5,0,0
5706,45.4,9,0,0
5705,45.4,9,0,0
5704,29.7619,5,0,0
5703,45.4,9,0,0
5702,45.4,9,0,0
5701,29.7619,5,0,0
5700,45.4,9,0,0
5699,45.4,9,0,0
5698,29.7619,5,0,0
5697,45.4,9,0,0
5696,45.4,9,0,0
5695,29.7619,5,0,0
5694,45.4,9,0,0
5693,29.7619,5,0,0
5692,45.4,9,0,0
5691,29.7619,5,0,0
5690,45.4,9,0,0
5689,29.7619,5,0,0
5688,45.4,9,0,0
5687,29.7619,5,0,0
5686,29.7619,5,0,0
5685,29.7619,5,0,0
5684,29.7619,5,0,0
5683,29.7619,5,0,0
5682,29.7619,5,0,0
5681,29.7619,5,0,0
5680,45.4,9,0,0
5679,29.7619,5,0,0
5678,29.7619,5,0,0
5677,45.4,9,0,0
5676,29.7619,5,0,0
5675,45.4,9,0,0
5674,45.4,9,0,0
5673,45.4,9,0,0
5672,45.4,9,0,0
5671,45.4,9,0,0
5670,29.7619,5,0,0
5669,45.4,9,0,0
5668,45.4,9,0,0
5667,29.7619,5,0,0
5666,29.7619,5,0,0
5665,45.4,9,0,0
5664,29.7619,5,0,0
5663,29.7619,5,0,0
5662,29.7619,5,0,0
5661,45.4,9,0,0
5660,29.7619,5,0,0
5659,45.4,9,0,0
5658,45.4,9,0,0
5657,45.4,9,0,0
5656,45.4,9,0,0
5655,45.4,9,0,0
5654,45.4,9,0,0
5653,29.7619,5,0,0
5652,29.7619,5,0,0
5651,45.4,9,0,0
5650,29.7619,5,0,0
5649,45.4,9,0,0
5648,29.7619,5,0,0
5647,45.4,9,0,0
5646,29.7619,5,0,0
5645,45.4,9,0,0
5644,29.7619,5,0,0
5643,45.4,9,0,0
5642,29.7619,5,0,0
5641,45.4,9,0,0
5640,29.7619,5,0,0
5639,29.7619,5,0,0
5638,29.7619,5,0,0
5637,29.7619,5,0,0
5636,45.4,9,0,0
5635,45.4,9,0,0
5634,45.4,9,0,0
5633,45.4,9,0,0
5632,29.7619,5,0,0
5631,45.4,9,0,0
5630,29.7619,5,0,0
5629,29.7619,5,0,0
5628,29.7619,5,0,0
5627,45.4,9,0,0
5626,29.7619,5,0,0
5625,45.4,9,0,0
5624,29.7619,5,0,0
5623,29.7619,5,0,0
5622,29.7619,5,0,0
5621,45.4,9,0,0
5620,29.7619,5,0,0
5619,45.4,9,0,0
5618,45.4,9,0,0
5617,45.4,9,0,0
5616,29.7619,5,0,0
5615,29.7619,5,0,0
5614,29.7619,5,0,0
5613,45.4,9,0,0
5612,29.7619,5,0,0
5611,45.4,9,0,0
5610,45.4,9,0,0
5609,45.4,9,0,0
5608,45.4,9,0,0
5607,29.7619,5,0,0
5606,29.7619,5,0,0
5605,45.4,9,0,0
5604,29.7619,5,0,0
5603,29.7619,5,0,0
5602,45.4,9,0,0
5601,45.4,9,0,0
5600,29.7619,5,0,0
5599,45.4,9,0,0
5598,29.7619,5,0,0
5597,45.4,9,0,0
5596,29.7619,5,0,0
5595,29.7619,5,0,0
5594,29.7619,5,0,0
5593,45.4,9,0,0
5592,29.7619,5,0,0
5591,45.4,9,0,0
5590,45.4,9,0,0
5589,29.7619,5,0,0
5588,29.7619,5,0,0
5587,29.7619,5,0,0
5586,45.4,9,0,0
5585,45.4,9,0,0
5584,29.7619,5,0,0
5583,29.7619,5,0,0
5582,29.7619,5,0,0
5581,29.7619,5,0,0
5580,45.4,9,0,0
5579,29.7619,5,0,0
5578,45.4,9,0,0
5577,45.4,9,0,0
5576,29.7619,5,0,0
5575,45.4,9,0,0
5574,29.7619,5,0,0
5573,45.4,9,0,0
5572,29.7619,5,0,0
5571,29.7619,5,0,0
5570,45.4,9,0,0
5569,29.7619,5,0,0
5568,45.4,9,0,0
5567,29.7619,5,0,0
5566,29.7619,5,0,0
5565,29.7619,5,0,0
5564,45.4,9,0,0
5563,29.7619,5,0,0
5562,29.7619,5,0,0
5561,45.4,9,0,0
5560,29.7619,5,0,0
5559,45.4,9,0,0
5558,45.4,9,0,0
5557,29.7619,5,0,0
5556,29.7619,5,0,0
5555,45.4,9,0,0
5554,29.7619,5,0,0
5553,45.4,9,0,0
5552,45.4,9,0,0
5551,29.7619,5,0,0
5550,45.4,9,0,0
5549,29.7619,5,0,0
5548,45.4,9,0,0
5547,29.7619,5,0,0
5546,45.4,9,0,0
5545,29.7619,5,0,0
5544,45.4,9,0,0
5543,45.4,9,0,0
5542,29.7619,5,0,0
5541,29.7619,5,0,0
5540,45.4,9,0,0
5539,29.7619,5,0,0
5538,45.4,9,0,0
5537,45.4,9,0,0
5536,29.7619,5,0,0
5535,29.7619,5,0,0
5534,45.4,9,0,0
5533,29.7619,5,0,0
5532,45.4,9,0,0
5531,29.7619,5,0,0
5530,29.7619,5,0,0
5529,45.4,9,0,0
5528,29.7619,5,0,0
5527,29.7619,5,0,0
5526,29.7619,5,0,0
5525,29.7619,5,0,0
5524,29.7619,5,0,0
5523,45.4,9,0,0
5522,45.4,9,0,0
5521,45.4,9,0,0
5520,29.7619,5,0,0
5519,45.4,9,0,0
5518,45.4,9,0,0
5517,29.7619,5,0,0
5516,29.7619,5,0,0
5515,45.4,9,0,0
5514,45.4,9,0,0
5513,45.4,9,0,0
5512,29.7619,5,0,0
5511,45.4,9,0,0
5510,29.7619,5,0,0
5509,45.4,9,0,0
5508,29.7619,5,0,0
5507,45.4,9,0,0
5506,45.4,9,0,0
5505,29.7619,5,0,0
5504,45.4,9,0,0
5503,29.7619,5,0,0
5502,45.4,9,0,0
5501,29.7619,5,0,0
5500,29.7619,5,0,0
5499,45.4,9,0,0
5498,29.7619,5,0,0
5497,29.7619,5,0,0
5496,29.7619,5,0,0
5495,29.7619,5,0,0
5494,45.4,9,0,0
5493,45.4,9,0,0
5492,45.4,9,0,0
5491,29.7619,5,0,0
5490,29.7619,5,0,0
5489,45.4,9,0,0
5488,29.7619,5,0,0
5487,45.4,9,0,0
5486,29.7619,5,0,0
5485,29.7619,5,0,0
5484,45.4,9,0,0
5483,45.4,9,0,0
5482,29.7619,5,0,0
5481,45.4,9,0,0
5480,29.7619,5,0,0
5479,45.4,9,0,0
5478,29.7619,5,0,0
5477,45.4,9,0,0
5476,29.7619,5,0,0
5475,29.7619,5,0,0
5474,45.4,9,0,0
5473,45.4,9,0,0
5472,29.7619,5,0,0
5471,45.4,9,0,0
5470,45.4,9,0,0
5469,45.4,9,0,0
5468,29.7619,5,0,0
5467,45.4,9,0,0
5466,45.4,9,0,0
5465,45.4,9,0,0
5464,29.7619,5,0,0
5463,45.4,9,0,0
5462,29.7619,5,0,0
5461,45.4,9,0,0
5460,29.7619,5,0,0
5459,29.7619,5,0,0
5458,45.4,9,0,0
5457,29.7619,5,0,0
5456,45.4,9,0,0
5455,29.7619,5,0,0
5454,29.7619,5,0,0
5453,29.7619,5,0,0
5452,45.4,9,0,0
5451,45.4,9,0,0
5450,45.4,9,0,0
5449,29.7619,5,0,0
5448,45.4,9,0,0
5447,29.7619,5,0,0
5446,45.4,9,0,0
5445,29.7619,5,0,0
5444,29.7619,5,0,0
5443,29.7619,5,0,0
5442,45.4,9,0,0
5441,45.4,9,0,0
5440,29.7619,5,0,0
5439,45.4,9,0,0
5438,29.7619,5,0,0
5437,45.4,9,0,0
5436,45.4,9,0,0
5435,29.7619,5,0,0
5434,45.4,9,0,0
5433,29.7619,5,0,0
5432,29.7619,5,0,0
5431,45.4,9,0,0
5430,45.4,9,0,0
5429,29.7619,5,0,0
5428,45.4,9,0,0
5427,29.7619,5,0,0
5426,29.7619,5,0,0
5425,45.4,9,0,0
5424,45.4,9,0,0
5423,45.4,9,0,0
5422,45.4,9,0,0
5421,22.7568,4,0,0
5420,87,17,0,0
5419,22.7568,4,0,0
5418,87,17,0,0
5417,87,17,0,0
5416,22.7568,4,0,0
5415,87,17,0,0
5414,87,17,0,0
5413,22.7568,4,0,0
5412,87,17,0,0
5411,87,17,0,0
5410,22.7568,4,0,0
5409,87,17,0,0
5408,22.7568,4,0,0
5407,87,17,0,0
5406,87,17,0,0
5405,87,17,0,0
5404,22.7568,4,0,0
5403,87,17,0,0
5402,22.7568,4,0,0
5401,22.7568,4,0,0
5400,22.7568,4,0,0
5399,87,17,0,0
5398,22.7568,4,0,0
5397,87,17,0,0
5396,87,17,0,0
5395,22.7568,4,0,0
5394,22.7568,4,0,0
5393,87,17,0,0
5392,87,17,0,0
5391,22.7568,4,0,0
5390,87,17,0,0
5389,22.7568,4,0,0
5388,87,17,0,0
5387,22.7568,4,0,0
5386,87,17,0,0
5385,22.7568,4,0,0
5384,87,17,0,0
5383,87,17,0,0
5382,22.7568,4,0,0
5381,87,17,0,0
5380,22.7568,4,0,0
5379,22.7568,4,0,0
5378,22.7568,4,0,0
5377,87,17,0,0
5376,22.7568,4,0,0
5375,87,17,0,0
5374,22.7568,4,0,0
5373,22.7568,4,0,0
5372,22.7568,4,0,0
5371,87,17,0,0
5370,22.7568,4,0,0
5369,87,17,0,0
5368,87,17,0,0
5367,87,17,0,0
5366,22.7568,4,0,0
5365,87,17,0,0
5364,22.7568,4,0,0
5363,87,17,0,0
5362,22.7568,4,0,0
5361,87,17,0,0
5360,22.7568,4,0,0
5359,87,17,0,0
5358,87,17,0,0
5357,22.7568,4,0,0
5356,87,17,0,0
5355,22.7568,4,0,0
5354,22.7568,4,0,0
5353,87,17,0,0
5352,22.7568,4,0,0
5351,87,17,0,0
5350,87,17,0,0
5349,87,17,0,0
5348,22.7568,4,0,0
5347,87,17,0,0
5346,87,17,0,0
5345,22.7568,4,0,0
5344,87,17,0,0
5343,22.7568,4,0,0
5342,87,17,0,0
5341,22.7568,4,0,0
5340,87,17,0,0
5339,87,17,0,0
5338,22.7568,4,0,0
5337,87,17,0,0
5336,22.7568,4,0,0
5335,22.7568,4,0,0
5334,87,17,0,0
5333,22.7568,4,0,0
5332,87,17,0,0
5331,22.7568,4,0,0
5330,87,17,0,0
5329,22.7568,4,0,0
5328,87,17,0,0
5327,22.7568,4,0,0
5326,87,17,0,0
5325,22.7568,4,0,0
5324,22.7568,4,0,0
5323,22.7568,4,0,0
5322,22.7568,4,0,0
5321,22.7568,4,0,0
5320,22.7568,4,0,0
5319,22.7568,4,0,0
5318,22.7568,4,0,0
5317,22.7568,4,0,0
5316,22.7568,4,0,0
5315,22.7568,4,0,0
5314,22.7568,4,0,0
5313,22.7568,4,0,0
5312,22.7568,4,0,0
5311,22.7568,4,0,0
5310,22.7568,4,0,0
5309,22.0465,4,0,0
5308,28.1818,5,0,0
5307,28.1818,5,0,0
5306,22.0465,4,0,0
5305,22.0465,4,0,0
5304,22.0465,4,0,0
5303,22.0465,4,0,0
5302,28.1818,5,0,0
5301,22.0465,4,0,0
5300,22.0465,4,0,0
5299,28.1818,5,0,0
5298,22.0465,4,0,0
5297,22.0465,4,0,0
5296,28.1818,5,0,0
5295,28.1818,5,0,0
5294,22.0465,4,0,0
5293,28.1818,5,0,0
5292,22.0465,4,0,0
5291,28.1818,5,0,0
5290,22.0465,4,0,0
5289,28.1818,5,0,0
5288,22.0465,4,0,0
5287,28.1818,5,0,0
5286,22.0465,4,0,0
5285,22.0465,4,0,0
5284,28.1818,5,0,0
5283,22.0465,4,0,0
5282,28.1818,5,0,0
5281,28.1818,5,0,0
5280,22.0465,4,0,0
5279,22.0465,4,0,0
5278,28.1818,5,0,0
5277,22.0465,4,0,0
5276,28.1818,5,0,0
5275,22.0465,4,0,0
5274,28.1818,5,0,0
5273,28.1818,5,0,0
5272,28.1818,5,0,0
5271,22.0465,4,0,0
5270,22.0465,4,0,0
5269,28.1818,5,0,0
5268,28.1818,5,0,0
5267,22.0465,4,0,0
5266,22.0465,4,0,0
5265,28.1818,5,0,0
5264,22.0465,4,0,0
5263,22.0465,4,0,0
5262,28.1818,5,0,0
5261,28.1818,5,0,0
5260,22.0465,4,0,0
5259,28.1818,5,0,0
5258,28.1818,5,0,0
5257,22.0465,4,0,0
5256,28.1818,5,0,0
5255,22.0465,4,0,0
5254,22.0465,4,0,0
5253,28.1818,5,0,0
5252,28.1818,5,0,0
5251,22.0465,4,0,0
5250,22.0465,4,0,0
5249,28.1818,5,0,0
5248,22.0465,4,0,0
5247,28.1818,5,0,0
5246,22.0465,4,0,0
5245,22.0465,4,0,0
5244,28.1818,5,0,0
5243,22.0465,4,0,0
5242,28.1818,5,0,0
5241,28.1818,5,0,0
5240,28.1818,5,0,0
5239,22.0465,4,0,0
5238,22.0465,4,0,0
5237,28.1818,5,0,0
5236,28.1818,5,0,0
5235,22.0465,4,0,0
5234,28.1818,5,0,0
5233,22.0465,4,0,0
5232,28.1818,5,0,0
5231,22.0465,4,0,0
5230,28.1818,5,0,0
5229,22.0465,4,0,0
5228,22.0465,4,0,0
5227,28.1818,5,0,0
5226,22.0465,4,0,0
5225,22.0465,4,0,0
5224,28.1818,5,0,0
5223,28.1818,5,0,0
5222,22.0465,4,0,0
5221,28.1818,5,0,0
5220,22.0465,4,0,0
5219,28.1818,5,0,0
5218,28.1818,5,0,0
5217,28.1818,5,0,0
5216,22.0465,4,0,0
5215,28.1818,5,0,0
5214,22.0465,4,0,0
5213,28.1818,5,0,0
5212,28.1818,5,0,0
5211,22.0465,4,0,0
5210,22.0465,4,0,0
5209,28.1818,5,0,0
5208,28.1818,5,0,0
5207,22.0465,4,0,0
5206,22.0465,4,0,0
5205,28.1818,5,0,0
5204,22.0465,4,0,0
5203,22.0465,4,0,0
5202,28.1818,5,0,0
5201,22.0465,4,0,0
5200,28.1818,5,0,0
5199,28.1818,5,0,0
5198,28.1818,5,0,0
5197,22.0465,4,0,0
5196,28.1818,5,0,0
5195,28.1818,5,0,0
5194,22.0465,4,0,0
5193,28.1818,5,0,0
5192,22.0465,4,0,0
5191,28.1818,5,0,0
5190,22.0465,4,0,0
5189,22.0465,4,0,0
5188,22.0465,4,0,0
5187,28.1818,5,0,0
5186,22.0465,4,0,0
5185,28.1818,5,0,0
5184,22.0465,4,0,0
5183,28.1818,5,0,0
5182,28.1818,5,0,0
5181,22.0465,4,0,0
5180,28.1818,5,0,0
5179,22.0465,4,0,0
5178,28.1818,5,0,0
5177,28.1818,5,0,0
5176,22.0465,4,0,0
5175,22.0465,4,0,0
5174,22.0465,4,0,0
5173,28.1818,5,0,0
5172,22.0465,4,0,0
5171,28.1818,5,0,0
5170,22.0465,4,0,0
5169,22.0465,4,0,0
5168,28.1818,5,0,0
5167,28.1818,5,0,0
5166,22.0465,4,0,0
5165,22.0465,4,0,0
5164,22.0465,4,0,0
5163,22.0465,4,0,0
5162,28.1818,5,0,0
5161,22.0465,4,0,0
5160,22.0465,4,0,0
5159,28.1818,5,0,0
5158,22.0465,4,0,0
5157,22.0465,4,0,0
5156,28.1818,5,0,0
5155,28.1818,5,0,0
5154,22.0465,4,0,0
5153,28.1818,5,0,0
5152,28.1818,5,0,0
5151,22.0465,4,0,0
5150,28.1818,5,0,0
5149,22.0465,4,0,0
5148,28.1818,5,0,0
5147,22.0465,4,0,0
5146,28.1818,5,0,0
5145,22.0465,4,0,0
5144,28.1818,5,0,0
5143,22.0465,4,0,0
5142,28.1818,5,0,0
5141,28.1818,5,0,0
5140,28.1818,5,0,0
5139,22.0465,4,0,0
5138,28.1818,5,0,0
5137,28.1818,5,0,0
5136,22.0465,4,0,0
5135,28.1818,5,0,0
5134,28.1818,5,0,0
5133,28.1818,5,0,0
5132,22.0465,4,0,0
5131,28.1818,5,0,0
5130,22.0465,4,0,0
5129,28.1818,5,0,0
5128,28.1818,5,0,0
5127,22.0465,4,0,0
5126,28.1818,5,0,0
5125,28.1818,5,0,0
5124,22.0465,4,0,0
5123,28.1818,5,0,0
5122,22.0465,4,0,0
5121,28.1818,5,0,0
5120,22.0465,4,0,0
5119,28.1818,5,0,0
5118,22.0465,4,0,0
5117,28.1818,5,0,0
5116,28.1818,5,0,0
5115,22.0465,4,0,0
5114,28.1818,5,0,0
5113,22.0465,4,0,0
5112,22.0465,4,0,0
5111,22.0465,4,0,0
5110,28.1818,5,0,0
5109,22.0465,4,0,0
5108,28.1818,5,0,0
5107,22.0465,4,0,0
5106,28.1818,5,0,0
5105,22.0465,4,0,0
5104,28.1818,5,0,0
5103,28.1818,5,0,0
5102,22.0465,4,0,0
5101,28.1818,5,0,0
5100,28.1818,5,0,0
5099,22.0465,4,0,0
5098,28.1818,5,0,0
5097,22.0465,4,0,0
5096,28.1818,5,0,0
5095,22.0465,4,0,0
5094,28.1818,5,0,0
5093,28.1818,5,0,0
5092,22.0465,4,0,0
5091,28.1818,5,0,0
5090,22.0465,4,0,0
5089,28.1818,5,0,0
5088,22.0465,4,0,0
5087,22.0465,4,0,0
5086,28.1818,5,0,0
5085,28.1818,5,0,0
5084,22.0465,4,0,0
5083,28.1818,5,0,0
5082,22.0465,4,0,0
5081,28.1818,5,0,0
5080,22.0465,4,0,0
5079,28.1818,5,0,0
5078,22.0465,4,0,0
5077,28.1818,5,0,0
5076,22.0465,4,0,0
5075,22.0465,4,0,0
5074,28.1818,5,0,0
5073,22.0465,4,0,0
5072,22.0465,4,0,0
5071,22.0465,4,0,0
5070,28.1818,5,0,0
5069,28.1818,5,0,0
5068,22.0465,4,0,0
5067,22.0465,4,0,0
5066,22.0465,4,0,0
5065,28.1818,5,0,0
5064,22.0465,4,0,0
5063,28.1818,5,0,0
5062,28.1818,5,0,0
5061,22.0465,4,0,0
5060,28.1818,5,0,0
5059,28.1818,5,0,0
5058,22.0465,4,0,0
5057,28.1818,5,0,0
5056,22.0465,4,0,0
5055,28.1818,5,0,0
5054,28.1818,5,0,0
5053,22.0465,4,0,0
5052,28.1818,5,0,0
5051,22.0465,4,0,0
5050,28.1818,5,0,0
5049,22.0465,4,0,0
5048,28.1818,5,0,0
5047,22.0465,4,0,0
5046,28.1818,5,0,0
5045,22.0465,4,0,0
5044,28.1818,5,0,0
5043,22.0465,4,0,0
5042,22.0465,4,0,0
5041,28.1818,5,0,0
5040,22.0465,4,0,0
5039,22.0465,4,0,0
5038,28.1818,5,0,0
5037,22.0465,4,0,0
5036,28.1818,5,0,0
5035,28.1818,5,0,0
5034,28.1818,5,0,0
5033,22.0465,4,0,0
5032,28.1818,5,0,0
5031,22.0465,4,0,0
5030,28.1818,5,0,0
5029,22.0465,4,0,0
5028,28.1818,5,0,0
5027,28.1818,5,0,0
5026,22.0465,4,0,0
5025,28.1818,5,0,0
5024,22.0465,4,0,0
5023,28.1818,5,0,0
5022,28.1818,5,0,0
5021,22.0465,4,0,0
5020,28.1818,5,0,0
5019,22.0465,4,0,0
5018,22.0465,4,0,0
5017,22.0465,4,0,0
5016,28.1818,5,0,0
5015,22.0465,4,0,0
5014,28.1818,5,0,0
5013,22.0465,4,0,0
5012,28.1818,5,0,0
5011,28.1818,5,0,0
5010,22.0465,4,0,0
5009,28.1818,5,0,0
5008,22.0465,4,0,0
5007,22.0465,4,0,0
5006,28.1818,5,0,0
5005,22.0465,4,0,0
5004,28.1818,5,0,0
5003,22.0465,4,0,0
5002,28.1818,5,0,0
5001,28.1818,5,0,0
5000,28.1818,5,0,0
4999,22.0465,4,0,0
4998,28.1818,5,0,0
4997,22.0465,4,0,0
4996,22.0465,4,0,0
4995,22.0465,4,0,0
4994,28.1818,5,0,0
4993,28.1818,5,0,0
4992,22.0465,4,0,0
4991,22.0465,4,0,0
4990,28.1818,5,0,0
4989,22.0465,4,0,0
4988,22.0465,4,0,0
4987,28.1818,5,0,0
4986,22.0465,4,0,0
4985,28.1818,5,0,0
4984,22.0465,4,0,0
4983,28.1818,5,0,0
4982,22.0465,4,0,0
4981,28.1818,5,0,0
4980,22.0465,4,0,0
4979,28.1818,5,0,0
4978,22.0465,4,0,0
4977,28.1818,5,0,0
4976,22.0465,4,0,0
4975,22.0465,4,0,0
4974,28.1818,5,0,0
4973,22.0465,4,0,0
4972,22.0465,4,0,0
4971,28.1818,5,0,0
4970,28.1818,5,0,0
4969,22.0465,4,0,0
4968,22.0465,4,0,0
4967,22.0465,4,0,0
4966,28.1818,5,0,0
4965,22.0465,4,0,0
4964,22.0465,4,0,0
4963,28.1818,5,0,0
4962,22.0465,4,0,0
4961,28.1818,5,0,0
4960,22.0465,4,0,0
4959,28.1818,5,0,0
4958,22.0465,4,0,0
4957,28.1818,5,0,0
4956,22.0465,4,0,0
4955,28.1818,5,0,0
4954,22.0465,4,0,0
4953,28.1818,5,0,0
4952,28.1818,5,0,0
4951,22.0465,4,0,0
4950,28.1818,5,0,0
4949,22.0465,4,0,0
4948,28.1818,5,0,0
4947,22.0465,4,0,0
4946,28.1818,5,0,0
4945,22.0465,4,0,0
4944,28.1818,5,0,0
4943,28.1818,5,0,0
4942,28.1818,5,0,0
4941,22.0465,4,0,0
4940,28.1818,5,0,0
4939,22.0465,4,0,0
4938,28.1818,5,0,0
4937,22.0465,4,0,0
4936,28.1818,5,0,0
4935,22.0465,4,0,0
4934,22.0465,4,0,0
4933,28.1818,5,0,0
4932,28.1818,5,0,0
4931,28.1818,5,0,0
4930,22.0465,4,0,0
4929,28.1818,5,0,0
4928,22.0465,4,0,0
4927,22.0465,4,0,0
4926,28.1818,5,0,0
4925,28.1818,5,0,0
4924,22.0465,4,0,0
4923,28.1818,5,0,0
4922,28.1818,5,0,0
4921,22.0465,4,0,0
4920,22.0465,4,0,0
4919,28.1818,5,0,0
4918,22.0465,4,0,0
4917,28.1818,5,0,0
4916,22.0465,4,0,0
4915,28.1818,5,0,0
4914,22.0465,4,0,0
4913,28.1818,5,0,0
4912,28.1818,5,0,0
4911,22.0465,4,0,0
4910,28.1818,5,0,0
4909,22.0465,4,0,0
4908,28.1818,5,0,0
4907,22.0465,4,0,0
4906,28.1818,5,0,0
4905,28.1818,5,0,0
4904,22.0465,4,0,0
4903,28.1818,5,0,0
4902,22.0465,4,0,0
4901,28.1818,5,0,0
4900,28.1818,5,0,0
4899,22.0465,4,0,0
4898,22.0465,4,0,0
4897,22.0465,4,0,0
4896,22.0465,4,0,0
4895,28.1818,5,0,0
4894,28.1818,5,0,0
4893,22.0465,4,0,0
4892,28.1818,5,0,0
4891,22.0465,4,0,0
4890,22.0465,4,0,0
4889,28.1818,5,0,0
4888,22.0465,4,0,0
4887,28.1818,5,0,0
4886,22.0465,4,0,0
4885,28.1818,5,0,0
4884,22.0465,4,0,0
4883,28.1818,5,0,0
4882,22.0465,4,0,0
4881,28.1818,5,0,0
4880,22.0465,4,0,0
4879,22.0465,4,0,0
4878,22.0465,4,0,0
4877,28.1818,5,0,0
4876,28.1818,5,0,0
4875,22.0465,4,0,0
4874,22.0465,4,0,0
4873,28.1818,5,0,0
4872,22.0465,4,0,0
4871,28.1818,5,0,0
4870,22.0465,4,0,0
4869,28.1818,5,0,0
4868,22.0465,4,0,0
4867,28.1818,5,0,0
4866,22.0465,4,0,0
4865,28.1818,5,0,0
4864,22.0465,4,0,0
4863,28.1818,5,0,0
4862,22.0465,4,0,0
4861,28.1818,5,0,0
4860,22.0465,4,0,0
4859,28.1818,5,0,0
4858,28.1818,5,0,0
4857,28.1818,5,0,0
4856,28.1818,5,0,0
4855,28.1818,5,0,0
4854,22.0465,4,0,0
4853,28.1818,5,0,0
4852,28.1818,5,0,0
4851,22.0465,4,0,0
4850,22.0465,4,0,0
4849,28.1818,5,0,0
4848,28.1818,5,0,0
4847,22.0465,4,0,0
4846,22.0465,4,0,0
4845,28.1818,5,0,0
4844,22.0465,4,0,0
4843,22.0465,4,0,0
4842,28.1818,5,0,0
4841,22.0465,4,0,0
4840,28.1818,5,0,0
4839,28.1818,5,0,0
4838,22.0465,4,0,0
4837,22.0465,4,0,0
4836,28.1818,5,0,0
4835,22.0465,4,0,0
4834,28.1818,5,0,0
4833,22.0465,4,0,0
4832,28.1818,5,0,0
4831,22.0465,4,0,0
4830,28.1818,5,0,0
4829,28.1818,5,0,0
4828,22.0465,4,0,0
4827,28.1818,5,0,0
4826,22.0465,4,0,0
4825,28.1818,5,0,0
4824,28.1818,5,0,0
4823,22.0465,4,0,0
4822,22.0465,4,0,0
4821,22.0465,4,0,0
4820,22.0465,4,0,0
4819,28.1818,5,0,0
4818,22.0465,4,0,0
4817,22.0465,4,0,0
4816,28.1818,5,0,0
4815,28.1818,5,0,0
4814,22.0465,4,0,0
4813,28.1818,5,0,0
4812,28.1818,5,0,0
4811,22.0465,4,0,0
4810,22.0465,4,0,0
4809,28.1818,5,0,0
4808,22.0465,4,0,0
4807,22.0465,4,0,0
4806,28.1818,5,0,0
4805,22.0465,4,0,0
4804,28.1818,5,0,0
4803,22.0465,4,0,0
4802,28.1818,5,0,0
4801,22.0465,4,0,0
4800,28.1818,5,0,0
4799,22.0465,4,0,0
4798,28.1818,5,0,0
4797,22.0465,4,0,0
4796,22.0465,4,0,0
4795,22.0465,4,0,0
4794,28.1818,5,0,0
4793,22.0465,4,0,0
4792,22.0465,4,0,0
4791,28.1818,5,0,0
4790,28.1818,5,0,0
4789,28.1818,5,0,0
4788,28.1818,5,0,0
4787,22.0465,4,0,0
4786,22.0465,4,0,0
4785,28.1818,5,0,0
4784,22.0465,4,0,0
4783,28.1818,5,0,0
4782,28.1818,5,0,0
4781,28.1818,5,0,0
4780,28.1818,5,0,0
4779,28.1818,5,0,0
4778,22.0465,4,0,0
4777,28.1818,5,0,0
4776,22.0465,4,0,0
4775,28.1818,5,0,0
4774,22.0465,4,0,0
4773,28.1818,5,0,0
4772,28.1818,5,0,0
4771,22.0465,4,0,0
4770,28.1818,5,0,0
4769,22.0465,4,0,0
4768,22.0465,4,0,0
4767,28.1818,5,0,0
4766,22.0465,4,0,0
4765,28.1818,5,0,0
4764,28.1818,5,0,0
4763,22.0465,4,0,0
4762,22.0465,4,0,0
4761,28.1818,5,0,0
4760,22.0465,4,0,0
4759,22.0465,4,0,0
4758,28.1818,5,0,0
4757,22.0465,4,0,0
4756,28.1818,5,0,0
4755,22.0465,4,0,0
4754,28.1818,5,0,0
4753,22.0465,4,0,0
4752,28.1818,5,0,0
4751,28.1818,5,0,0
4750,22.0465,4,0,0
4749,28.1818,5,0,0
4748,22.0465,4,0,0
4747,28.1818,5,0,0
4746,28.1818,5,0,0
4745,22.0465,4,0,0
4744,28.1818,5,0,0
4743,22.0465,4,0,0
4742,28.1818,5,0,0
4741,22.0465,4,0,0
4740,28.1818,5,0,0
4739,22.0465,4,0,0
4738,22.0465,4,0,0
4737,28.1818,5,0,0
4736,22.0465,4,0,0
4735,22.0465,4,0,0
4734,28.1818,5,0,0
4733,28.1818,5,0,0
4732,22.0465,4,0,0
4731,22.0465,4,0,0
4730,22.0465,4,0,0
4729,28.1818,5,0,0
4728,28.1818,5,0,0
4727,28.1818,5,0,0
4726,22.0465,4,0,0
4725,28.1818,5,0,0
4724,22.0465,4,0,0
4723,22.0465,4,0,0
4722,28.1818,5,0,0
4721,22.0465,4,0,0
4720,28.1818,5,0,0
4719,28.1818,5,0,0
4718,22.0465,4,0,0
4717,28.1818,5,0,0
4716,28.1818,5,0,0
4715,28.1818,5,0,0
4714,22.0465,4,0,0
4713,28.1818,5,0,0
4712,22.0465,4,0,0
4711,28.1818,5,0,0
4710,28.1818,5,0,0
4709,22.0465,4,0,0
4708,28.1818,5,0,0
4707,22.0465,4,0,0
4706,28.1818,5,0,0
4705,22.0465,4,0,0
4704,28.1818,5,0,0
4703,22.0465,4,0,0
4702,22.0465,4,0,0
4701,28.1818,5,0,0
4700,28.1818,5,0,0
4699,22.0465,4,0,0
4698,28.1818,5,0,0
4697,22.0465,4,0,0
4696,28.1818,5,0,0
4695,22.0465,4,0,0
4694,28.1818,5,0,0
4693,22.0465,4,0,0
4692,28.1818,5,0,0
4691,22.0465,4,0,0
4690,22.0465,4,0,0
4689,28.1818,5,0,0
4688,22.0465,4,0,0
4687,28.1818,5,0,0
4686,22.0465,4,0,0
4685,22.0465,4,0,0
4684,28.1818,5,0,0
4683,22.0465,4,0,0
4682,28.1818,5,0,0
4681,22.0465,4,0,0
4680,28.1818,5,0,0
4679,22.0465,4,0,0
4678,28.1818,5,0,0
4677,22.0465,4,0,0
4676,28.1818,5,0,0
4675,28.1818,5,0,0
4674,22.0465,4,0,0
4673,22.0465,4,0,0
4672,22.0465,4,0,0
4671,22.0465,4,0,0
4670,28.1818,5,0,0
4669,22.0465,4,0,0
4668,28.1818,5,0,0
4667,28.1818,5,0,0
4666,28.1818,5,0,0
4665,22.0465,4,0,0
4664,22.0465,4,0,0
4663,22.0465,4,0,0
4662,28.1818,5,0,0
4661,28.1818,5,0,0
4660,22.0465,4,0,0
4659,28.1818,5,0,0
4658,28.1818,5,0,0
4657,28.1818,5,0,0
4656,22.0465,4,0,0
4655,28.1818,5,0,0
4654,22.0465,4,0,0
4653,28.1818,5,0,0
4652,22.0465,4,0,0
4651,28.1818,5,0,0
4650,22.0465,4,0,0
4649,28.1818,5,0,0
4648,28.1818,5,0,0
4647,22.0465,4,0,0
4646,22.0465,4,0,0
4645,28.1818,5,0,0
4644,22.0465,4,0,0
4643,28.1818,5,0,0
4642,28.1818,5,0,0
4641,22.0465,4,0,0
4640,28.1818,5,0,0
4639,28.1818,5,0,0
4638,28.1818,5,0,0
4637,28.1818,5,0,0
4636,22.0465,4,0,0
4635,28.1818,5,0,0
4634,22.0465,4,0,0
4633,28.1818,5,0,0
4632,22.0465,4,0,0
4631,28.1818,5,0,0
4630,22.0465,4,0,0
4629,28.1818,5,0,0
4628,22.0465,4,0,0
4627,28.1818,5,0,0
4626,22.0465,4,0,0
4625,22.0465,4,0,0
4624,28.1818,5,0,0
4623,22.0465,4,0,0
4622,28.1818,5,0,0
4621,22.0465,4,0,0
4620,22.0465,4,0,0
4619,28.1818,5,0,0
4618,22.0465,4,0,0
4617,28.1818,5,0,0
4616,22.0465,4,0,0
4615,28.1818,5,0,0
4614,22.0465,4,0,0
4613,28.1818,5,0,0
4612,22.0465,4,0,0
4611,28.1818,5,0,0
4610,22.0465,4,0,0
4609,28.1818,5,0,0
4608,22.0465,4,0,0
4607,22.0465,4,0,0
4606,28.1818,5,0,0
4605,22.0465,4,0,0
4604,28.1818,5,0,0
4603,22.0465,4,0,0
4602,28.1818,5,0,0
4601,22.0465,4,0,0
4600,28.1818,5,0,0
4599,22.0465,4,0,0
4598,28.1818,5,0,0
4597,28.1818,5,0,0
4596,22.0465,4,0,0
4595,28.1818,5,0,0
4594,22.0465,4,0,0
4593,22.0465,4,0,0
4592,28.1818,5,0,0
4591,22.0465,4,0,0
4590,22.0465,4,0,0
4589,28.1818,5,0,0
4588,28.1818,5,0,0
4587,22.0465,4,0,0
4586,28.1818,5,0,0
4585,22.0465,4,0,0
4584,28.1818,5,0,0
4583,28.1818,5,0,0
4582,22.0465,4,0,0
4581,28.1818,5,0,0
4580,22.0465,4,0,0
4579,28.1818,5,0,0
4578,28.1818,5,0,0
4577,22.0465,4,0,0
4576,28.1818,5,0,0
4575,22.0465,4,0,0
4574,28.1818,5,0,0
4573,22.0465,4,0,0
4572,28.1818,5,0,0
4571,22.0465,4,0,0
4570,28.1818,5,0,0
4569,22.0465,4,0,0
4568,28.1818,5,0,0
4567,28.1818,5,0,0
4566,22.0465,4,0,0
4565,22.0465,4,0,0
4564,22.0465,4,0,0
4563,22.0465,4,0,0
4562,22.0465,4,0,0
4561,22.0465,4,0,0
4560,22.0465,4,0,0
4559,22.0465,4,0,0
4558,22.0465,4,0,0
4557,22.0465,4,0,0
4556,22.0465,4,0,0
4555,22.0465,4,0,0
4554,22.0465,4,0,0
4553,22.0465,4,0,0
4552,22.0465,4,0,0
4551,22.0465,4,0,0
4550,22.0465,4,0,0
4549,22.0465,4,0,0
4548,22.0465,4,0,0
4547,22.0465,4,0,0
4546,51.7895,10,0,0
4545,51.7895,10,0,0
4544,51.7895,10,0,0
4543,42,8,0,0
4542,51.7895,10,0,0
4541,42,8,0,0
4540,42,8,0,0
4539,42,8,0,0
4538,42,8,0,0
4537,42,8,0,0
4536,51.7895,10,0,0
4535,42,8,0,0
4534,42,8,0,0
4533,42,8,0,0
4532,51.7895,10,0,0
4531,42,8,0,0
4530,51.7895,10,0,0
4529,51.7895,10,0,0
4528,42,8,0,0
4527,51.7895,10,0,0
4526,42,8,0,0
4525,42,8,0,0
4524,42,8,0,0
4523,51.7895,10,0,0
4522,42,8,0,0
4521,51.7895,10,0,0
4520,42,8,0,0
4519,51.7895,10,0,0
4518,51.7895,10,0,0
4517,51.7895,10,0,0
4516,42,8,0,0
4515,51.7895,10,0,0
4514,42,8,0,0
4513,51.7895,10,0,0
4512,42,8,0,0
4511,51.7895,10,0,0
4510,42,8,0,0
4509,51.7895,10,0,0
4508,42,8,0,0
4507,51.7895,10,0,0
4506,51.7895,10,0,0
4505,42,8,0,0
4504,51.7895,10,0,0
4503,42,8,0,0
4502,51.7895,10,0,0
4501,42,8,0,0
4500,51.7895,10,0,0
4499,42,8,0,0
4498,51.7895,10,0,0
4497,42,8,0,0
4496,42,8,0,0
4495,51.7895,10,0,0
4494,42,8,0,0
4493,42,8,0,0
4492,42,8,0,0
4491,51.7895,10,0,0
4490,42,8,0,0
4489,51.7895,10,0,0
4488,51.7895,10,0,0
4487,42,8,0,0
4486,42,8,0,0
4485,51.7895,10,0,0
4484,42,8,0,0
4483,42,8,0,0
4482,51.7895,10,0,0
4481,42,8,0,0
4480,51.7895,10,0,0
4479,42,8,0,0
4478,51.7895,10,0,0
4477,51.7895,10,0,0
4476,42,8,0,0
4475,51.7895,10,0,0
4474,42,8,0,0
4473,51.7895,10,0,0
4472,42,8,0,0
4471,51.7895,10,0,0
4470,42,8,0,0
4469,51.7895,10,0,0
4468,51.7895,10,0,0
4467,42,8,0,0
4466,42,8,0,0
4465,42,8,0,0
4464,51.7895,10,0,0
4463,42,8,0,0
4462,42,8,0,0
4461,51.7895,10,0,0
4460,51.7895,10,0,0
4459,42,8,0,0
4458,51.7895,10,0,0
4457,42,8,0,0
4456,42,8,0,0
4455,51.7895,10,0,0
4454,42,8,0,0
4453,51.7895,10,0,0
4452,51.7895,10,0,0
4451,42,8,0,0
4450,42,8,0,0
4449,51.7895,10,0,0
4448,42,8,0,0
4447,51.7895,10,0,0
4446,42,8,0,0
4445,51.7895,10,0,0
4444,42,8,0,0
4443,51.7895,10,0,0
4442,42,8,0,0
4441,51.7895,10,0,0
4440,42,8,0,0
4439,51.7895,10,0,0
4438,42,8,0,0
4437,42,8,0,0
4436,42,8,0,0
4435,51.7895,10,0,0
4434,42,8,0,0
4433,42,8,0,0
4432,51.7895,10,0,0
4431,42,8,0,0
4430,51.7895,10,0,0
4429,42,8,0,0
4428,51.7895,10,0,0
4427,42,8,0,0
4426,51.7895,10,0,0
4425,51.7895,10,0,0
4424,42,8,0,0
4423,51.7895,10,0,0
4422,42,8,0,0
4421,51.7895,10,0,0
4420,42,8,0,0
4419,51.7895,10,0,0
4418,51.7895,10,0,0
4417,51.7895,10,0,0
4416,51.7895,10,0,0
4415,42,8,0,0
4414,51.7895,10,0,0
4413,51.7895,10,0,0
4412,42,8,0,0
4411,51.7895,10,0,0
4410,42,8,0,0
4409,42,8,0,0
4408,51.7895,10,0,0
4407,42,8,0,0
4406,51.7895,10,0,0
4405,51.7895,10,0,0
4404,42,8,0,0
4403,51.7895,10,0,0
4402,42,8,0,0
4401,42,8,0,0
4400,51.7895,10,0,0
4399,42,8,0,0
4398,42,8,0,0
4397,51.7895,10,0,0
4396,51.7895,10,0,0
4395,42,8,0,0
4394,51.7895,10,0,0
4393,51.7895,10,0,0
4392,42,8,0,0
4391,42,8,0,0
4390,51.7895,10,0,0
4389,42,8,0,0
4388,51.7895,10,0,0
4387,42,8,0,0
4386,51.7895,10,0,0
4385,42,8,0,0
4384,51.7895,10,0,0
4383,42,8,0,0
4382,51.7895,10,0,0
4381,51.7895,10,0,0
4380,42,8,0,0
4379,42,8,0,0
4378,51.7895,10,0,0
4377,42,8,0,0
4376,42,8,0,0
4375,51.7895,10,0,0
4374,42,8,0,0
4373,51.7895,10,0,0
4372,51.7895,10,0,0
4371,51.7895,10,0,0
4370,42,8,0,0
4369,51.7895,10,0,0
4368,42,8,0,0
4367,51.7895,10,0,0
4366,42,8,0,0
4365,42,8,0,0
4364,51.7895,10,0,0
4363,42,8,0,0
4362,42,8,0,0
4361,42,8,0,0
4360,51.7895,10,0,0
4359,42,8,0,0
4358,42,8,0,0
4357,51.7895,10,0,0
4356,42,8,0,0
4355,51.7895,10,0,0
4354,51.7895,10,0,0
4353,42,8,0,0
4352,51.7895,10,0,0
4351,42,8,0,0
4350,51.7895,10,0,0
4349,51.7895,10,0,0
4348,42,8,0,0
4347,51.7895,10,0,0
4346,42,8,0,0
4345,51.7895,10,0,0
4344,42,8,0,0
4343,51.7895,10,0,0
4342,42,8,0,0
4341,42,8,0,0
4340,42,8,0,0
4339,51.7895,10,0,0
4338,42,8,0,0
4337,51.7895,10,0,0
4336,51.7895,10,0,0
4335,42,8,0,0
4334,42,8,0,0
4333,42,8,0,0
4332,42,8,0,0
4331,42,8,0,0
4330,51.7895,10,0,0
4329,51.7895,10,0,0
4328,51.7895,10,0,0
4327,42,8,0,0
4326,51.7895,10,0,0
4325,51.7895,10,0,0
4324,42,8,0,0
4323,51.7895,10,0,0
4322,51.7895,10,0,0
4321,42,8,0,0
4320,51.7895,10,0,0
4319,51.7895,10,0,0
4318,42,8,0,0
4317,51.7895,10,0,0
4316,51.7895,10,0,0
4315,42,8,0,0
4314,42,8,0,0
4313,42,8,0,0
4312,51.7895,10,0,0
4311,42,8,0,0
4310,42,8,0,0
4309,42,8,0,0
4308,51.7895,10,0,0
4307,42,8,0,0
4306,51.7895,10,0,0
4305,42,8,0,0
4304,42,8,0,0
4303,51.7895,10,0,0
4302,42,8,0,0
4301,51.7895,10,0,0
4300,42,8,0,0
4299,42,8,0,0
4298,51.7895,10,0,0
4297,51.7895,10,0,0
4296,51.7895,10,0,0
4295,42,8,0,0
4294,42,8,0,0
4293,51.7895,10,0,0
4292,42,8,0,0
4291,51.7895,10,0,0
4290,51.7895,10,0,0
4289,42,8,0,0
4288,42,8,0,0
4287,51.7895,10,0,0
4286,51.7895,10,0,0
4285,51.7895,10,0,0
4284,42,8,0,0
4283,42,8,0,0
4282,51.7895,10,0,0
4281,42,8,0,0
4280,51.7895,10,0,0
4279,42,8,0,0
4278,51.7895,10,0,0
4277,42,8,0,0
4276,51.7895,10,0,0
4275,51.7895,10,0,0
4274,42,8,0,0
4273,51.7895,10,0,0
4272,42,8,0,0
4271,42,8,0,0
4270,51.7895,10,0,0
4269,42,8,0,0
4268,42,8,0,0
4267,51.7895,10,0,0
4266,42,8,0,0
4265,51.7895,10,0,0
4264,42,8,0,0
4263,42,8,0,0
4262,51.7895,10,0,0
4261,51.7895,10,0,0
4260,51.7895,10,0,0
4259,51.7895,10,0,0
4258,51.7895,10,0,0
4257,51.7895,10,0,0
4256,51.7895,10,0,0
4255,51.7895,10,0,0
4254,51.7895,10,0,0
4253,51.7895,10,0,0
4252,40.5,8,0,0
4251,25.3158,5,0,0
4250,40.5,8,0,0
4249,25.3158,5,0,0
4248,25.3158,5,0,0
4247,40.5,8,0,0
4246,40.5,8,0,0
4245,25.3158,5,0,0
4244,25.3158,5,0,0
4243,40.5,8,0,0
4242,25.3158,5,0,0
4241,25.3158,5,0,0
4240,40.5,8,0,0
4239,25.3158,5,0,0
4238,25.3158,5,0,0
4237,25.3158,5,0,0
4236,40.5,8,0,0
4235,25.3158,5,0,0
4234,25.3158,5,0,0
4233,40.5,8,0,0
4232,25.3158,5,0,0
4231,40.5,8,0,0
4230,40.5,8,0,0
4229,25.3158,5,0,0
4228,40.5,8,0,0
4227,25.3158,5,0,0
4226,40.5,8,0,0
4225,40.5,8,0,0
4224,25.3158,5,0,0
4223,40.5,8,0,0
4222,40.5,8,0,0
4221,25.3158,5,0,0
4220,25.3158,5,0,0
4219,25.3158,5,0,0
4218,40.5,8,0,0
4217,25.3158,5,0,0
4216,40.5,8,0,0
4215,25.3158,5,0,0
4214,40.5,8,0,0
4213,25.3158,5,0,0
4212,40.5,8,0,0
4211,40.5,8,0,0
4210,25.3158,5,0,0
4209,40.5,8,0,0
4208,25.3158,5,0,0
4207,40.5,8,0,0
4206,40.5,8,0,0
4205,40.5,8,0,0
4204,25.3158,5,0,0
4203,25.3158,5,0,0
4202,25.3158,5,0,0
4201,40.5,8,0,0
4200,40.5,8,0,0
4199,25.3158,5,0,0
4198,25.3158,5,0,0
4197,40.5,8,0,0
4196,25.3158,5,0,0
4195,25.3158,5,0,0
4194,25.3158,5,0,0
4193,40.5,8,0,0
4192,25.3158,5,0,0
4191,40.5,8,0,0
4190,40.5,8,0,0
4189,40.5,8,0,0
4188,25.3158,5,0,0
4187,40.5,8,0,0
4186,25.3158,5,0,0
4185,40.5,8,0,0
4184,25.3158,5,0,0
4183,40.5,8,0,0
4182,25.3158,5,0,0
4181,40.5,8,0,0
4180,25.3158,5,0,0
4179,40.5,8,0,0
4178,40.5,8,0,0
4177,25.3158,5,0,0
4176,40.5,8,0,0
4175,40.5,8,0,0
4174,25.3158,5,0,0
4173,40.5,8,0,0
4172,25.3158,5,0,0
4171,25.3158,5,0,0
4170,25.3158,5,0,0
4169,40.5,8,0,0
4168,25.3158,5,0,0
4167,25.3158,5,0,0
4166,40.5,8,0,0
4165,25.3158,5,0,0
4164,40.5,8,0,0
4163,25.3158,5,0,0
4162,40.5,8,0,0
4161,25.3158,5,0,0
4160,25.3158,5,0,0
4159,40.5,8,0,0
4158,40.5,8,0,0
4157,25.3158,5,0,0
4156,40.5,8,0,0
4155,25.3158,5,0,0
4154,40.5,8,0,0
4153,25.3158,5,0,0
4152,25.3158,5,0,0
4151,25.3158,5,0,0
4150,40.5,8,0,0
4149,25.3158,5,0,0
4148,25.3158,5,0,0
4147,40.5,8,0,0
4146,40.5,8,0,0
4145,40.5,8,0,0
4144,25.3158,5,0,0
4143,25.3158,5,0,0
4142,40.5,8,0,0
4141,25.3158,5,0,0
4140,40.5,8,0,0
4139,40.5,8,0,0
4138,40.5,8,0,0
4137,25.3158,5,0,0
4136,40.5,8,0,0
4135,40.5,8,0,0
4134,25.3158,5,0,0
4133,25.3158,5,0,0
4132,40.5,8,0,0
4131,25.3158,5,0,0
4130,40.5,8,0,0
4129,25.3158,5,0,0
4128,25.3158,5,0,0
4127,40.5,8,0,0
4126,40.5,8,0,0
4125,25.3158,5,0,0
4124,40.5,8,0,0
4123,40.5,8,0,0
4122,25.3158,5,0,0
4121,40.5,8,0,0
4120,25.3158,5,0,0
4119,40.5,8,0,0
4118,40.5,8,0,0
4117,40.5,8,0,0
4116,25.3158,5,0,0
4115,40.5,8,0,0
4114,25.3158,5,0,0
4113,25.3158,5,0,0
4112,25.3158,5,0,0
4111,40.5,8,0,0
4110,40.5,8,0,0
4109,25.3158,5,0,0
4108,40.5,8,0,0
4107,25.3158,5,0,0
4106,40.5,8,0,0
4105,25.3158,5,0,0
4104,40.5,8,0,0
4103,25.3158,5,0,0
4102,40.5,8,0,0
4101,25.3158,5,0,0
4100,25.3158,5,0,0
4099,25.3158,5,0,0
4098,25.3158,5,0,0
4097,40.5,8,0,0
4096,40.5,8,0,0
4095,40.5,8,0,0
4094,25.3158,5,0,0
4093,25.3158,5,0,0
4092,40.5,8,0,0
4091,40.5,8,0,0
4090,40.5,8,0,0
4089,40.5,8,0,0
4088,25.3158,5,0,0
4087,25.3158,5,0,0
4086,40.5,8,0,0
4085,25.3158,5,0,0
4084,40.5,8,0,0
4083,25.3158,5,0,0
4082,40.5,8,0,0
4081,40.5,8,0,0
4080,25.3158,5,0,0
4079,40.5,8,0,0
4078,40.5,8,0,0
4077,40.5,8,0,0
4076,25.3158,5,0,0
4075,25.3158,5,0,0
4074,25.3158,5,0,0
4073,40.5,8,0,0
4072,40.5,8,0,0
4071,25.3158,5,0,0
4070,40.5,8,0,0
4069,25.3158,5,0,0
4068,40.5,8,0,0
4067,25.3158,5,0,0
4066,40.5,8,0,0
4065,40.5,8,0,0
4064,40.5,8,0,0
4063,25.3158,5,0,0
4062,25.3158,5,0,0
4061,40.5,8,0,0
4060,40.5,8,0,0
4059,40.5,8,0,0
4058,25.3158,5,0,0
4057,40.5,8,0,0
4056,25.3158,5,0,0
4055,40.5,8,0,0
4054,25.3158,5,0,0
4053,40.5,8,0,0
4052,25.3158,5,0,0
4051,25.3158,5,0,0
4050,40.5,8,0,0
4049,25.3158,5,0,0
4048,25.3158,5,0,0
4047,40.5,8,0,0
4046,40.5,8,0,0
4045,25.3158,5,0,0
4044,40.5,8,0,0
4043,25.3158,5,0,0
4042,25.3158,5,0,0
4041,40.5,8,0,0
4040,40.5,8,0,0
4039,25.3158,5,0,0
4038,25.3158,5,0,0
4037,25.3158,5,0,0
4036,25.3158,5,0,0
4035,25.3158,5,0,0
4034,25.3158,5,0,0
4033,25.3158,5,0,0
4032,25.3158,5,0,0
4031,25.3158,5,0,0
4030,25.3158,5,0,0
4029,25.3158,5,0,0
4028,25.3158,5,0,0
4027,25.3158,5,0,0
4026,25.3158,5,0,0
4025,25.3158,5,0,0
4024,25.3158,5,0,0
4023,25.3158,5,0,0
4022,187,74,0,0
4021,29.6875,5,0,0
4020,187,74,0,0
4019,29.6875,5,0,0
4018,187,74,0,0
4017,29.6875,5,0,0
4016,187,74,0,0
4015,29.6875,5,0,0
4014,187,74,0,0
4013,29.6875,5,0,0
4012,29.6875,5,0,0
4011,187,74,0,0
4010,29.6875,5,0,0
4009,29.6875,5,0,0
4008,187,74,0,0
4007,29.6875,5,0,0
4006,187,74,0,0
4005,29.6875,5,0,0
4004,29.6875,5,0,0
4003,187,74,0,0
4002,187,74,0,0
4001,29.6875,5,0,0
4000,187,74,0,0
3999,29.6875,5,0,0
3998,187,74,0,0
3997,29.6875,5,0,0
3996,29.6875,5,0,0
3995,187,74,0,0
3994,29.6875,5,0,0
3993,29.6875,5,0,0
3992,29.6875,5,0,0
3991,187,74,0,0
3990,187,74,0,0
3989,29.6875,5,0,0
3988,29.6875,5,0,0
3987,29.6875,5,0,0
3986,187,74,0,0
3985,29.6875,5,0,0
3984,187,74,0,0
3983,29.6875,5,0,0
3982,187,74,0,0
3981,29.6875,5,0,0
3980,187,74,0,0
3979,29.6875,5,0,0
3978,187,74,0,0
3977,29.6875,5,0,0
3976,187,74,0,0
3975,29.6875,5,0,0
3974,187,74,0,0
3973,29.6875,5,0,0
3972,187,74,0,0
3971,29.6875,5,0,0
3970,187,74,0,0
3969,187,74,0,0
3968,29.6875,5,0,0
3967,29.6875,5,0,0
3966,187,74,0,0
3965,29.6875,5,0,0
3964,29.6875,5,0,0
3963,29.6875,5,0,0
3962,187,74,0,0
3961,29.6875,5,0,0
3960,187,74,0,0
3959,29.6875,5,0,0
3958,187,74,0,0
3957,187,74,0,0
3956,187,74,0,0
3955,20.8333,4,0,0
3954,56.375,11,0,0
3953,56.375,11,0,0
3952,56.375,11,0,0
3951,20.8333,4,0,0
3950,56.375,11,0,0
3949,20.8333,4,0,0
3948,56.375,11,0,0
3947,56.375,11,0,0
3946,20.8333,4,0,0
3945,20.8333,4,0,0
3944,20.8333,4,0,0
3943,56.375,11,0,0
3942,20.8333,4,0,0
3941,56.375,11,0,0
3940,20.8333,4,0,0
3939,20.8333,4,0,0
3938,56.375,11,0,0
3937,20.8333,4,0,0
3936,56.375,11,0,0
3935,20.8333,4,0,0
3934,56.375,11,0,0
3933,20.8333,4,0,0
3932,56.375,11,0,0
3931,56.375,11,0,0
3930,20.8333,4,0,0
3929,56.375,11,0,0
3928,56.375,11,0,0
3927,20.8333,4,0,0
3926,20.8333,4,0,0
3925,20.8333,4,0,0
3924,20.8333,4,0,0
3923,20.8333,4,0,0
3922,56.375,11,0,0
3921,20.8333,4,0,0
3920,56.375,11,0,0
3919,56.375,11,0,0
3918,20.8333,4,0,0
3917,56.375,11,0,0
3916,20.8333,4,0,0
3915,56.375,11,0,0
3914,20.8333,4,0,0
3913,56.375,11,0,0
3912,20.8333,4,0,0
3911,20.8333,4,0,0
3910,20.8333,4,0,0
3909,56.375,11,0,0
3908,20.8333,4,0,0
3907,56.375,11,0,0
3906,20.8333,4,0,0
3905,56.375,11,0,0
3904,20.8333,4,0,0
3903,56.375,11,0,0
3902,20.8333,4,0,0
3901,56.375,11,0,0
3900,56.375,11,0,0
3899,56.375,11,0,0
3898,20.8333,4,0,0
3897,20.8333,4,0,0
3896,56.375,11,0,0
3895,20.8333,4,0,0
3894,56.375,11,0,0
3893,20.8333,4,0,0
3892,20.8333,4,0,0
3891,56.375,11,0,0
3890,20.8333,4,0,0
3889,20.8333,4,0,0
3888,56.375,11,0,0
3887,56.375,11,0,0
3886,20.8333,4,0,0
3885,56.375,11,0,0
3884,56.375,11,0,0
3883,56.375,11,0,0
3882,20.8333,4,0,0
3881,56.375,11,0,0
3880,56.375,11,0,0
3879,20.8333,4,0,0
3878,20.8333,4,0,0
3877,56.375,11,0,0
3876,20.8333,4,0,0
3875,56.375,11,0,0
3874,20.8333,4,0,0
3873,20.8333,4,0,0
3872,20.8333,4,0,0
3871,56.375,11,0,0
3870,20.8333,4,0,0
3869,56.375,11,0,0
3868,20.8333,4,0,0
3867,20.8333,4,0,0
3866,56.375,11,0,0
3865,20.8333,4,0,0
3864,20.8333,4,0,0
3863,56.375,11,0,0
3862,56.375,11,0,0
3861,56.375,11,0,0
3860,20.8333,4,0,0
3859,56.375,11,0,0
3858,20.8333,4,0,0
3857,56.375,11,0,0
3856,20.8333,4,0,0
3855,20.8333,4,0,0
3854,20.8333,4,0,0
3853,56.375,11,0,0
3852,20.8333,4,0,0
3851,56.375,11,0,0
3850,20.8333,4,0,0
3849,20.8333,4,0,0
3848,56.375,11,0,0
3847,20.8333,4,0,0
3846,56.375,11,0,0
3845,20.8333,4,0,0
3844,20.8333,4,0,0
3843,56.375,11,0,0
3842,20.8333,4,0,0
3841,56.375,11,0,0
3840,20.8333,4,0,0
3839,56.375,11,0,0
3838,56.375,11,0,0
3837,20.8333,4,0,0
3836,20.8333,4,0,0
3835,20.8333,4,0,0
3834,56.375,11,0,0
3833,20.8333,4,0,0
3832,56.375,11,0,0
3831,20.8333,4,0,0
3830,20.8333,4,0,0
3829,20.8333,4,0,0
3828,56.375,11,0,0
3827,20.8333,4,0,0
3826,56.375,11,0,0
3825,20.8333,4,0,0
3824,20.8333,4,0,0
3823,56.375,11,0,0
3822,56.375,11,0,0
3821,56.375,11,0,0
3820,20.8333,4,0,0
3819,56.375,11,0,0
3818,56.375,11,0,0
3817,20.8333,4,0,0
3816,20.8333,4,0,0
3815,56.375,11,0,0
3814,56.375,11,0,0
3813,20.8333,4,0,0
3812,20.8333,4,0,0
3811,20.8333,4,0,0
3810,56.375,11,0,0
3809,20.8333,4,0,0
3808,56.375,11,0,0
3807,20.8333,4,0,0
3806,56.375,11,0,0
3805,20.8333,4,0,0
3804,56.375,11,0,0
3803,20.8333,4,0,0
3802,56.375,11,0,0
3801,56.375,11,0,0
3800,20.8333,4,0,0
3799,56.375,11,0,0
3798,20.8333,4,0,0
3797,56.375,11,0,0
3796,20.8333,4,0,0
3795,56.375,11,0,0
3794,20.8333,4,0,0
3793,56.375,11,0,0
3792,56.375,11,0,0
3791,56.375,11,0,0
3790,20.8333,4,0,0
3789,56.375,11,0,0
3788,20.8333,4,0,0
3787,56.375,11,0,0
3786,20.8333,4,0,0
3785,20.8333,4,0,0
3784,56.375,11,0,0
3783,56.375,11,0,0
3782,20.8333,4,0,0
3781,56.375,11,0,0
3780,56.375,11,0,0
3779,20.8333,4,0,0
3778,56.375,11,0,0
3777,20.8333,4,0,0
3776,56.375,11,0,0
3775,56.375,11,0,0
3774,20.8333,4,0,0
3773,20.8333,4,0,0
3772,56.375,11,0,0
3771,20.8333,4,0,0
3770,56.375,11,0,0
3769,20.8333,4,0,0
3768,56.375,11,0,0
3767,56.375,11,0,0
3766,56.375,11,0,0
3765,56.375,11,0,0
3764,20.8333,4,0,0
3763,56.375,11,0,0
3762,20.8333,4,0,0
3761,20.8333,4,0,0
3760,56.375,11,0,0
3759,20.8333,4,0,0
3758,56.375,11,0,0
3757,20.8333,4,0,0
3756,20.8333,4,0,0
3755,56.375,11,0,0
3754,20.8333,4,0,0
3753,56.375,11,0,0
3752,20.8333,4,0,0
3751,56.375,11,0,0
3750,20.8333,4,0,0
3749,20.8333,4,0,0
3748,56.375,11,0,0
3747,20.8333,4,0,0
3746,20.8333,4,0,0
3745,56.375,11,0,0
3744,56.375,11,0,0
3743,56.375,11,0,0
3742,20.8333,4,0,0
3741,56.375,11,0,0
3740,20.8333,4,0,0
3739,56.375,11,0,0
3738,56.375,11,0,0
3737,20.8333,4,0,0
3736,56.375,11,0,0
3735,20.8333,4,0,0
3734,56.375,11,0,0
3733,20.8333,4,0,0
3732,20.8333,4,0,0
3731,56.375,11,0,0
3730,20.8333,4,0,0
3729,20.8333,4,0,0
3728,56.375,11,0,0
3727,20.8333,4,0,0
3726,56.375,11,0,0
3725,20.8333,4,0,0
3724,56.375,11,0,0
3723,20.8333,4,0,0
3722,56.375,11,0,0
3721,56.375,11,0,0
3720,20.8333,4,0,0
3719,56.375,11,0,0
3718,20.8333,4,0,0
3717,56.375,11,0,0
3716,56.375,11,0,0
3715,56.375,11,0,0
3714,20.8333,4,0,0
3713,20.8333,4,0,0
3712,56.375,11,0,0
3711,20.8333,4,0,0
3710,20.8333,4,0,0
3709,56.375,11,0,0
3708,56.375,11,0,0
3707,20.8333,4,0,0
3706,20.8333,4,0,0
3705,56.375,11,0,0
3704,20.8333,4,0,0
3703,56.375,11,0,0
3702,20.8333,4,0,0
3701,56.375,11,0,0
3700,56.375,11,0,0
3699,20.8333,4,0,0
3698,56.375,11,0,0
3697,20.8333,4,0,0
3696,56.375,11,0,0
3695,20.8333,4,0,0
3694,20.8333,4,0,0
3693,20.8333,4,0,0
3692,56.375,11,0,0
3691,20.8333,4,0,0
3690,56.375,11,0,0
3689,20.8333,4,0,0
3688,20.8333,4,0,0
3687,56.375,11,0,0
3686,20.8333,4,0,0
3685,20.8333,4,0,0
3684,56.375,11,0,0
3683,20.8333,4,0,0
3682,56.375,11,0,0
3681,20.8333,4,0,0
3680,56.375,11,0,0
3679,20.8333,4,0,0
3678,20.8333,4,0,0
3677,56.375,11,0,0
3676,20.8333,4,0,0
3675,56.375,11,0,0
3674,20.8333,4,0,0
3673,56.375,11,0,0
3672,20.8333,4,0,0
3671,56.375,11,0,0
3670,20.8333,4,0,0
3669,56.375,11,0,0
3668,56.375,11,0,0
3667,20.8333,4,0,0
3666,56.375,11,0,0
3665,20.8333,4,0,0
3664,56.375,11,0,0
3663,20.8333,4,0,0
3662,56.375,11,0,0
3661,56.375,11,0,0
3660,56.375,11,0,0
3659,20.8333,4,0,0
3658,56.375,11,0,0
3657,20.8333,4,0,0
3656,56.375,11,0,0
3655,20.8333,4,0,0
3654,20.8333,4,0,0
3653,56.375,11,0,0
3652,20.8333,4,0,0
3651,56.375,11,0,0
3650,20.8333,4,0,0
3649,20.8333,4,0,0
3648,56.375,11,0,0
3647,20.8333,4,0,0
3646,56.375,11,0,0
3645,20.8333,4,0,0
3644,56.375,11,0,0
3643,20.8333,4,0,0
3642,56.375,11,0,0
3641,20.8333,4,0,0
3640,56.375,11,0,0
3639,20.8333,4,0,0
3638,20.8333,4,0,0
3637,56.375,11,0,0
3636,56.375,11,0,0
3635,20.8333,4,0,0
3634,20.8333,4,0,0
3633,56.375,11,0,0
3632,56.375,11,0,0
3631,56.375,11,0,0
3630,56.375,11,0,0
3629,56.375,11,0,0
3628,56.375,11,0,0
3627,94.3333,18,0,0
3626,20.7317,4,0,0
3625,20.7317,4,0,0
3624,20.7317,4,0,0
3623,94.3333,18,0,0
3622,20.7317,4,0,0
3621,94.3333,18,0,0
3620,20.7317,4,0,0
3619,94.3333,18,0,0
3618,94.3333,18,0,0
3617,20.7317,4,0,0
3616,20.7317,4,0,0
3615,94.3333,18,0,0
3614,94.3333,18,0,0
3613,94.3333,18,0,0
3612,94.3333,18,0,0
3611,20.7317,4,0,0
3610,20.7317,4,0,0
3609,94.3333,18,0,0
3608,20.7317,4,0,0
3607,20.7317,4,0,0
3606,94.3333,18,0,0
3605,20.7317,4,0,0
3604,94.3333,18,0,0
3603,20.7317,4,0,0
3602,94.3333,18,0,0
3601,94.3333,18,0,0
3600,20.7317,4,0,0
3599,94.3333,18,0,0
3598,94.3333,18,0,0
3597,20.7317,4,0,0
3596,20.7317,4,0,0
3595,94.3333,18,0,0
3594,20.7317,4,0,0
3593,94.3333,18,0,0
3592,20.7317,4,0,0
3591,20.7317,4,0,0
3590,94.3333,18,0,0
3589,94.3333,18,0,0
3588,94.3333,18,0,0
3587,94.3333,18,0,0
3586,20.7317,4,0,0
3585,94.3333,18,0,0
3584,94.3333,18,0,0
3583,20.7317,4,0,0
3582,94.3333,18,0,0
3581,94.3333,18,0,0
3580,20.7317,4,0,0
3579,94.3333,18,0,0
3578,20.7317,4,0,0
3577,20.7317,4,0,0
3576,94.3333,18,0,0
3575,20.7317,4,0,0
3574,94.3333,18,0,0
3573,20.7317,4,0,0
3572,94.3333,18,0,0
3571,94.3333,18,0,0
3570,94.3333,18,0,0
3569,20.7317,4,0,0
3568,94.3333,18,0,0
3567,94.3333,18,0,0
3566,20.7317,4,0,0
3565,94.3333,18,0,0
3564,94.3333,18,0,0
3563,20.7317,4,0,0
3562,20.7317,4,0,0
3561,94.3333,18,0,0
3560,94.3333,18,0,0
3559,20.7317,4,0,0
3558,20.7317,4,0,0
3557,94.3333,18,0,0
3556,94.3333,18,0,0
3555,94.3333,18,0,0
3554,20.7317,4,0,0
3553,94.3333,18,0,0
3552,20.7317,4,0,0
3551,20.7317,4,0,0
3550,94.3333,18,0,0
3549,94.3333,18,0,0
3548,94.3333,18,0,0
3547,94.3333,18,0,0
3546,94.3333,18,0,0
3545,20.7317,4,0,0
3544,94.3333,18,0,0
3543,94.3333,18,0,0
3542,20.7317,4,0,0
3541,94.3333,18,0,0
3540,20.7317,4,0,0
3539,94.3333,18,0,0
3538,20.7317,4,0,0
3537,20.7317,4,0,0
3536,94.3333,18,0,0
3535,20.7317,4,0,0
3534,94.3333,18,0,0
3533,94.3333,18,0,0
3532,20.7317,4,0,0
3531,94.3333,18,0,0
3530,20.7317,4,0,0
3529,20.7317,4,0,0
3528,94.3333,18,0,0
3527,94.3333,18,0,0
3526,20.7317,4,0,0
3525,20.7317,4,0,0
3524,94.3333,18,0,0
3523,20.7317,4,0,0
3522,94.3333,18,0,0
3521,20.7317,4,0,0
3520,94.3333,18,0,0
3519,94.3333,18,0,0
3518,20.7317,4,0,0
3517,94.3333,18,0,0
3516,94.3333,18,0,0
3515,20.7317,4,0,0
3514,94.3333,18,0,0
3513,20.7317,4,0,0
3512,94.3333,18,0,0
3511,94.3333,18,0,0
3510,20.7317,4,0,0
3509,94.3333,18,0,0
3508,94.3333,18,0,0
3507,20.7317,4,0,0
3506,94.3333,18,0,0
3505,20.7317,4,0,0
3504,20.7317,4,0,0
3503,94.3333,18,0,0
3502,20.7317,4,0,0
3501,94.3333,18,0,0
3500,20.7317,4,0,0
3499,20.7317,4,0,0
3498,94.3333,18,0,0
3497,20.7317,4,0,0
3496,94.3333,18,0,0
3495,20.7317,4,0,0
3494,94.3333,18,0,0
3493,20.7317,4,0,0
3492,20.7317,4,0,0
3491,20.7317,4,0,0
3490,94.3333,18,0,0
3489,20.7317,4,0,0
3488,94.3333,18,0,0
3487,20.7317,4,0,0
3486,94.3333,18,0,0
3485,20.7317,4,0,0
3484,94.3333,18,0,0
3483,20.7317,4,0,0
3482,94.3333,18,0,0
3481,20.7317,4,0,0
3480,20.7317,4,0,0
3479,94.3333,18,0,0
3478,20.7317,4,0,0
3477,20.7317,4,0,0
3476,20.7317,4,0,0
3475,94.3333,18,0,0
3474,20.7317,4,0,0
3473,20.7317,4,0,0
3472,20.7317,4,0,0
3471,94.3333,18,0,0
3470,20.7317,4,0,0
3469,20.7317,4,0,0
3468,94.3333,18,0,0
3467,20.7317,4,0,0
3466,94.3333,18,0,0
3465,94.3333,18,0,0
3464,20.7317,4,0,0
3463,94.3333,18,0,0
3462,20.7317,4,0,0
3461,94.3333,18,0,0
3460,94.3333,18,0,0
3459,94.3333,18,0,0
3458,20.7317,4,0,0
3457,94.3333,18,0,0
3456,20.7317,4,0,0
3455,20.7317,4,0,0
3454,94.3333,18,0,0
3453,20.7317,4,0,0
3452,94.3333,18,0,0
3451,20.7317,4,0,0
3450,94.3333,18,0,0
3449,20.7317,4,0,0
3448,94.3333,18,0,0
3447,94.3333,18,0,0
3446,20.7317,4,0,0
3445,94.3333,18,0,0
3444,20.7317,4,0,0
3443,94.3333,18,0,0
3442,20.7317,4,0,0
3441,20.7317,4,0,0
3440,20.7317,4,0,0
3439,20.7317,4,0,0
3438,20.7317,4,0,0
3437,20.7317,4,0,0
3436,20.7317,4,0,0
3435,20.7317,4,0,0
3434,20.7317,4,0,0
3433,20.7317,4,0,0
3432,20.7317,4,0,0
3431,20.7317,4,0,0
3430,20.7317,4,0,0
3429,20.7317,4,0,0
3428,20.7317,4,0,0
3427,20.7317,4,0,0
3426,20.7317,4,0,0
3425,20.7317,4,0,0
3424,22.9535,4,0,0
3423,45.7778,9,0,0
3422,45.7778,9,0,0
3421,22.9535,4,0,0
3420,22.9535,4,0,0
3419,22.9535,4,0,0
3418,22.9535,4,0,0
3417,45.7778,9,0,0
3416,22.9535,4,0,0
3415,45.7778,9,0,0
3414,45.7778,9,0,0
3413,22.9535,4,0,0
3412,45.7778,9,0,0
3411,22.9535,4,0,0
3410,45.7778,9,0,0
3409,22.9535,4,0,0
3408,45.7778,9,0,0
3407,22.9535,4,0,0
3406,22.9535,4,0,0
3405,45.7778,9,0,0
3404,45.7778,9,0,0
3403,45.7778,9,0,0
3402,22.9535,4,0,0
3401,45.7778,9,0,0
3400,45.7778,9,0,0
3399,22.9535,4,0,0
3398,45.7778,9,0,0
3397,22.9535,4,0,0
3396,45.7778,9,0,0
3395,45.7778,9,0,0
3394,45.7778,9,0,0
3393,22.9535,4,0,0
3392,45.7778,9,0,0
3391,22.9535,4,0,0
3390,45.7778,9,0,0
3389,22.9535,4,0,0
3388,45.7778,9,0,0
3387,22.9535,4,0,0
3386,45.7778,9,0,0
3385,45.7778,9,0,0
3384,22.9535,4,0,0
3383,45.7778,9,0,0
3382,22.9535,4,0,0
3381,45.7778,9,0,0
3380,22.9535,4,0,0
3379,22.9535,4,0,0
3378,45.7778,9,0,0
3377,22.9535,4,0,0
3376,45.7778,9,0,0
3375,45.7778,9,0,0
3374,22.9535,4,0,0
3373,22.9535,4,0,0
3372,45.7778,9,0,0
3371,22.9535,4,0,0
3370,45.7778,9,0,0
3369,22.9535,4,0,0
3368,45.7778,9,0,0
3367,22.9535,4,0,0
3366,45.7778,9,0,0
3365,22.9535,4,0,0
3364,45.7778,9,0,0
3363,45.7778,9,0,0
3362,22.9535,4,0,0
3361,45.7778,9,0,0
3360,45.7778,9,0,0
3359,45.7778,9,0,0
3358,45.7778,9,0,0
3357,22.9535,4,0,0
3356,45.7778,9,0,0
3355,22.9535,4,0,0
3354,45.7778,9,0,0
3353,22.9535,4,0,0
3352,45.7778,9,0,0
3351,22.9535,4,0,0
3350,45.7778,9,0,0
3349,45.7778,9,0,0
3348,22.9535,4,0,0
3347,22.9535,4,0,0
3346,45.7778,9,0,0
3345,45.7778,9,0,0
3344,45.7778,9,0,0
3343,22.9535,4,0,0
3342,22.9535,4,0,0
3341,22.9535,4,0,0
3340,45.7778,9,0,0
3339,22.9535,4,0,0
3338,45.7778,9,0,0
3337,45.7778,9,0,0
3336,22.9535,4,0,0
3335,22.9535,4,0,0
3334,45.7778,9,0,0
3333,22.9535,4,0,0
3332,45.7778,9,0,0
3331,22.9535,4,0,0
3330,22.9535,4,0,0
3329,45.7778,9,0,0
3328,22.9535,4,0,0
3327,22.9535,4,0,0
3326,45.7778,9,0,0
3325,22.9535,4,0,0
3324,45.7778,9,0,0
3323,22.9535,4,0,0
3322,22.9535,4,0,0
3321,45.7778,9,0,0
3320,22.9535,4,0,0
3319,45.7778,9,0,0
3318,22.9535,4,0,0
3317,22.9535,4,0,0
3316,45.7778,9,0,0
3315,45.7778,9,0,0
3314,22.9535,4,0,0
3313,45.7778,9,0,0
3312,22.9535,4,0,0
3311,22.9535,4,0,0
3310,22.9535,4,0,0
3309,22.9535,4,0,0
3308,45.7778,9,0,0
3307,45.7778,9,0,0
3306,22.9535,4,0,0
3305,22.9535,4,0,0
3304,45.7778,9,0,0
3303,22.9535,4,0,0
3302,45.7778,9,0,0
3301,22.9535,4,0,0
3300,45.7778,9,0,0
3299,22.9535,4,0,0
3298,45.7778,9,0,0
3297,22.9535,4,0,0
3296,22.9535,4,0,0
3295,22.9535,4,0,0
3294,45.7778,9,0,0
3293,22.9535,4,0,0
3292,45.7778,9,0,0
3291,22.9535,4,0,0
3290,22.9535,4,0,0
3289,45.7778,9,0,0
3288,22.9535,4,0,0
3287,45.7778,9,0,0
3286,22.9535,4,0,0
3285,45.7778,9,0,0
3284,22.9535,4,0,0
3283,45.7778,9,0,0
3282,22.9535,4,0,0
3281,45.7778,9,0,0
3280,22.9535,4,0,0
3279,45.7778,9,0,0
3278,22.9535,4,0,0
3277,45.7778,9,0,0
3276,22.9535,4,0,0
3275,22.9535,4,0,0
3274,45.7778,9,0,0
3273,22.9535,4,0,0
3272,22.9535,4,0,0
3271,45.7778,9,0,0
3270,45.7778,9,0,0
3269,22.9535,4,0,0
3268,45.7778,9,0,0
3267,45.7778,9,0,0
3266,45.7778,9,0,0
3265,22.9535,4,0,0
3264,45.7778,9,0,0
3263,45.7778,9,0,0
3262,22.9535,4,0,0
3261,45.7778,9,0,0
3260,45.7778,9,0,0
3259,45.7778,9,0,0
3258,22.9535,4,0,0
3257,45.7778,9,0,0
3256,22.9535,4,0,0
3255,22.9535,4,0,0
3254,45.7778,9,0,0
3253,22.9535,4,0,0
3252,45.7778,9,0,0
3251,22.9535,4,0,0
3250,45.7778,9,0,0
3249,45.7778,9,0,0
3248,22.9535,4,0,0
3247,45.7778,9,0,0
3246,22.9535,4,0,0
3245,22.9535,4,0,0
3244,45.7778,9,0,0
3243,22.9535,4,0,0
3242,45.7778,9,0,0
3241,22.9535,4,0,0
3240,45.7778,9,0,0
3239,22.9535,4,0,0
3238,45.7778,9,0,0
3237,45.7778,9,0,0
3236,22.9535,4,0,0
3235,45.7778,9,0,0
3234,45.7778,9,0,0
3233,22.9535,4,0,0
3232,45.7778,9,0,0
3231,22.9535,4,0,0
3230,22.9535,4,0,0
3229,45.7778,9,0,0
3228,22.9535,4,0,0
3227,22.9535,4,0,0
3226,22.9535,4,0,0
3225,45.7778,9,0,0
3224,22.9535,4,0,0
3223,45.7778,9,0,0
3222,22.9535,4,0,0
3221,45.7778,9,0,0
3220,22.9535,4,0,0
3219,45.7778,9,0,0
3218,22.9535,4,0,0
3217,45.7778,9,0,0
3216,45.7778,9,0,0
3215,45.7778,9,0,0
3214,22.9535,4,0,0
3213,22.9535,4,0,0
3212,45.7778,9,0,0
3211,22.9535,4,0,0
3210,45.7778,9,0,0
3209,22.9535,4,0,0
3208,45.7778,9,0,0
3207,45.7778,9,0,0
3206,22.9535,4,0,0
3205,45.7778,9,0,0
3204,45.7778,9,0,0
3203,45.7778,9,0,0
3202,45.7778,9,0,0
3201,22.9535,4,0,0
3200,45.7778,9,0,0
3199,22.9535,4,0,0
3198,45.7778,9,0,0
3197,22.9535,4,0,0
3196,45.7778,9,0,0
3195,22.9535,4,0,0
3194,45.7778,9,0,0
3193,45.7778,9,0,0
3192,22.9535,4,0,0
3191,45.7778,9,0,0
3190,45.7778,9,0,0
3189,22.9535,4,0,0
3188,45.7778,9,0,0
3187,22.9535,4,0,0
3186,45.7778,9,0,0
3185,22.9535,4,0,0
3184,45.7778,9,0,0
3183,22.9535,4,0,0
3182,45.7778,9,0,0
3181,45.7778,9,0,0
3180,22.9535,4,0,0
3179,45.7778,9,0,0
3178,22.9535,4,0,0
3177,45.7778,9,0,0
3176,22.9535,4,0,0
3175,22.9535,4,0,0
3174,45.7778,9,0,0
3173,22.9535,4,0,0
3172,45.7778,9,0,0
3171,22.9535,4,0,0
3170,22.9535,4,0,0
3169,45.7778,9,0,0
3168,22.9535,4,0,0
3167,45.7778,9,0,0
3166,22.9535,4,0,0
3165,45.7778,9,0,0
3164,22.9535,4,0,0
3163,22.9535,4,0,0
3162,45.7778,9,0,0
3161,22.9535,4,0,0
3160,45.7778,9,0,0
3159,22.9535,4,0,0
3158,45.7778,9,0,0
3157,22.9535,4,0,0
3156,45.7778,9,0,0
3155,45.7778,9,0,0
3154,22.9535,4,0,0
3153,45.7778,9,0,0
3152,45.7778,9,0,0
3151,22.9535,4,0,0
3150,45.7778,9,0,0
3149,22.9535,4,0,0
3148,45.7778,9,0,0
3147,45.7778,9,0,0
3146,22.9535,4,0,0
3145,45.7778,9,0,0
3144,22.9535,4,0,0
3143,22.9535,4,0,0
3142,45.7778,9,0,0
3141,22.9535,4,0,0
3140,22.9535,4,0,0
3139,45.7778,9,0,0
3138,22.9535,4,0,0
3137,45.7778,9,0,0
3136,45.7778,9,0,0
3135,22.9535,4,0,0
3134,45.7778,9,0,0
3133,22.9535,4,0,0
3132,45.7778,9,0,0
3131,22.9535,4,0,0
3130,45.7778,9,0,0
3129,45.7778,9,0,0
3128,45.7778,9,0,0
3127,45.7778,9,0,0
3126,22.9535,4,0,0
3125,22.9535,4,0,0
3124,45.7778,9,0,0
3123,22.9535,4,0,0
3122,45.7778,9,0,0
3121,22.9535,4,0,0
3120,45.7778,9,0,0
3119,22.9535,4,0,0
3118,22.9535,4,0,0
3117,45.7778,9,0,0
3116,22.9535,4,0,0
3115,45.7778,9,0,0
3114,45.7778,9,0,0
3113,22.9535,4,0,0
3112,22.9535,4,0,0
3111,22.9535,4,0,0
3110,22.9535,4,0,0
3109,22.9535,4,0,0
3108,22.9535,4,0,0
3107,22.9535,4,0,0
3106,22.9535,4,0,0
3105,22.9535,4,0,0
3104,22.9535,4,0,0
3103,22.9535,4,0,0
3102,22.9535,4,0,0
3101,22.9535,4,0,0
3100,22.9535,4,0,0
3099,22.9535,4,0,0
3098,22.9535,4,0,0
3097,22.9535,4,0,0
3096,22.9535,4,0,0
3095,155.333,62,0,0
3094,54,10,0,0
3093,54,10,0,0
3092,155.333,62,0,0
3091,54,10,0,0
3090,155.333,62,0,0
3089,54,10,0,0
3088,54,10,0,0
3087,155.333,62,0,0
3086,155.333,62,0,0
3085,155.333,62,0,0
3084,155.333,62,0,0
3083,34.2414,6,0,0
3082,33,6,0,0
3081,34.2414,6,0,0
3080,33,6,0,0
3079,34.2414,6,0,0
3078,34.2414,6,0,0
3077,34.2414,6,0,0
3076,33,6,0,0
3075,34.2414,6,0,0
3074,33,6,0,0
3073,33,6,0,0
3072,34.2414,6,0,0
3071,34.2414,6,0,0
3070,34.2414,6,0,0
3069,34.2414,6,0,0
3068,34.2414,6,0,0
3067,34.2414,6,0,0
3066,33,6,0,0
3065,34.2414,6,0,0
3064,34.2414,6,0,0
3063,33,6,0,0
3062,33,6,0,0
3061,34.2414,6,0,0
3060,33,6,0,0
3059,33,6,0,0
3058,34.2414,6,0,0
3057,33,6,0,0
3056,34.2414,6,0,0
3055,33,6,0,0
3054,33,6,0,0
3053,34.2414,6,0,0
3052,33,6,0,0
3051,34.2414,6,0,0
3050,34.2414,6,0,0
3049,34.2414,6,0,0
3048,33,6,0,0
3047,34.2414,6,0,0
3046,33,6,0,0
3045,34.2414,6,0,0
3044,33,6,0,0
3043,34.2414,6,0,0
3042,33,6,0,0
3041,34.2414,6,0,0
3040,33,6,0,0
3039,34.2414,6,0,0
3038,33,6,0,0
3037,33,6,0,0
3036,33,6,0,0
3035,34.2414,6,0,0
3034,33,6,0,0
3033,34.2414,6,0,0
3032,33,6,0,0
3031,34.2414,6,0,0
3030,33,6,0,0
3029,34.2414,6,0,0
3028,33,6,0,0
3027,33,6,0,0
3026,34.2414,6,0,0
3025,33,6,0,0
3024,34.2414,6,0,0
3023,33,6,0,0
3022,33,6,0,0
3021,34.2414,6,0,0
3020,33,6,0,0
3019,34.2414,6,0,0
3018,33,6,0,0
3017,34.2414,6,0,0
3016,33,6,0,0
3015,34.2414,6,0,0
3014,33,6,0,0
3013,33,6,0,0
3012,34.2414,6,0,0
3011,34.2414,6,0,0
3010,33,6,0,0
3009,34.2414,6,0,0
3008,33,6,0,0
3007,33,6,0,0
3006,34.2414,6,0,0
3005,33,6,0,0
3004,33,6,0,0
3003,34.2414,6,0,0
3002,33,6,0,0
3001,33,6,0,0
3000,34.2414,6,0,0
2999,34.2414,6,0,0
2998,33,6,0,0
2997,34.2414,6,0,0
2996,33,6,0,0
2995,34.2414,6,0,0
2994,34.2414,6,0,0
2993,34.2414,6,0,0
2992,33,6,0,0
2991,33,6,0,0
2990,34.2414,6,0,0
2989,34.2414,6,0,0
2988,33,6,0,0
2987,34.2414,6,0,0
2986,33,6,0,0
2985,34.2414,6,0,0
2984,33,6,0,0
2983,34.2414,6,0,0
2982,33,6,0,0
2981,34.2414,6,0,0
2980,33,6,0,0
2979,34.2414,6,0,0
2978,33,6,0,0
2977,34.2414,6,0,0
2976,33,6,0,0
2975,34.2414,6,0,0
2974,33,6,0,0
2973,34.2414,6,0,0
2972,34.2414,6,0,0
2971,33,6,0,0
2970,33,6,0,0
2969,33,6,0,0
2968,34.2414,6,0,0
2967,34.2414,6,0,0
2966,33,6,0,0
2965,34.2414,6,0,0
2964,33,6,0,0
2963,34.2414,6,0,0
2962,34.2414,6,0,0
2961,33,6,0,0
2960,34.2414,6,0,0
2959,34.2414,6,0,0
2958,34.2414,6,0,0
2957,34.2414,6,0,0
2956,33,6,0,0
2955,34.2414,6,0,0
2954,33,6,0,0
2953,34.2414,6,0,0
2952,33,6,0,0
2951,33,6,0,0
2950,33,6,0,0
2949,33,6,0,0
2948,34.2414,6,0,0
2947,34.2414,6,0,0
2946,33,6,0,0
2945,33,6,0,0
2944,33,6,0,0
2943,34.2414,6,0,0
2942,33,6,0,0
2941,34.2414,6,0,0
2940,34.2414,6,0,0
2939,33,6,0,0
2938,34.2414,6,0,0
2937,33,6,0,0
2936,34.2414,6,0,0
2935,33,6,0,0
2934,34.2414,6,0,0
2933,34.2414,6,0,0
2932,34.2414,6,0,0
2931,34.2414,6,0,0
2930,33,6,0,0
2929,34.2414,6,0,0
2928,33,6,0,0
2927,34.2414,6,0,0
2926,34.2414,6,0,0
2925,33,6,0,0
2924,34.2414,6,0,0
2923,33,6,0,0
2922,33,6,0,0
2921,34.2414,6,0,0
2920,34.2414,6,0,0
2919,34.2414,6,0,0
2918,33,6,0,0
2917,34.2414,6,0,0
2916,33,6,0,0
2915,34.2414,6,0,0
2914,33,6,0,0
2913,33,6,0,0
2912,33,6,0,0
2911,34.2414,6,0,0
2910,33,6,0,0
2909,34.2414,6,0,0
2908,33,6,0,0
2907,34.2414,6,0,0
2906,33,6,0,0
2905,34.2414,6,0,0
2904,33,6,0,0
2903,34.2414,6,0,0
2902,33,6,0,0
2901,34.2414,6,0,0
2900,33,6,0,0
2899,33,6,0,0
2898,34.2414,6,0,0
2897,33,6,0,0
2896,34.2414,6,0,0
2895,33,6,0,0
2894,34.2414,6,0,0
2893,33,6,0,0
2892,34.2414,6,0,0
2891,33,6,0,0
2890,34.2414,6,0,0
2889,33,6,0,0
2888,34.2414,6,0,0
2887,33,6,0,0
2886,34.2414,6,0,0
2885,33,6,0,0
2884,33,6,0,0
2883,34.2414,6,0,0
2882,33,6,0,0
2881,33,6,0,0
2880,34.2414,6,0,0
2879,34.2414,6,0,0
2878,34.2414,6,0,0
2877,33,6,0,0
2876,34.2414,6,0,0
2875,33,6,0,0
2874,33,6,0,0
2873,34.2414,6,0,0
2872,33,6,0,0
2871,34.2414,6,0,0
2870,33,6,0,0
2869,34.2414,6,0,0
2868,33,6,0,0
2867,34.2414,6,0,0
2866,33,6,0,0
2865,34.2414,6,0,0
2864,33,6,0,0
2863,34.2414,6,0,0
2862,33,6,0,0
2861,34.2414,6,0,0
2860,33,6,0,0
2859,33,6,0,0
2858,34.2414,6,0,0
2857,33,6,0,0
2856,34.2414,6,0,0
2855,33,6,0,0
2854,34.2414,6,0,0
2853,33,6,0,0
2852,34.2414,6,0,0
2851,33,6,0,0
2850,34.2414,6,0,0
2849,33,6,0,0
2848,33,6,0,0
2847,33,6,0,0
2846,34.2414,6,0,0
2845,33,6,0,0
2844,34.2414,6,0,0
2843,34.2414,6,0,0
2842,34.2414,6,0,0
2841,33,6,0,0
2840,34.2414,6,0,0
2839,33,6,0,0
2838,34.2414,6,0,0
2837,33,6,0,0
2836,33,6,0,0
2835,34.2414,6,0,0
2834,33,6,0,0
2833,34.2414,6,0,0
2832,33,6,0,0
2831,33,6,0,0
2830,34.2414,6,0,0
2829,33,6,0,0
2828,34.2414,6,0,0
2827,33,6,0,0
2826,34.2414,6,0,0
2825,33,6,0,0
2824,34.2414,6,0,0
2823,34.2414,6,0,0
2822,33,6,0,0
2821,34.2414,6,0,0
2820,34.2414,6,0,0
2819,33,6,0,0
2818,34.2414,6,0,0
2817,33,6,0,0
2816,34.2414,6,0,0
2815,33,6,0,0
2814,33,6,0,0
2813,33,6,0,0
2812,34.2414,6,0,0
2811,34.2414,6,0,0
2810,34.2414,6,0,0
2809,33,6,0,0
2808,33,6,0,0
2807,34.2414,6,0,0
2806,33,6,0,0
2805,34.2414,6,0,0
2804,34.2414,6,0,0
2803,34.2414,6,0,0
2802,34.2414,6,0,0
2801,33,6,0,0
2800,33,6,0,0
2799,34.2414,6,0,0
2798,33,6,0,0
2797,33,6,0,0
2796,33,6,0,0
2795,34.2414,6,0,0
2794,33,6,0,0
2793,34.2414,6,0,0
2792,33,6,0,0
2791,33,6,0,0
2790,33,6,0,0
2789,34.2414,6,0,0
2788,33,6,0,0
2787,34.2414,6,0,0
2786,34.2414,6,0,0
2785,33,6,0,0
2784,34.2414,6,0,0
2783,33,6,0,0
2782,34.2414,6,0,0
2781,33,6,0,0
2780,34.2414,6,0,0
2779,33,6,0,0
2778,34.2414,6,0,0
2777,33,6,0,0
2776,34.2414,6,0,0
2775,33,6,0,0
2774,34.2414,6,0,0
2773,33,6,0,0
2772,34.2414,6,0,0
2771,33,6,0,0
2770,34.2414,6,0,0
2769,34.2414,6,0,0
2768,33,6,0,0
2767,34.2414,6,0,0
2766,33,6,0,0
2765,33,6,0,0
2764,34.2414,6,0,0
2763,33,6,0,0
2762,34.2414,6,0,0
2761,33,6,0,0
2760,34.2414,6,0,0
2759,33,6,0,0
2758,34.2414,6,0,0
2757,34.2414,6,0,0
2756,34.2414,6,0,0
2755,33,6,0,0
2754,34.2414,6,0,0
2753,33,6,0,0
2752,34.2414,6,0,0
2751,34.2414,6,0,0
2750,33,6,0,0
2749,33,6,0,0
2748,34.2414,6,0,0
2747,33,6,0,0
2746,33,6,0,0
2745,34.2414,6,0,0
2744,34.2414,6,0,0
2743,33,6,0,0
2742,33,6,0,0
2741,34.2414,6,0,0
2740,34.2414,6,0,0
2739,34.2414,6,0,0
2738,34.2414,6,0,0
2737,34.2414,6,0,0
2736,34.2414,6,0,0
2735,34.2414,6,0,0
2734,34.2414,6,0,0
2733,34.2414,6,0,0
2732,34.2414,6,0,0
2731,34.2414,6,0,0
2730,34.2414,6,0,0
2729,34.2414,6,0,0
2728,34.2414,6,0,0
2727,36.0588,7,0,0
2726,36.0588,7,0,0
2725,21.8571,4,0,0
2724,21.8571,4,0,0
2723,36.0588,7,0,0
2722,21.8571,4,0,0
2721,36.0588,7,0,0
2720,36.0588,7,0,0
2719,36.0588,7,0,0
2718,21.8571,4,0,0
2717,36.0588,7,0,0
2716,21.8571,4,0,0
2715,36.0588,7,0,0
2714,36.0588,7,0,0
2713,21.8571,4,0,0
2712,36.0588,7,0,0
2711,21.8571,4,0,0
2710,36.0588,7,0,0
2709,21.8571,4,0,0
2708,21.8571,4,0,0
2707,21.8571,4,0,0
2706,21.8571,4,0,0
2705,36.0588,7,0,0
2704,21.8571,4,0,0
2703,21.8571,4,0,0
2702,36.0588,7,0,0
2701,21.8571,4,0,0
2700,36.0588,7,0,0
2699,21.8571,4,0,0
2698,36.0588,7,0,0
2697,36.0588,7,0,0
2696,21.8571,4,0,0
2695,21.8571,4,0,0
2694,36.0588,7,0,0
2693,36.0588,7,0,0
2692,36.0588,7,0,0
2691,21.8571,4,0,0
2690,36.0588,7,0,0
2689,21.8571,4,0,0
2688,21.8571,4,0,0
2687,21.8571,4,0,0
2686,36.0588,7,0,0
2685,21.8571,4,0,0
2684,36.0588,7,0,0
2683,36.0588,7,0,0
2682,21.8571,4,0,0
2681,36.0588,7,0,0
2680,21.8571,4,0,0
2679,36.0588,7,0,0
2678,21.8571,4,0,0
2677,36.0588,7,0,0
2676,21.8571,4,0,0
2675,36.0588,7,0,0
2674,21.8571,4,0,0
2673,36.0588,7,0,0
2672,21.8571,4,0,0
2671,21.8571,4,0,0
2670,21.8571,4,0,0
2669,21.8571,4,0,0
2668,36.0588,7,0,0
2667,21.8571,4,0,0
2666,36.0588,7,0,0
2665,21.8571,4,0,0
2664,36.0588,7,0,0
2663,21.8571,4,0,0
2662,21.8571,4,0,0
2661,36.0588,7,0,0
2660,21.8571,4,0,0
2659,36.0588,7,0,0
2658,36.0588,7,0,0
2657,36.0588,7,0,0
2656,21.8571,4,0,0
2655,36.0588,7,0,0
2654,36.0588,7,0,0
2653,36.0588,7,0,0
2652,21.8571,4,0,0
2651,36.0588,7,0,0
2650,36.0588,7,0,0
2649,21.8571,4,0,0
2648,36.0588,7,0,0
2647,21.8571,4,0,0
2646,21.8571,4,0,0
2645,21.8571,4,0,0
2644,21.8571,4,0,0
2643,21.8571,4,0,0
2642,36.0588,7,0,0
2641,21.8571,4,0,0
2640,36.0588,7,0,0
2639,36.0588,7,0,0
2638,36.0588,7,0,0
2637,21.8571,4,0,0
2636,21.8571,4,0,0
2635,36.0588,7,0,0
2634,21.8571,4,0,0
2633,36.0588,7,0,0
2632,21.8571,4,0,0
2631,21.8571,4,0,0
2630,36.0588,7,0,0
2629,36.0588,7,0,0
2628,36.0588,7,0,0
2627,21.8571,4,0,0
2626,36.0588,7,0,0
2625,36.0588,7,0,0
2624,21.8571,4,0,0
2623,36.0588,7,0,0
2622,21.8571,4,0,0
2621,36.0588,7,0,0
2620,21.8571,4,0,0
2619,36.0588,7,0,0
2618,21.8571,4,0,0
2617,36.0588,7,0,0
2616,21.8571,4,0,0
2615,36.0588,7,0,0
2614,21.8571,4,0,0
2613,21.8571,4,0,0
2612,36.0588,7,0,0
2611,21.8571,4,0,0
2610,21.8571,4,0,0
2609,36.0588,7,0,0
2608,36.0588,7,0,0
2607,36.0588,7,0,0
2606,21.8571,4,0,0
2605,36.0588,7,0,0
2604,21.8571,4,0,0
2603,36.0588,7,0,0
2602,21.8571,4,0,0
2601,36.0588,7,0,0
2600,21.8571,4,0,0
2599,36.0588,7,0,0
2598,21.8571,4,0,0
2597,21.8571,4,0,0
2596,36.0588,7,0,0
2595,21.8571,4,0,0
2594,21.8571,4,0,0
2593,36.0588,7,0,0
2592,21.8571,4,0,0
2591,36.0588,7,0,0
2590,36.0588,7,0,0
2589,36.0588,7,0,0
2588,36.0588,7,0,0
2587,21.8571,4,0,0
2586,21.8571,4,0,0
2585,36.0588,7,0,0
2584,21.8571,4,0,0
2583,36.0588,7,0,0
2582,21.8571,4,0,0
2581,21.8571,4,0,0
2580,36.0588,7,0,0
2579,21.8571,4,0,0
2578,21.8571,4,0,0
2577,21.8571,4,0,0
2576,21.8571,4,0,0
2575,36.0588,7,0,0
2574,21.8571,4,0,0
2573,36.0588,7,0,0
2572,21.8571,4,0,0
2571,36.0588,7,0,0
2570,21.8571,4,0,0
2569,36.0588,7,0,0
2568,36.0588,7,0,0
2567,36.0588,7,0,0
2566,21.8571,4,0,0
2565,36.0588,7,0,0
2564,21.8571,4,0,0
2563,36.0588,7,0,0
2562,21.8571,4,0,0
2561,36.0588,7,0,0
2560,21.8571,4,0,0
2559,36.0588,7,0,0
2558,21.8571,4,0,0
2557,36.0588,7,0,0
2556,21.8571,4,0,0
2555,36.0588,7,0,0
2554,21.8571,4,0,0
2553,21.8571,4,0,0
2552,36.0588,7,0,0
2551,36.0588,7,0,0
2550,21.8571,4,0,0
2549,36.0588,7,0,0
2548,21.8571,4,0,0
2547,21.8571,4,0,0
2546,36.0588,7,0,0
2545,21.8571,4,0,0
2544,36.0588,7,0,0
2543,36.0588,7,0,0
2542,36.0588,7,0,0
2541,21.8571,4,0,0
2540,21.8571,4,0,0
2539,36.0588,7,0,0
2538,36.0588,7,0,0
2537,21.8571,4,0,0
2536,36.0588,7,0,0
2535,21.8571,4,0,0
2534,36.0588,7,0,0
2533,21.8571,4,0,0
2532,36.0588,7,0,0
2531,21.8571,4,0,0
2530,36.0588,7,0,0
2529,21.8571,4,0,0
2528,36.0588,7,0,0
2527,21.8571,4,0,0
2526,36.0588,7,0,0
2525,21.8571,4,0,0
2524,36.0588,7,0,0
2523,21.8571,4,0,0
2522,36.0588,7,0,0
2521,36.0588,7,0,0
2520,36.0588,7,0,0
2519,36.0588,7,0,0
2518,21.8571,4,0,0
2517,36.0588,7,0,0
2516,21.8571,4,0,0
2515,36.0588,7,0,0
2514,21.8571,4,0,0
2513,21.8571,4,0,0
2512,36.0588,7,0,0
2511,21.8571,4,0,0
2510,36.0588,7,0,0
2509,21.8571,4,0,0
2508,21.8571,4,0,0
2507,21.8571,4,0,0
2506,36.0588,7,0,0
2505,21.8571,4,0,0
2504,36.0588,7,0,0
2503,21.8571,4,0,0
2502,36.0588,7,0,0
2501,21.8571,4,0,0
2500,21.8571,4,0,0
2499,21.8571,4,0,0
2498,36.0588,7,0,0
2497,36.0588,7,0,0
2496,21.8571,4,0,0
2495,36.0588,7,0,0
2494,21.8571,4,0,0
2493,21.8571,4,0,0
2492,36.0588,7,0,0
2491,21.8571,4,0,0
2490,36.0588,7,0,0
2489,21.8571,4,0,0
2488,36.0588,7,0,0
2487,21.8571,4,0,0
2486,36.0588,7,0,0
2485,36.0588,7,0,0
2484,21.8571,4,0,0
2483,36.0588,7,0,0
2482,21.8571,4,0,0
2481,36.0588,7,0,0
2480,21.8571,4,0,0
2479,36.0588,7,0,0
2478,21.8571,4,0,0
2477,21.8571,4,0,0
2476,36.0588,7,0,0
2475,36.0588,7,0,0
2474,21.8571,4,0,0
2473,36.0588,7,0,0
2472,21.8571,4,0,0
2471,36.0588,7,0,0
2470,36.0588,7,0,0
2469,21.8571,4,0,0
2468,36.0588,7,0,0
2467,21.8571,4,0,0
2466,36.0588,7,0,0
2465,36.0588,7,0,0
2464,21.8571,4,0,0
2463,36.0588,7,0,0
2462,21.8571,4,0,0
2461,36.0588,7,0,0
2460,21.8571,4,0,0
2459,36.0588,7,0,0
2458,21.8571,4,0,0
2457,36.0588,7,0,0
2456,21.8571,4,0,0
2455,21.8571,4,0,0
2454,21.8571,4,0,0
2453,21.8571,4,0,0
2452,36.0588,7,0,0
2451,21.8571,4,0,0
2450,36.0588,7,0,0
2449,21.8571,4,0,0
2448,21.8571,4,0,0
2447,36.0588,7,0,0
2446,21.8571,4,0,0
2445,36.0588,7,0,0
2444,36.0588,7,0,0
2443,36.0588,7,0,0
2442,21.8571,4,0,0
2441,36.0588,7,0,0
2440,36.0588,7,0,0
2439,21.8571,4,0,0
2438,36.0588,7,0,0
2437,36.0588,7,0,0
2436,36.0588,7,0,0
2435,21.8571,4,0,0
2434,21.8571,4,0,0
2433,36.0588,7,0,0
2432,21.8571,4,0,0
2431,36.0588,7,0,0
2430,36.0588,7,0,0
2429,36.0588,7,0,0
2428,32.6471,6,0,0
2427,32.6471,6,0,0
2426,845,506,0,0
2425,32.6471,6,0,0
2424,32.6471,6,0,0
2423,845,506,0,0
2422,32.6471,6,0,0
2421,32.6471,6,0,0
2420,32.6471,6,0,0
2419,845,506,0,0
2418,32.6471,6,0,0
2417,32.6471,6,0,0
2416,845,507,0,0
2415,845,506,0,0
2414,23,4,0,0
2413,39.5,7,0,0
2412,23,4,0,0
2411,39.5,7,0,0
2410,23,4,0,0
2409,23,4,0,0
2408,23,4,0,0
2407,23,4,0,0
2406,39.5,7,0,0
2405,23,4,0,0
2404,39.5,7,0,0
2403,23,4,0,0
2402,23,4,0,0
2401,23,4,0,0
2400,39.5,7,0,0
2399,39.5,7,0,0
2398,23,4,0,0
2397,39.5,7,0,0
2396,23,4,0,0
2395,39.5,7,0,0
2394,23,4,0,0
2393,39.5,7,0,0
2392,39.5,7,0,0
2391,39.5,7,0,0
2390,39.5,7,0,0
2389,39.5,7,0,0
2388,39.5,7,0,0
2387,39.5,7,0,0
2386,39.5,7,0,0
2385,23,4,0,0
2384,39.5,7,0,0
2383,39.5,7,0,0
2382,23,4,0,0
2381,39.5,7,0,0
2380,23,4,0,0
2379,39.5,7,0,0
2378,39.5,7,0,0
2377,23,4,0,0
2376,39.5,7,0,0
2375,23,4,0,0
2374,23,4,0,0
2373,23,4,0,0
2372,39.5,7,0,0
2371,23,4,0,0
2370,23,4,0,0
2369,23,4,0,0
2368,39.5,7,0,0
2367,23,4,0,0
2366,23,4,0,0
2365,39.5,7,0,0
2364,23,4,0,0
2363,39.5,7,0,0
2362,39.5,7,0,0
2361,23,4,0,0
2360,23,4,0,0
2359,23,4,0,0
2358,23,4,0,0
2357,23,4,0,0
2356,23,4,0,0
2355,23,4,0,0
2354,23,4,0,0
2353,23,4,0,0
2352,23,4,0,0
2351,23,4,0,0
2350,23,4,0,0
2349,23,4,0,0
2348,23,4,0,0
2347,23,4,0,0
2346,20.2653,4,0,0
2345,21.8636,4,0,0
2344,21.8636,4,0,0
2343,21.8636,4,0,0
2342,20.2653,4,0,0
2341,21.8636,4,0,0
2340,21.8636,4,0,0
2339,20.2653,4,0,0
2338,21.8636,4,0,0
2337,21.8636,4,0,0
2336,21.8636,4,0,0
2335,20.2653,4,0,0
2334,21.8636,4,0,0
2333,21.8636,4,0,0
2332,21.8636,4,0,0
2331,20.2653,4,0,0
2330,21.8636,4,0,0
2329,20.2653,4,0,0
2328,21.8636,4,0,0
2327,20.2653,4,0,0
2326,20.2653,4,0,0
2325,21.8636,4,0,0
2324,20.2653,4,0,0
2323,21.8636,4,0,0
2322,20.2653,4,0,0
2321,21.8636,4,0,0
2320,21.8636,4,0,0
2319,20.2653,4,0,0
2318,21.8636,4,0,0
2317,20.2653,4,0,0
2316,20.2653,4,0,0
2315,21.8636,4,0,0
2314,20.2653,4,0,0
2313,21.8636,4,0,0
2312,21.8636,4,0,0
2311,20.2653,4,0,0
2310,21.8636,4,0,0
2309,20.2653,4,0,0
2308,21.8636,4,0,0
2307,20.2653,4,0,0
2306,21.8636,4,0,0
2305,20.2653,4,0,0
2304,21.8636,4,0,0
2303,20.2653,4,0,0
2302,20.2653,4,0,0
2301,20.2653,4,0,0
2300,21.8636,4,0,0
2299,20.2653,4,0,0
2298,20.2653,4,0,0
2297,20.2653,4,0,0
2296,20.2653,4,0,0
2295,20.2653,4,0,0
2294,20.2653,4,0,0
2293,21.8636,4,0,0
2292,20.2653,4,0,0
2291,21.8636,4,0,0
2290,20.2653,4,0,0
2289,21.8636,4,0,0
2288,20.2653,4,0,0
2287,21.8636,4,0,0
2286,20.2653,4,0,0
2285,20.2653,4,0,0
2284,21.8636,4,0,0
2283,20.2653,4,0,0
2282,21.8636,4,0,0
2281,20.2653,4,0,0
2280,21.8636,4,0,0
2279,20.2653,4,0,0
2278,21.8636,4,0,0
2277,20.2653,4,0,0
2276,21.8636,4,0,0
2275,21.8636,4,0,0
2274,20.2653,4,0,0
2273,20.2653,4,0,0
2272,20.2653,4,0,0
2271,21.8636,4,0,0
2270,21.8636,4,0,0
2269,20.2653,4,0,0
2268,21.8636,4,0,0
2267,21.8636,4,0,0
2266,21.8636,4,0,0
2265,21.8636,4,0,0
2264,20.2653,4,0,0
2263,21.8636,4,0,0
2262,20.2653,4,0,0
2261,21.8636,4,0,0
2260,20.2653,4,0,0
2259,21.8636,4,0,0
2258,21.8636,4,0,0
2257,21.8636,4,0,0
2256,21.8636,4,0,0
2255,20.2653,4,0,0
2254,21.8636,4,0,0
2253,20.2653,4,0,0
2252,21.8636,4,0,0
2251,21.8636,4,0,0
2250,20.2653,4,0,0
2249,21.8636,4,0,0
2248,20.2653,4,0,0
2247,21.8636,4,0,0
2246,20.2653,4,0,0
2245,20.2653,4,0,0
2244,20.2653,4,0,0
2243,21.8636,4,0,0
2242,21.8636,4,0,0
2241,21.8636,4,0,0
2240,20.2653,4,0,0
2239,20.2653,4,0,0
2238,21.8636,4,0,0
2237,20.2653,4,0,0
2236,21.8636,4,0,0
2235,20.2653,4,0,0
2234,21.8636,4,0,0
2233,20.2653,4,0,0
2232,20.2653,4,0,0
2231,21.8636,4,0,0
2230,20.2653,4,0,0
2229,21.8636,4,0,0
2228,20.2653,4,0,0
2227,21.8636,4,0,0
2226,20.2653,4,0,0
2225,20.2653,4,0,0
2224,20.2653,4,0,0
2223,21.8636,4,0,0
2222,20.2653,4,0,0
2221,20.2653,4,0,0
2220,21.8636,4,0,0
2219,20.2653,4,0,0
2218,20.2653,4,0,0
2217,21.8636,4,0,0
2216,21.8636,4,0,0
2215,20.2653,4,0,0
2214,20.2653,4,0,0
2213,21.8636,4,0,0
2212,21.8636,4,0,0
2211,20.2653,4,0,0
2210,21.8636,4,0,0
2209,20.2653,4,0,0
2208,20.2653,4,0,0
2207,21.8636,4,0,0
2206,20.2653,4,0,0
2205,21.8636,4,0,0
2204,20.2653,4,0,0
2203,21.8636,4,0,0
2202,21.8636,4,0,0
2201,20.2653,4,0,0
2200,21.8636,4,0,0
2199,20.2653,4,0,0
2198,20.2653,4,0,0
2197,21.8636,4,0,0
2196,20.2653,4,0,0
2195,21.8636,4,0,0
2194,20.2653,4,0,0
2193,21.8636,4,0,0
2192,20.2653,4,0,0
2191,21.8636,4,0,0
2190,20.2653,4,0,0
2189,21.8636,4,0,0
2188,20.2653,4,0,0
2187,21.8636,4,0,0
2186,21.8636,4,0,0
2185,21.8636,4,0,0
2184,21.8636,4,0,0
2183,20.2653,4,0,0
2182,21.8636,4,0,0
2181,20.2653,4,0,0
2180,21.8636,4,0,0
2179,20.2653,4,0,0
2178,21.8636,4,0,0
2177,21.8636,4,0,0
2176,20.2653,4,0,0
2175,21.8636,4,0,0
2174,21.8636,4,0,0
2173,20.2653,4,0,0
2172,20.2653,4,0,0
2171,21.8636,4,0,0
2170,20.2653,4,0,0
2169,21.8636,4,0,0
2168,21.8636,4,0,0
2167,21.8636,4,0,0
2166,20.2653,4,0,0
2165,21.8636,4,0,0
2164,21.8636,4,0,0
2163,21.8636,4,0,0
2162,20.2653,4,0,0
2161,21.8636,4,0,0
2160,20.2653,4,0,0
2159,21.8636,4,0,0
2158,21.8636,4,0,0
2157,21.8636,4,0,0
2156,20.2653,4,0,0
2155,21.8636,4,0,0
2154,20.2653,4,0,0
2153,21.8636,4,0,0
2152,21.8636,4,0,0
2151,20.2653,4,0,0
2150,20.2653,4,0,0
2149,21.8636,4,0,0
2148,20.2653,4,0,0
2147,21.8636,4,0,0
2146,20.2653,4,0,0
2145,21.8636,4,0,0
2144,20.2653,4,0,0
2143,21.8636,4,0,0
2142,20.2653,4,0,0
2141,21.8636,4,0,0
2140,20.2653,4,0,0
2139,20.2653,4,0,0
2138,21.8636,4,0,0
2137,21.8636,4,0,0
2136,20.2653,4,0,0
2135,20.2653,4,0,0
2134,20.2653,4,0,0
2133,21.8636,4,0,0
2132,20.2653,4,0,0
2131,21.8636,4,0,0
2130,21.8636,4,0,0
2129,20.2653,4,0,0
2128,21.8636,4,0,0
2127,20.2653,4,0,0
2126,21.8636,4,0,0
2125,20.2653,4,0,0
2124,21.8636,4,0,0
2123,20.2653,4,0,0
2122,21.8636,4,0,0
2121,20.2653,4,0,0
2120,21.8636,4,0,0
2119,20.2653,4,0,0
2118,20.2653,4,0,0
2117,20.2653,4,0,0
2116,21.8636,4,0,0
2115,21.8636,4,0,0
2114,20.2653,4,0,0
2113,21.8636,4,0,0
2112,20.2653,4,0,0
2111,21.8636,4,0,0
2110,20.2653,4,0,0
2109,21.8636,4,0,0
2108,21.8636,4,0,0
2107,21.8636,4,0,0
2106,21.8636,4,0,0
2105,20.2653,4,0,0
2104,21.8636,4,0,0
2103,20.2653,4,0,0
2102,21.8636,4,0,0
2101,20.2653,4,0,0
2100,21.8636,4,0,0
2099,20.2653,4,0,0
2098,21.8636,4,0,0
2097,21.8636,4,0,0
2096,20.2653,4,0,0
2095,20.2653,4,0,0
2094,20.2653,4,0,0
2093,20.2653,4,0,0
2092,21.8636,4,0,0
2091,21.8636,4,0,0
2090,20.2653,4,0,0
2089,21.8636,4,0,0
2088,21.8636,4,0,0
2087,20.2653,4,0,0
2086,21.8636,4,0,0
2085,20.2653,4,0,0
2084,21.8636,4,0,0
2083,20.2653,4,0,0
2082,21.8636,4,0,0
2081,20.2653,4,0,0
2080,21.8636,4,0,0
2079,21.8636,4,0,0
2078,21.8636,4,0,0
2077,20.2653,4,0,0
2076,20.2653,4,0,0
2075,21.8636,4,0,0
2074,21.8636,4,0,0
2073,21.8636,4,0,0
2072,20.2653,4,0,0
2071,21.8636,4,0,0
2070,20.2653,4,0,0
2069,20.2653,4,0,0
2068,21.8636,4,0,0
2067,20.2653,4,0,0
2066,21.8636,4,0,0
2065,20.2653,4,0,0
2064,21.8636,4,0,0
2063,20.2653,4,0,0
2062,21.8636,4,0,0
2061,20.2653,4,0,0
2060,21.8636,4,0,0
2059,20.2653,4,0,0
2058,21.8636,4,0,0
2057,20.2653,4,0,0
2056,21.8636,4,0,0
2055,21.8636,4,0,0
2054,20.2653,4,0,0
2053,21.8636,4,0,0
2052,20.2653,4,0,0
2051,21.8636,4,0,0
2050,21.8636,4,0,0
2049,20.2653,4,0,0
2048,21.8636,4,0,0
2047,20.2653,4,0,0
2046,20.2653,4,0,0
2045,21.8636,4,0,0
2044,20.2653,4,0,0
2043,21.8636,4,0,0
2042,20.2653,4,0,0
2041,21.8636,4,0,0
2040,20.2653,4,0,0
2039,21.8636,4,0,0
2038,21.8636,4,0,0
2037,21.8636,4,0,0
2036,21.8636,4,0,0
2035,20.2653,4,0,0
2034,20.2653,4,0,0
2033,21.8636,4,0,0
2032,20.2653,4,0,0
2031,21.8636,4,0,0
2030,20.2653,4,0,0
2029,21.8636,4,0,0
2028,20.2653,4,0,0
2027,21.8636,4,0,0
2026,21.8636,4,0,0
2025,21.8636,4,0,0
2024,20.2653,4,0,0
2023,21.8636,4,0,0
2022,20.2653,4,0,0
2021,21.8636,4,0,0
2020,20.2653,4,0,0
2019,21.8636,4,0,0
2018,21.8636,4,0,0
2017,20.2653,4,0,0
2016,21.8636,4,0,0
2015,20.2653,4,0,0
2014,20.2653,4,0,0
2013,21.8636,4,0,0
2012,20.2653,4,0,0
2011,20.2653,4,0,0
2010,21.8636,4,0,0
2009,20.2653,4,0,0
2008,20.2653,4,0,0
2007,20.2653,4,0,0
2006,21.8636,4,0,0
2005,20.2653,4,0,0
2004,20.2653,4,0,0
2003,21.8636,4,0,0
2002,20.2653,4,0,0
2001,21.8636,4,0,0
2000,20.2653,4,0,0
1999,21.8636,4,0,0
1998,20.2653,4,0,0
1997,21.8636,4,0,0
1996,20.2653,4,0,0
1995,20.2653,4,0,0
1994,21.8636,4,0,0
1993,20.2653,4,0,0
1992,21.8636,4,0,0
1991,20.2653,4,0,0
1990,20.2653,4,0,0
1989,21.8636,4,0,0
1988,20.2653,4,0,0
1987,20.2653,4,0,0
1986,21.8636,4,0,0
1985,21.8636,4,0,0
1984,20.2653,4,0,0
1983,20.2653,4,0,0
1982,21.8636,4,0,0
1981,20.2653,4,0,0
1980,21.8636,4,0,0
1979,20.2653,4,0,0
1978,20.2653,4,0,0
1977,21.8636,4,0,0
1976,21.8636,4,0,0
1975,21.8636,4,0,0
1974,20.2653,4,0,0
1973,21.8636,4,0,0
1972,20.2653,4,0,0
1971,20.2653,4,0,0
1970,21.8636,4,0,0
1969,20.2653,4,0,0
1968,21.8636,4,0,0
1967,20.2653,4,0,0
1966,21.8636,4,0,0
1965,20.2653,4,0,0
1964,21.8636,4,0,0
1963,20.2653,4,0,0
1962,20.2653,4,0,0
1961,21.8636,4,0,0
1960,21.8636,4,0,0
1959,20.2653,4,0,0
1958,20.2653,4,0,0
1957,21.8636,4,0,0
1956,20.2653,4,0,0
1955,21.8636,4,0,0
1954,20.2653,4,0,0
1953,21.8636,4,0,0
1952,21.8636,4,0,0
1951,20.2653,4,0,0
1950,20.2653,4,0,0
1949,21.8636,4,0,0
1948,20.2653,4,0,0
1947,21.8636,4,0,0
1946,20.2653,4,0,0
1945,20.2653,4,0,0
1944,21.8636,4,0,0
1943,21.8636,4,0,0
1942,20.2653,4,0,0
1941,21.8636,4,0,0
1940,20.2653,4,0,0
1939,21.8636,4,0,0
1938,20.2653,4,0,0
1937,21.8636,4,0,0
1936,20.2653,4,0,0
1935,20.2653,4,0,0
1934,21.8636,4,0,0
1933,20.2653,4,0,0
1932,21.8636,4,0,0
1931,21.8636,4,0,0
1930,20.2653,4,0,0
1929,20.2653,4,0,0
1928,20.2653,4,0,0
1927,21.8636,4,0,0
1926,21.8636,4,0,0
1925,20.2653,4,0,0
1924,21.8636,4,0,0
1923,20.2653,4,0,0
1922,21.8636,4,0,0
1921,20.2653,4,0,0
1920,21.8636,4,0,0
1919,20.2653,4,0,0
1918,21.8636,4,0,0
1917,21.8636,4,0,0
1916,21.8636,4,0,0
1915,20.2653,4,0,0
1914,21.8636,4,0,0
1913,20.2653,4,0,0
1912,21.8636,4,0,0
1911,21.8636,4,0,0
1910,20.2653,4,0,0
1909,20.2653,4,0,0
1908,20.2653,4,0,0
1907,20.2653,4,0,0
1906,21.8636,4,0,0
1905,20.2653,4,0,0
1904,20.2653,4,0,0
1903,21.8636,4,0,0
1902,20.2653,4,0,0
1901,21.8636,4,0,0
1900,20.2653,4,0,0
1899,21.8636,4,0,0
1898,20.2653,4,0,0
1897,21.8636,4,0,0
1896,20.2653,4,0,0
1895,21.8636,4,0,0
1894,20.2653,4,0,0
1893,21.8636,4,0,0
1892,20.2653,4,0,0
1891,20.2653,4,0,0
1890,21.8636,4,0,0
1889,20.2653,4,0,0
1888,21.8636,4,0,0
1887,20.2653,4,0,0
1886,20.2653,4,0,0
1885,21.8636,4,0,0
1884,20.2653,4,0,0
1883,21.8636,4,0,0
1882,21.8636,4,0,0
1881,20.2653,4,0,0
1880,21.8636,4,0,0
1879,21.8636,4,0,0
1878,21.8636,4,0,0
1877,20.2653,4,0,0
1876,21.8636,4,0,0
1875,21.8636,4,0,0
1874,20.2653,4,0,0
1873,21.8636,4,0,0
1872,20.2653,4,0,0
1871,21.8636,4,0,0
1870,21.8636,4,0,0
1869,20.2653,4,0,0
1868,21.8636,4,0,0
1867,20.2653,4,0,0
1866,20.2653,4,0,0
1865,21.8636,4,0,0
1864,20.2653,4,0,0
1863,21.8636,4,0,0
1862,20.2653,4,0,0
1861,20.2653,4,0,0
1860,20.2653,4,0,0
1859,21.8636,4,0,0
1858,20.2653,4,0,0
1857,21.8636,4,0,0
1856,20.2653,4,0,0
1855,21.8636,4,0,0
1854,20.2653,4,0,0
1853,21.8636,4,0,0
1852,20.2653,4,0,0
1851,21.8636,4,0,0
1850,20.2653,4,0,0
1849,21.8636,4,0,0
1848,20.2653,4,0,0
1847,20.2653,4,0,0
1846,21.8636,4,0,0
1845,20.2653,4,0,0
1844,20.2653,4,0,0
1843,20.2653,4,0,0
1842,21.8636,4,0,0
1841,20.2653,4,0,0
1840,20.2653,4,0,0
1839,20.2653,4,0,0
1838,20.2653,4,0,0
1837,21.8636,4,0,0
1836,20.2653,4,0,0
1835,20.2653,4,0,0
1834,21.8636,4,0,0
1833,21.8636,4,0,0
1832,20.2653,4,0,0
1831,21.8636,4,0,0
1830,21.8636,4,0,0
1829,21.8636,4,0,0
1828,21.8636,4,0,0
1827,20.2653,4,0,0
1826,21.8636,4,0,0
1825,20.2653,4,0,0
1824,20.2653,4,0,0
1823,21.8636,4,0,0
1822,20.2653,4,0,0
1821,20.2653,4,0,0
1820,21.8636,4,0,0
1819,21.8636,4,0,0
1818,20.2653,4,0,0
1817,21.8636,4,0,0
1816,20.2653,4,0,0
1815,20.2653,4,0,0
1814,21.8636,4,0,0
1813,21.8636,4,0,0
1812,20.2653,4,0,0
1811,20.2653,4,0,0
1810,21.8636,4,0,0
1809,21.8636,4,0,0
1808,21.8636,4,0,0
1807,20.2653,4,0,0
1806,21.8636,4,0,0
1805,20.2653,4,0,0
1804,21.8636,4,0,0
1803,20.2653,4,0,0
1802,21.8636,4,0,0
1801,20.2653,4,0,0
1800,20.2653,4,0,0
1799,20.2653,4,0,0
1798,21.8636,4,0,0
1797,20.2653,4,0,0
1796,21.8636,4,0,0
1795,20.2653,4,0,0
1794,20.2653,4,0,0
1793,21.8636,4,0,0
1792,20.2653,4,0,0
1791,20.2653,4,0,0
1790,21.8636,4,0,0
1789,20.2653,4,0,0
1788,21.8636,4,0,0
1787,20.2653,4,0,0
1786,21.8636,4,0,0
1785,20.2653,4,0,0
1784,21.8636,4,0,0
1783,21.8636,4,0,0
1782,20.2653,4,0,0
1781,21.8636,4,0,0
1780,20.2653,4,0,0
1779,20.2653,4,0,0
1778,21.8636,4,0,0
1777,20.2653,4,0,0
1776,21.8636,4,0,0
1775,21.8636,4,0,0
1774,20.2653,4,0,0
1773,21.8636,4,0,0
1772,20.2653,4,0,0
1771,20.2653,4,0,0
1770,20.2653,4,0,0
1769,21.8636,4,0,0
1768,20.2653,4,0,0
1767,21.8636,4,0,0
1766,21.8636,4,0,0
1765,20.2653,4,0,0
1764,21.8636,4,0,0
1763,20.2653,4,0,0
1762,20.2653,4,0,0
1761,21.8636,4,0,0
1760,21.8636,4,0,0
1759,20.2653,4,0,0
1758,21.8636,4,0,0
1757,21.8636,4,0,0
1756,20.2653,4,0,0
1755,21.8636,4,0,0
1754,20.2653,4,0,0
1753,21.8636,4,0,0
1752,21.8636,4,0,0
1751,20.2653,4,0,0
1750,21.8636,4,0,0
1749,21.8636,4,0,0
1748,20.2653,4,0,0
1747,20.2653,4,0,0
1746,20.2653,4,0,0
1745,21.8636,4,0,0
1744,21.8636,4,0,0
1743,21.8636,4,0,0
1742,20.2653,4,0,0
1741,20.2653,4,0,0
1740,21.8636,4,0,0
1739,20.2653,4,0,0
1738,20.2653,4,0,0
1737,20.2653,4,0,0
1736,20.2653,4,0,0
1735,21.8636,4,0,0
1734,20.2653,4,0,0
1733,21.8636,4,0,0
1732,20.2653,4,0,0
1731,21.8636,4,0,0
1730,21.8636,4,0,0
1729,21.8636,4,0,0
1728,21.8636,4,0,0
1727,20.2653,4,0,0
1726,21.8636,4,0,0
1725,21.8636,4,0,0
1724,21.8636,4,0,0
1723,20.2653,4,0,0
1722,21.8636,4,0,0
1721,21.8636,4,0,0
1720,20.2653,4,0,0
1719,20.2653,4,0,0
1718,21.8636,4,0,0
1717,20.2653,4,0,0
1716,21.8636,4,0,0
1715,20.2653,4,0,0
1714,21.8636,4,0,0
1713,20.2653,4,0,0
1712,21.8636,4,0,0
1711,21.8636,4,0,0
1710,20.2653,4,0,0
1709,21.8636,4,0,0
1708,21.8636,4,0,0
1707,21.8636,4,0,0
1706,21.8636,4,0,0
1705,20.2653,4,0,0
1704,21.8636,4,0,0
1703,20.2653,4,0,0
1702,21.8636,4,0,0
1701,20.2653,4,0,0
1700,20.2653,4,0,0
1699,21.8636,4,0,0
1698,20.2653,4,0,0
1697,20.2653,4,0,0
1696,21.8636,4,0,0
1695,20.2653,4,0,0
1694,21.8636,4,0,0
1693,20.2653,4,0,0
1692,21.8636,4,0,0
1691,20.2653,4,0,0
1690,21.8636,4,0,0
1689,20.2653,4,0,0
1688,21.8636,4,0,0
1687,20.2653,4,0,0
1686,21.8636,4,0,0
1685,20.2653,4,0,0
1684,20.2653,4,0,0
1683,21.8636,4,0,0
1682,20.2653,4,0,0
1681,21.8636,4,0,0
1680,21.8636,4,0,0
1679,20.2653,4,0,0
1678,20.2653,4,0,0
1677,21.8636,4,0,0
1676,21.8636,4,0,0
1675,20.2653,4,0,0
1674,21.8636,4,0,0
1673,20.2653,4,0,0
1672,20.2653,4,0,0
1671,21.8636,4,0,0
1670,20.2653,4,0,0
1669,21.8636,4,0,0
1668,20.2653,4,0,0
1667,21.8636,4,0,0
1666,20.2653,4,0,0
1665,21.8636,4,0,0
1664,20.2653,4,0,0
1663,21.8636,4,0,0
1662,20.2653,4,0,0
1661,21.8636,4,0,0
1660,20.2653,4,0,0
1659,21.8636,4,0,0
1658,20.2653,4,0,0
1657,20.2653,4,0,0
1656,21.8636,4,0,0
1655,20.2653,4,0,0
1654,21.8636,4,0,0
1653,21.8636,4,0,0
1652,21.8636,4,0,0
1651,21.8636,4,0,0
1650,20.2653,4,0,0
1649,21.8636,4,0,0
1648,20.2653,4,0,0
1647,21.8636,4,0,0
1646,20.2653,4,0,0
1645,21.8636,4,0,0
1644,20.2653,4,0,0
1643,20.2653,4,0,0
1642,21.8636,4,0,0
1641,20.2653,4,0,0
1640,21.8636,4,0,0
1639,20.2653,4,0,0
1638,21.8636,4,0,0
1637,20.2653,4,0,0
1636,21.8636,4,0,0
1635,21.8636,4,0,0
1634,20.2653,4,0,0
1633,21.8636,4,0,0
1632,20.2653,4,0,0
1631,20.2653,4,0,0
1630,21.8636,4,0,0
1629,20.2653,4,0,0
1628,20.2653,4,0,0
1627,21.8636,4,0,0
1626,21.8636,4,0,0
1625,21.8636,4,0,0
1624,20.2653,4,0,0
1623,21.8636,4,0,0
1622,20.2653,4,0,0
1621,21.8636,4,0,0
1620,20.2653,4,0,0
1619,21.8636,4,0,0
1618,20.2653,4,0,0
1617,21.8636,4,0,0
1616,20.2653,4,0,0
1615,21.8636,4,0,0
1614,20.2653,4,0,0
1613,21.8636,4,0,0
1612,20.2653,4,0,0
1611,20.2653,4,0,0
1610,20.2653,4,0,0
1609,20.2653,4,0,0
1608,21.8636,4,0,0
1607,20.2653,4,0,0
1606,21.8636,4,0,0
1605,20.2653,4,0,0
1604,21.8636,4,0,0
1603,20.2653,4,0,0
1602,21.8636,4,0,0
1601,21.8636,4,0,0
1600,20.2653,4,0,0
1599,20.2653,4,0,0
1598,21.8636,4,0,0
1597,20.2653,4,0,0
1596,20.2653,4,0,0
1595,21.8636,4,0,0
1594,20.2653,4,0,0
1593,20.2653,4,0,0
1592,21.8636,4,0,0
1591,20.2653,4,0,0
1590,20.2653,4,0,0
1589,21.8636,4,0,0
1588,21.8636,4,0,0
1587,20.2653,4,0,0
1586,21.8636,4,0,0
1585,20.2653,4,0,0
1584,21.8636,4,0,0
1583,20.2653,4,0,0
1582,20.2653,4,0,0
1581,21.8636,4,0,0
1580,20.2653,4,0,0
1579,21.8636,4,0,0
1578,21.8636,4,0,0
1577,21.8636,4,0,0
1576,20.2653,4,0,0
1575,20.2653,4,0,0
1574,21.8636,4,0,0
1573,20.2653,4,0,0
1572,21.8636,4,0,0
1571,20.2653,4,0,0
1570,21.8636,4,0,0
1569,20.2653,4,0,0
1568,21.8636,4,0,0
1567,21.8636,4,0,0
1566,21.8636,4,0,0
1565,20.2653,4,0,0
1564,20.2653,4,0,0
1563,21.8636,4,0,0
1562,20.2653,4,0,0
1561,21.8636,4,0,0
1560,20.2653,4,0,0
1559,21.8636,4,0,0
1558,21.8636,4,0,0
1557,20.2653,4,0,0
1556,21.8636,4,0,0
1555,20.2653,4,0,0
1554,20.2653,4,0,0
1553,21.8636,4,0,0
1552,20.2653,4,0,0
1551,21.8636,4,0,0
1550,21.8636,4,0,0
1549,20.2653,4,0,0
1548,20.2653,4,0,0
1547,20.2653,4,0,0
1546,20.2653,4,0,0
1545,21.8636,4,0,0
1544,21.8636,4,0,0
1543,21.8636,4,0,0
1542,20.2653,4,0,0
1541,21.8636,4,0,0
1540,20.2653,4,0,0
1539,20.2653,4,0,0
1538,21.8636,4,0,0
1537,20.2653,4,0,0
1536,21.8636,4,0,0
1535,20.2653,4,0,0
1534,21.8636,4,0,0
1533,21.8636,4,0,0
1532,20.2653,4,0,0
1531,20.2653,4,0,0
1530,21.8636,4,0,0
1529,21.8636,4,0,0
1528,21.8636,4,0,0
1527,20.2653,4,0,0
1526,21.8636,4,0,0
1525,20.2653,4,0,0
1524,21.8636,4,0,0
1523,20.2653,4,0,0
1522,20.2653,4,0,0
1521,21.8636,4,0,0
1520,20.2653,4,0,0
1519,21.8636,4,0,0
1518,21.8636,4,0,0
1517,20.2653,4,0,0
1516,21.8636,4,0,0
1515,20.2653,4,0,0
1514,21.8636,4,0,0
1513,20.2653,4,0,0
1512,20.2653,4,0,0
1511,21.8636,4,0,0
1510,20.2653,4,0,0
1509,21.8636,4,0,0
1508,20.2653,4,0,0
1507,21.8636,4,0,0
1506,21.8636,4,0,0
1505,20.2653,4,0,0
1504,21.8636,4,0,0
1503,20.2653,4,0,0
1502,20.2653,4,0,0
1501,21.8636,4,0,0
1500,20.2653,4,0,0
1499,21.8636,4,0,0
1498,21.8636,4,0,0
1497,20.2653,4,0,0
1496,21.8636,4,0,0
1495,20.2653,4,0,0
1494,20.2653,4,0,0
1493,21.8636,4,0,0
1492,20.2653,4,0,0
1491,20.2653,4,0,0
1490,20.2653,4,0,0
1489,21.8636,4,0,0
1488,21.8636,4,0,0
1487,20.2653,4,0,0
1486,21.8636,4,0,0
1485,20.2653,4,0,0
1484,21.8636,4,0,0
1483,20.2653,4,0,0
1482,21.8636,4,0,0
1481,20.2653,4,0,0
1480,21.8636,4,0,0
1479,20.2653,4,0,0
1478,21.8636,4,0,0
1477,20.2653,4,0,0
1476,21.8636,4,0,0
1475,20.2653,4,0,0
1474,21.8636,4,0,0
1473,20.2653,4,0,0
1472,21.8636,4,0,0
1471,20.2653,4,0,0
1470,20.2653,4,0,0
1469,21.8636,4,0,0
1468,20.2653,4,0,0
1467,21.8636,4,0,0
1466,20.2653,4,0,0
1465,21.8636,4,0,0
1464,20.2653,4,0,0
1463,21.8636,4,0,0
1462,20.2653,4,0,0
1461,20.2653,4,0,0
1460,21.8636,4,0,0
1459,20.2653,4,0,0
1458,20.2653,4,0,0
1457,21.8636,4,0,0
1456,20.2653,4,0,0
1455,21.8636,4,0,0
1454,21.8636,4,0,0
1453,20.2653,4,0,0
1452,21.8636,4,0,0
1451,20.2653,4,0,0
1450,21.8636,4,0,0
1449,20.2653,4,0,0
1448,20.2653,4,0,0
1447,21.8636,4,0,0
1446,20.2653,4,0,0
1445,21.8636,4,0,0
1444,20.2653,4,0,0
1443,21.8636,4,0,0
1442,20.2653,4,0,0
1441,21.8636,4,0,0
1440,20.2653,4,0,0
1439,20.2653,4,0,0
1438,21.8636,4,0,0
1437,21.8636,4,0,0
1436,21.8636,4,0,0
1435,21.8636,4,0,0
1434,21.8636,4,0,0
1433,20.2653,4,0,0
1432,20.2653,4,0,0
1431,21.8636,4,0,0
1430,20.2653,4,0,0
1429,21.8636,4,0,0
1428,20.2653,4,0,0
1427,21.8636,4,0,0
1426,20.2653,4,0,0
1425,21.8636,4,0,0
1424,20.2653,4,0,0
1423,21.8636,4,0,0
1422,20.2653,4,0,0
1421,21.8636,4,0,0
1420,21.8636,4,0,0
1419,20.2653,4,0,0
1418,21.8636,4,0,0
1417,20.2653,4,0,0
1416,20.2653,4,0,0
1415,21.8636,4,0,0
1414,20.2653,4,0,0
1413,21.8636,4,0,0
1412,20.2653,4,0,0
1411,21.8636,4,0,0
1410,20.2653,4,0,0
1409,21.8636,4,0,0
1408,20.2653,4,0,0
1407,21.8636,4,0,0
1406,20.2653,4,0,0
1405,21.8636,4,0,0
1404,21.8636,4,0,0
1403,20.2653,4,0,0
1402,21.8636,4,0,0
1401,20.2653,4,0,0
1400,20.2653,4,0,0
1399,21.8636,4,0,0
1398,20.2653,4,0,0
1397,21.8636,4,0,0
1396,20.2653,4,0,0
1395,21.8636,4,0,0
1394,20.2653,4,0,0
1393,21.8636,4,0,0
1392,21.8636,4,0,0
1391,20.2653,4,0,0
1390,21.8636,4,0,0
1389,20.2653,4,0,0
1388,21.8636,4,0,0
1387,21.8636,4,0,0
1386,20.2653,4,0,0
1385,21.8636,4,0,0
1384,21.8636,4,0,0
1383,20.2653,4,0,0
1382,20.2653,4,0,0
1381,21.8636,4,0,0
1380,21.8636,4,0,0
1379,20.2653,4,0,0
1378,21.8636,4,0,0
1377,20.2653,4,0,0
1376,21.8636,4,0,0
1375,20.2653,4,0,0
1374,21.8636,4,0,0
1373,20.2653,4,0,0
1372,21.8636,4,0,0
1371,20.2653,4,0,0
1370,20.2653,4,0,0
1369,21.8636,4,0,0
1368,20.2653,4,0,0
1367,20.2653,4,0,0
1366,21.8636,4,0,0
1365,20.2653,4,0,0
1364,20.2653,4,0,0
1363,21.8636,4,0,0
1362,20.2653,4,0,0
1361,21.8636,4,0,0
1360,20.2653,4,0,0
1359,21.8636,4,0,0
1358,20.2653,4,0,0
1357,21.8636,4,0,0
1356,20.2653,4,0,0
1355,21.8636,4,0,0
1354,21.8636,4,0,0
1353,20.2653,4,0,0
1352,20.2653,4,0,0
1351,20.2653,4,0,0
1350,20.2653,4,0,0
1349,21.8636,4,0,0
1348,21.8636,4,0,0
1347,20.2653,4,0,0
1346,21.8636,4,0,0
1345,20.2653,4,0,0
1344,21.8636,4,0,0
1343,20.2653,4,0,0
1342,20.2653,4,0,0
1341,20.2653,4,0,0
1340,21.8636,4,0,0
1339,20.2653,4,0,0
1338,21.8636,4,0,0
1337,20.2653,4,0,0
1336,20.2653,4,0,0
1335,21.8636,4,0,0
1334,20.2653,4,0,0
1333,21.8636,4,0,0
1332,20.2653,4,0,0
1331,20.2653,4,0,0
1330,21.8636,4,0,0
1329,20.2653,4,0,0
1328,21.8636,4,0,0
1327,21.8636,4,0,0
1326,20.2653,4,0,0
1325,21.8636,4,0,0
1324,20.2653,4,0,0
1323,20.2653,4,0,0
1322,21.8636,4,0,0
1321,20.2653,4,0,0
1320,21.8636,4,0,0
1319,20.2653,4,0,0
1318,21.8636,4,0,0
1317,20.2653,4,0,0
1316,21.8636,4,0,0
1315,20.2653,4,0,0
1314,21.8636,4,0,0
1313,20.2653,4,0,0
1312,20.2653,4,0,0
1311,21.8636,4,0,0
1310,20.2653,4,0,0
1309,21.8636,4,0,0
1308,21.8636,4,0,0
1307,20.2653,4,0,0
1306,21.8636,4,0,0
1305,20.2653,4,0,0
1304,21.8636,4,0,0
1303,20.2653,4,0,0
1302,20.2653,4,0,0
1301,21.8636,4,0,0
1300,21.8636,4,0,0
1299,21.8636,4,0,0
1298,20.2653,4,0,0
1297,21.8636,4,0,0
1296,20.2653,4,0,0
1295,21.8636,4,0,0
1294,20.2653,4,0,0
1293,20.2653,4,0,0
1292,20.2653,4,0,0
1291,21.8636,4,0,0
1290,20.2653,4,0,0
1289,21.8636,4,0,0
1288,21.8636,4,0,0
1287,21.8636,4,0,0
1286,20.2653,4,0,0
1285,21.8636,4,0,0
1284,20.2653,4,0,0
1283,21.8636,4,0,0
1282,21.8636,4,0,0
1281,20.2653,4,0,0
1280,21.8636,4,0,0
1279,20.2653,4,0,0
1278,21.8636,4,0,0
1277,20.2653,4,0,0
1276,20.2653,4,0,0
1275,21.8636,4,0,0
1274,20.2653,4,0,0
1273,21.8636,4,0,0
1272,20.2653,4,0,0
1271,21.8636,4,0,0
1270,21.8636,4,0,0
1269,20.2653,4,0,0
1268,21.8636,4,0,0
1267,20.2653,4,0,0
1266,21.8636,4,0,0
1265,21.8636,4,0,0
1264,20.2653,4,0,0
1263,21.8636,4,0,0
1262,20.2653,4,0,0
1261,21.8636,4,0,0
1260,20.2653,4,0,0
1259,21.8636,4,0,0
1258,20.2653,4,0,0
1257,21.8636,4,0,0
1256,20.2653,4,0,0
1255,21.8636,4,0,0
1254,21.8636,4,0,0
1253,20.2653,4,0,0
1252,20.2653,4,0,0
1251,21.8636,4,0,0
1250,20.2653,4,0,0
1249,21.8636,4,0,0
1248,20.2653,4,0,0
1247,21.8636,4,0,0
1246,20.2653,4,0,0
1245,21.8636,4,0,0
1244,20.2653,4,0,0
1243,21.8636,4,0,0
1242,20.2653,4,0,0
1241,21.8636,4,0,0
1240,21.8636,4,0,0
1239,20.2653,4,0,0
1238,20.2653,4,0,0
1237,21.8636,4,0,0
1236,21.8636,4,0,0
1235,20.2653,4,0,0
1234,21.8636,4,0,0
1233,20.2653,4,0,0
1232,21.8636,4,0,0
1231,20.2653,4,0,0
1230,21.8636,4,0,0
1229,21.8636,4,0,0
1228,21.8636,4,0,0
1227,20.2653,4,0,0
1226,21.8636,4,0,0
1225,20.2653,4,0,0
1224,21.8636,4,0,0
1223,21.8636,4,0,0
1222,20.2653,4,0,0
1221,20.2653,4,0,0
1220,20.2653,4,0,0
1219,21.8636,4,0,0
1218,20.2653,4,0,0
1217,21.8636,4,0,0
1216,20.2653,4,0,0
1215,21.8636,4,0,0
1214,20.2653,4,0,0
1213,20.2653,4,0,0
1212,21.8636,4,0,0
1211,20.2653,4,0,0
1210,20.2653,4,0,0
1209,21.8636,4,0,0
1208,20.2653,4,0,0
1207,20.2653,4,0,0
1206,20.2653,4,0,0
1205,21.8636,4,0,0
1204,20.2653,4,0,0
1203,21.8636,4,0,0
1202,21.8636,4,0,0
1201,20.2653,4,0,0
1200,21.8636,4,0,0
1199,20.2653,4,0,0
1198,21.8636,4,0,0
1197,20.2653,4,0,0
1196,20.2653,4,0,0
1195,21.8636,4,0,0
1194,21.8636,4,0,0
1193,20.2653,4,0,0
1192,21.8636,4,0,0
1191,20.2653,4,0,0
1190,20.2653,4,0,0
1189,20.2653,4,0,0
1188,20.2653,4,0,0
1187,21.8636,4,0,0
1186,20.2653,4,0,0
1185,21.8636,4,0,0
1184,20.2653,4,0,0
1183,21.8636,4,0,0
1182,20.2653,4,0,0
1181,21.8636,4,0,0
1180,20.2653,4,0,0
1179,21.8636,4,0,0
1178,20.2653,4,0,0
1177,21.8636,4,0,0
1176,21.8636,4,0,0
1175,20.2653,4,0,0
1174,21.8636,4,0,0
1173,20.2653,4,0,0
1172,21.8636,4,0,0
1171,21.8636,4,0,0
1170,20.2653,4,0,0
1169,21.8636,4,0,0
1168,21.8636,4,0,0
1167,20.2653,4,0,0
1166,20.2653,4,0,0
1165,21.8636,4,0,0
1164,21.8636,4,0,0
1163,20.2653,4,0,0
1162,21.8636,4,0,0
1161,20.2653,4,0,0
1160,21.8636,4,0,0
1159,20.2653,4,0,0
1158,21.8636,4,0,0
1157,20.2653,4,0,0
1156,21.8636,4,0,0
1155,20.2653,4,0,0
1154,21.8636,4,0,0
1153,20.2653,4,0,0
1152,21.8636,4,0,0
1151,20.2653,4,0,0
1150,20.2653,4,0,0
1149,21.8636,4,0,0
1148,20.2653,4,0,0
1147,20.2653,4,0,0
1146,21.8636,4,0,0
1145,20.2653,4,0,0
1144,21.8636,4,0,0
1143,20.2653,4,0,0
1142,21.8636,4,0,0
1141,20.2653,4,0,0
1140,20.2653,4,0,0
1139,21.8636,4,0,0
1138,20.2653,4,0,0
1137,20.2653,4,0,0
1136,20.2653,4,0,0
1135,21.8636,4,0,0
1134,20.2653,4,0,0
1133,20.2653,4,0,0
1132,20.2653,4,0,0
1131,20.2653,4,0,0
1130,21.8636,4,0,0
1129,20.2653,4,0,0
1128,20.2653,4,0,0
1127,21.8636,4,0,0
1126,21.8636,4,0,0
1125,21.8636,4,0,0
1124,21.8636,4,0,0
1123,20.2653,4,0,0
1122,21.8636,4,0,0
1121,21.8636,4,0,0
1120,21.8636,4,0,0
1119,20.2653,4,0,0
1118,21.8636,4,0,0
1117,20.2653,4,0,0
1116,21.8636,4,0,0
1115,21.8636,4,0,0
1114,21.8636,4,0,0
1113,21.8636,4,0,0
1112,21.8636,4,0,0
1111,20.2653,4,0,0
1110,21.8636,4,0,0
1109,20.2653,4,0,0
1108,21.8636,4,0,0
1107,21.8636,4,0,0
1106,20.2653,4,0,0
1105,20.2653,4,0,0
1104,21.8636,4,0,0
1103,20.2653,4,0,0
1102,20.2653,4,0,0
1101,21.8636,4,0,0
1100,21.8636,4,0,0
1099,21.8636,4,0,0
1098,20.2653,4,0,0
1097,21.8636,4,0,0
1096,21.8636,4,0,0
1095,20.2653,4,0,0
1094,21.8636,4,0,0
1093,20.2653,4,0,0
1092,21.8636,4,0,0
1091,20.2653,4,0,0
1090,21.8636,4,0,0
1089,20.2653,4,0,0
1088,20.2653,4,0,0
1087,21.8636,4,0,0
1086,20.2653,4,0,0
1085,20.2653,4,0,0
1084,20.2653,4,0,0
1083,21.8636,4,0,0
1082,20.2653,4,0,0
1081,21.8636,4,0,0
1080,20.2653,4,0,0
1079,21.8636,4,0,0
1078,21.8636,4,0,0
1077,20.2653,4,0,0
1076,20.2653,4,0,0
1075,20.2653,4,0,0
1074,21.8636,4,0,0
1073,21.8636,4,0,0
1072,20.2653,4,0,0
1071,20.2653,4,0,0
1070,21.8636,4,0,0
1069,20.2653,4,0,0
1068,21.8636,4,0,0
1067,20.2653,4,0,0
1066,21.8636,4,0,0
1065,20.2653,4,0,0
1064,21.8636,4,0,0
1063,20.2653,4,0,0
1062,21.8636,4,0,0
1061,20.2653,4,0,0
1060,21.8636,4,0,0
1059,21.8636,4,0,0
1058,20.2653,4,0,0
1057,21.8636,4,0,0
1056,20.2653,4,0,0
1055,21.8636,4,0,0
1054,20.2653,4,0,0
1053,21.8636,4,0,0
1052,20.2653,4,0,0
1051,21.8636,4,0,0
1050,21.8636,4,0,0
1049,20.2653,4,0,0
1048,21.8636,4,0,0
1047,20.2653,4,0,0
1046,20.2653,4,0,0
1045,21.8636,4,0,0
1044,20.2653,4,0,0
1043,21.8636,4,0,0
1042,20.2653,4,0,0
1041,21.8636,4,0,0
1040,20.2653,4,0,0
1039,21.8636,4,0,0
1038,21.8636,4,0,0
1037,20.2653,4,0,0
1036,21.8636,4,0,0
1035,20.2653,4,0,0
1034,21.8636,4,0,0
1033,20.2653,4,0,0
1032,20.2653,4,0,0
1031,21.8636,4,0,0
1030,20.2653,4,0,0
1029,21.8636,4,0,0
1028,20.2653,4,0,0
1027,21.8636,4,0,0
1026,20.2653,4,0,0
1025,21.8636,4,0,0
1024,20.2653,4,0,0
1023,21.8636,4,0,0
1022,20.2653,4,0,0
1021,20.2653,4,0,0
1020,21.8636,4,0,0
1019,20.2653,4,0,0
1018,21.8636,4,0,0
1017,20.2653,4,0,0
1016,20.2653,4,0,0
1015,21.8636,4,0,0
1014,21.8636,4,0,0
1013,20.2653,4,0,0
1012,20.2653,4,0,0
1011,20.2653,4,0,0
1010,21.8636,4,0,0
1009,21.8636,4,0,0
1008,20.2653,4,0,0
1007,21.8636,4,0,0
1006,21.8636,4,0,0
1005,20.2653,4,0,0
1004,21.8636,4,0,0
1003,20.2653,4,0,0
1002,21.8636,4,0,0
1001,20.2653,4,0,0
1000,21.8636,4,0,0
999,21.8636,4,0,0
998,21.8636,4,0,0
997,20.2653,4,0,0
996,21.8636,4,0,0
995,20.2653,4,0,0
994,21.8636,4,0,0
993,21.8636,4,0,0
992,21.8636,4,0,0
991,20.2653,4,0,0
990,21.8636,4,0,0
989,21.8636,4,0,0
988,20.2653,4,0,0
987,21.8636,4,0,0
986,20.2653,4,0,0
985,21.8636,4,0,0
984,20.2653,4,0,0
983,20.2653,4,0,0
982,21.8636,4,0,0
981,20.2653,4,0,0
980,20.2653,4,0,0
979,21.8636,4,0,0
978,21.8636,4,0,0
977,20.2653,4,0,0
976,21.8636,4,0,0
975,21.8636,4,0,0
974,20.2653,4,0,0
973,21.8636,4,0,0
972,21.8636,4,0,0
971,20.2653,4,0,0
970,21.8636,4,0,0
969,20.2653,4,0,0
968,20.2653,4,0,0
967,21.8636,4,0,0
966,20.2653,4,0,0
965,21.8636,4,0,0
964,20.2653,4,0,0
963,20.2653,4,0,0
962,21.8636,4,0,0
961,20.2653,4,0,0
960,20.2653,4,0,0
959,21.8636,4,0,0
958,21.8636,4,0,0
957,20.2653,4,0,0
956,21.8636,4,0,0
955,20.2653,4,0,0
954,21.8636,4,0,0
953,20.2653,4,0,0
952,21.8636,4,0,0
951,20.2653,4,0,0
950,20.2653,4,0,0
949,21.8636,4,0,0
948,20.2653,4,0,0
947,21.8636,4,0,0
946,21.8636,4,0,0
945,21.8636,4,0,0
944,20.2653,4,0,0
943,21.8636,4,0,0
942,20.2653,4,0,0
941,21.8636,4,0,0
940,20.2653,4,0,0
939,21.8636,4,0,0
938,20.2653,4,0,0
937,21.8636,4,0,0
936,20.2653,4,0,0
935,21.8636,4,0,0
934,20.2653,4,0,0
933,21.8636,4,0,0
932,20.2653,4,0,0
931,21.8636,4,0,0
930,20.2653,4,0,0
929,20.2653,4,0,0
928,21.8636,4,0,0
927,20.2653,4,0,0
926,20.2653,4,0,0
925,20.2653,4,0,0
924,21.8636,4,0,0
923,21.8636,4,0,0
922,20.2653,4,0,0
921,20.2653,4,0,0
920,21.8636,4,0,0
919,21.8636,4,0,0
918,20.2653,4,0,0
917,21.8636,4,0,0
916,20.2653,4,0,0
915,21.8636,4,0,0
914,20.2653,4,0,0
913,20.2653,4,0,0
912,21.8636,4,0,0
911,20.2653,4,0,0
910,21.8636,4,0,0
909,20.2653,4,0,0
908,21.8636,4,0,0
907,21.8636,4,0,0
906,20.2653,4,0,0
905,21.8636,4,0,0
904,20.2653,4,0,0
903,20.2653,4,0,0
902,21.8636,4,0,0
901,21.8636,4,0,0
900,20.2653,4,0,0
899,21.8636,4,0,0
898,21.8636,4,0,0
897,20.2653,4,0,0
896,21.8636,4,0,0
895,21.8636,4,0,0
894,20.2653,4,0,0
893,21.8636,4,0,0
892,21.8636,4,0,0
891,21.8636,4,0,0
890,21.8636,4,0,0
889,20.2653,4,0,0
888,21.8636,4,0,0
887,20.2653,4,0,0
886,21.8636,4,0,0
885,21.8636,4,0,0
884,20.2653,4,0,0
883,20.2653,4,0,0
882,21.8636,4,0,0
881,20.2653,4,0,0
880,21.8636,4,0,0
879,20.2653,4,0,0
878,21.8636,4,0,0
877,21.8636,4,0,0
876,20.2653,4,0,0
875,21.8636,4,0,0
874,20.2653,4,0,0
873,21.8636,4,0,0
872,20.2653,4,0,0
871,20.2653,4,0,0
870,21.8636,4,0,0
869,20.2653,4,0,0
868,20.2653,4,0,0
867,20.2653,4,0,0
866,20.2653,4,0,0
865,21.8636,4,0,0
864,21.8636,4,0,0
863,20.2653,4,0,0
862,21.8636,4,0,0
861,20.2653,4,0,0
860,20.2653,4,0,0
859,21.8636,4,0,0
858,20.2653,4,0,0
857,21.8636,4,0,0
856,20.2653,4,0,0
855,20.2653,4,0,0
854,21.8636,4,0,0
853,20.2653,4,0,0
852,20.2653,4,0,0
851,21.8636,4,0,0
850,20.2653,4,0,0
849,21.8636,4,0,0
848,20.2653,4,0,0
847,20.2653,4,0,0
846,21.8636,4,0,0
845,21.8636,4,0,0
844,20.2653,4,0,0
843,21.8636,4,0,0
842,20.2653,4,0,0
841,20.2653,4,0,0
840,20.2653,4,0,0
839,21.8636,4,0,0
838,21.8636,4,0,0
837,20.2653,4,0,0
836,21.8636,4,0,0
835,21.8636,4,0,0
834,20.2653,4,0,0
833,21.8636,4,0,0
832,20.2653,4,0,0
831,20.2653,4,0,0
830,21.8636,4,0,0
829,21.8636,4,0,0
828,21.8636,4,0,0
827,20.2653,4,0,0
826,21.8636,4,0,0
825,21.8636,4,0,0
824,21.8636,4,0,0
823,20.2653,4,0,0
822,21.8636,4,0,0
821,20.2653,4,0,0
820,21.8636,4,0,0
819,20.2653,4,0,0
818,20.2653,4,0,0
817,20.2653,4,0,0
816,21.8636,4,0,0
815,20.2653,4,0,0
814,20.2653,4,0,0
813,21.8636,4,0,0
812,20.2653,4,0,0
811,21.8636,4,0,0
810,20.2653,4,0,0
809,20.2653,4,0,0
808,21.8636,4,0,0
807,20.2653,4,0,0
806,20.2653,4,0,0
805,21.8636,4,0,0
804,20.2653,4,0,0
803,21.8636,4,0,0
802,21.8636,4,0,0
801,20.2653,4,0,0
800,20.2653,4,0,0
799,20.2653,4,0,0
798,20.2653,4,0,0
797,20.2653,4,0,0
796,20.2653,4,0,0
795,21.8636,4,0,0
794,20.2653,4,0,0
793,21.8636,4,0,0
792,20.2653,4,0,0
791,21.8636,4,0,0
790,20.2653,4,0,0
789,21.8636,4,0,0
788,20.2653,4,0,0
787,20.2653,4,0,0
786,21.8636,4,0,0
785,21.8636,4,0,0
784,21.8636,4,0,0
783,20.2653,4,0,0
782,20.2653,4,0,0
781,20.2653,4,0,0
780,21.8636,4,0,0
779,20.2653,4,0,0
778,21.8636,4,0,0
777,20.2653,4,0,0
776,20.2653,4,0,0
775,20.2653,4,0,0
774,20.2653,4,0,0
773,20.2653,4,0,0
772,20.2653,4,0,0
771,20.2653,4,0,0
770,20.2653,4,0,0
769,20.2653,4,0,0
768,20.2653,4,0,0
767,20.2653,4,0,0
766,20.2653,4,0,0
765,25.5143,5,0,0
764,25.5143,5,0,0
763,25.5143,5,0,0
762,25.4516,5,0,0
761,25.5143,5,0,0
760,25.4516,5,0,0
759,25.5143,5,0,0
758,25.5143,5,0,0
757,25.4516,5,0,0
756,25.5143,5,0,0
755,25.4516,5,0,0
754,25.4516,5,0,0
753,25.5143,5,0,0
752,25.4516,5,0,0
751,25.4516,5,0,0
750,25.5143,5,0,0
749,25.5143,5,0,0
748,25.5143,5,0,0
747,25.5143,5,0,0
746,25.5143,5,0,0
745,25.4516,5,0,0
744,25.5143,5,0,0
743,25.4516,5,0,0
742,25.5143,5,0,0
741,25.5143,5,0,0
740,25.5143,5,0,0
739,25.4516,5,0,0
738,25.5143,5,0,0
737,25.4516,5,0,0
736,25.4516,5,0,0
735,25.5143,5,0,0
734,25.4516,5,0,0
733,25.5143,5,0,0
732,25.5143,5,0,0
731,25.4516,5,0,0
730,25.5143,5,0,0
729,25.4516,5,0,0
728,25.4516,5,0,0
727,25.5143,5,0,0
726,25.5143,5,0,0
725,25.4516,5,0,0
724,25.5143,5,0,0
723,25.4516,5,0,0
722,25.5143,5,0,0
721,25.4516,5,0,0
720,25.5143,5,0,0
719,25.5143,5,0,0
718,25.5143,5,0,0
717,25.4516,5,0,0
716,25.4516,5,0,0
715,25.5143,5,0,0
714,25.4516,5,0,0
713,25.5143,5,0,0
712,25.4516,5,0,0
711,25.5143,5,0,0
710,25.4516,5,0,0
709,25.4516,5,0,0
708,25.4516,5,0,0
707,25.4516,5,0,0
706,25.5143,5,0,0
705,25.4516,5,0,0
704,25.5143,5,0,0
703,25.4516,5,0,0
702,25.4516,5,0,0
701,25.5143,5,0,0
700,25.4516,5,0,0
699,25.5143,5,0,0
698,25.4516,5,0,0
697,25.4516,5,0,0
696,25.4516,5,0,0
695,25.5143,5,0,0
694,25.4516,5,0,0
693,25.4516,5,0,0
692,25.5143,5,0,0
691,25.5143,5,0,0
690,25.4516,5,0,0
689,25.4516,5,0,0
688,25.5143,5,0,0
687,25.5143,5,0,0
686,25.4516,5,0,0
685,25.5143,5,0,0
684,25.4516,5,0,0
683,25.5143,5,0,0
682,25.5143,5,0,0
681,25.4516,5,0,0
680,25.5143,5,0,0
679,25.5143,5,0,0
678,25.4516,5,0,0
677,25.5143,5,0,0
676,25.4516,5,0,0
675,25.5143,5,0,0
674,25.4516,5,0,0
673,25.4516,5,0,0
672,25.5143,5,0,0
671,25.4516,5,0,0
670,25.5143,5,0,0
669,25.5143,5,0,0
668,25.4516,5,0,0
667,25.5143,5,0,0
666,25.4516,5,0,0
665,25.5143,5,0,0
664,25.4516,5,0,0
663,25.5143,5,0,0
662,25.4516,5,0,0
661,25.5143,5,0,0
660,25.5143,5,0,0
659,25.4516,5,0,0
658,25.4516,5,0,0
657,25.4516,5,0,0
656,25.5143,5,0,0
655,25.4516,5,0,0
654,25.5143,5,0,0
653,25.4516,5,0,0
652,25.5143,5,0,0
651,25.4516,5,0,0
650,25.5143,5,0,0
649,25.4516,5,0,0
648,25.5143,5,0,0
647,25.4516,5,0,0
646,25.5143,5,0,0
645,25.4516,5,0,0
644,25.4516,5,0,0
643,25.5143,5,0,0
642,25.4516,5,0,0
641,25.5143,5,0,0
640,25.5143,5,0,0
639,25.4516,5,0,0
638,25.5143,5,0,0
637,25.4516,5,0,0
636,25.4516,5,0,0
635,25.4516,5,0,0
634,25.4516,5,0,0
633,25.5143,5,0,0
632,25.4516,5,0,0
631,25.5143,5,0,0
630,25.4516,5,0,0
629,25.5143,5,0,0
628,25.5143,5,0,0
627,25.4516,5,0,0
626,25.5143,5,0,0
625,25.5143,5,0,0
624,25.5143,5,0,0
623,25.4516,5,0,0
622,25.5143,5,0,0
621,25.4516,5,0,0
620,25.4516,5,0,0
619,25.5143,5,0,0
618,25.4516,5,0,0
617,25.5143,5,0,0
616,25.4516,5,0,0
615,25.5143,5,0,0
614,25.4516,5,0,0
613,25.4516,5,0,0
612,25.5143,5,0,0
611,25.4516,5,0,0
610,25.5143,5,0,0
609,25.4516,5,0,0
608,25.5143,5,0,0
607,25.4516,5,0,0
606,25.5143,5,0,0
605,25.4516,5,0,0
604,25.5143,5,0,0
603,25.4516,5,0,0
602,25.4516,5,0,0
601,25.4516,5,0,0
600,25.5143,5,0,0
599,25.4516,5,0,0
598,25.4516,5,0,0
597,25.4516,5,0,0
596,25.4516,5,0,0
595,25.5143,5,0,0
594,25.4516,5,0,0
593,25.5143,5,0,0
592,25.4516,5,0,0
591,25.5143,5,0,0
590,25.4516,5,0,0
589,25.5143,5,0,0
588,25.5143,5,0,0
587,25.4516,5,0,0
586,25.4516,5,0,0
585,25.5143,5,0,0
584,25.4516,5,0,0
583,25.5143,5,0,0
582,25.4516,5,0,0
581,25.5143,5,0,0
580,25.5143,5,0,0
579,25.5143,5,0,0
578,25.4516,5,0,0
577,25.5143,5,0,0
576,25.4516,5,0,0
575,25.5143,5,0,0
574,25.5143,5,0,0
573,25.4516,5,0,0
572,25.4516,5,0,0
571,25.5143,5,0,0
570,25.4516,5,0,0
569,25.4516,5,0,0
568,25.5143,5,0,0
567,25.4516,5,0,0
566,25.4516,5,0,0
565,25.5143,5,0,0
564,25.4516,5,0,0
563,25.4516,5,0,0
562,25.5143,5,0,0
561,25.5143,5,0,0
560,25.5143,5,0,0
559,25.5143,5,0,0
558,25.4516,5,0,0
557,25.5143,5,0,0
556,25.4516,5,0,0
555,25.4516,5,0,0
554,25.5143,5,0,0
553,25.4516,5,0,0
552,25.5143,5,0,0
551,25.4516,5,0,0
550,25.4516,5,0,0
549,25.5143,5,0,0
548,25.4516,5,0,0
547,25.5143,5,0,0
546,25.5143,5,0,0
545,25.4516,5,0,0
544,25.4516,5,0,0
543,25.4516,5,0,0
542,25.5143,5,0,0
541,25.5143,5,0,0
540,25.4516,5,0,0
539,25.5143,5,0,0
538,25.5143,5,0,0
537,25.4516,5,0,0
536,25.5143,5,0,0
535,25.4516,5,0,0
534,25.5143,5,0,0
533,25.4516,5,0,0
532,25.5143,5,0,0
531,25.4516,5,0,0
530,25.5143,5,0,0
529,25.4516,5,0,0
528,25.5143,5,0,0
527,25.4516,5,0,0
526,25.5143,5,0,0
525,25.4516,5,0,0
524,25.5143,5,0,0
523,25.4516,5,0,0
522,25.5143,5,0,0
521,25.4516,5,0,0
520,25.5143,5,0,0
519,25.4516,5,0,0
518,25.5143,5,0,0
517,25.4516,5,0,0
516,25.5143,5,0,0
515,25.4516,5,0,0
514,25.4516,5,0,0
513,25.5143,5,0,0
512,25.5143,5,0,0
511,25.4516,5,0,0
510,25.5143,5,0,0
509,25.4516,5,0,0
508,25.5143,5,0,0
507,25.4516,5,0,0
506,25.4516,5,0,0
505,25.5143,5,0,0
504,25.5143,5,0,0
503,25.4516,5,0,0
502,25.4516,5,0,0
501,25.5143,5,0,0
500,25.4516,5,0,0
499,25.5143,5,0,0
498,25.5143,5,0,0
497,25.5143,5,0,0
496,25.4516,5,0,0
495,25.4516,5,0,0
494,25.4516,5,0,0
493,25.5143,5,0,0
492,25.4516,5,0,0
491,25.5143,5,0,0
490,25.4516,5,0,0
489,25.5143,5,0,0
488,25.4516,5,0,0
487,25.5143,5,0,0
486,25.4516,5,0,0
485,25.4516,5,0,0
484,25.5143,5,0,0
483,25.4516,5,0,0
482,25.4516,5,0,0
481,25.4516,5,0,0
480,25.4516,5,0,0
479,25.4516,5,0,0
478,25.5143,5,0,0
477,25.5143,5,0,0
476,25.5143,5,0,0
475,25.4516,5,0,0
474,25.4516,5,0,0
473,25.5143,5,0,0
472,25.4516,5,0,0
471,25.5143,5,0,0
470,25.5143,5,0,0
469,25.5143,5,0,0
468,25.4516,5,0,0
467,25.4516,5,0,0
466,25.5143,5,0,0
465,25.4516,5,0,0
464,25.5143,5,0,0
463,25.4516,5,0,0
462,25.5143,5,0,0
461,25.4516,5,0,0
460,25.5143,5,0,0
459,25.4516,5,0,0
458,25.5143,5,0,0
457,25.4516,5,0,0
456,25.5143,5,0,0
455,25.5143,5,0,0
454,25.5143,5,0,0
453,25.4516,5,0,0
452,25.5143,5,0,0
451,25.4516,5,0,0
450,25.5143,5,0,0
449,25.4516,5,0,0
448,25.5143,5,0,0
447,25.4516,5,0,0
446,25.4516,5,0,0
445,25.5143,5,0,0
444,25.4516,5,0,0
443,25.4516,5,0,0
442,25.5143,5,0,0
441,25.4516,5,0,0
440,25.4516,5,0,0
439,25.5143,5,0,0
438,25.5143,5,0,0
437,25.4516,5,0,0
436,25.5143,5,0,0
435,25.5143,5,0,0
434,25.4516,5,0,0
433,25.5143,5,0,0
432,25.4516,5,0,0
431,25.5143,5,0,0
430,25.5143,5,0,0
429,25.4516,5,0,0
428,25.5143,5,0,0
427,25.4516,5,0,0
426,25.5143,5,0,0
425,25.4516,5,0,0
424,25.5143,5,0,0
423,25.4516,5,0,0
422,25.5143,5,0,0
421,25.4516,5,0,0
420,25.5143,5,0,0
419,25.4516,5,0,0
418,25.5143,5,0,0
417,25.4516,5,0,0
416,25.4516,5,0,0
415,25.5143,5,0,0
414,25.4516,5,0,0
413,25.5143,5,0,0
412,25.4516,5,0,0
411,25.4516,5,0,0
410,25.5143,5,0,0
409,25.4516,5,0,0
408,25.4516,5,0,0
407,25.5143,5,0,0
406,25.4516,5,0,0
405,25.5143,5,0,0
404,25.5143,5,0,0
403,25.4516,5,0,0
402,25.5143,5,0,0
401,25.5143,5,0,0
400,25.4516,5,0,0
399,25.5143,5,0,0
398,25.4516,5,0,0
397,25.4516,5,0,0
396,25.5143,5,0,0
395,25.5143,5,0,0
394,25.4516,5,0,0
393,25.5143,5,0,0
392,25.4516,5,0,0
391,25.5143,5,0,0
390,25.5143,5,0,0
389,25.4516,5,0,0
388,25.5143,5,0,0
387,25.5143,5,0,0
386,25.4516,5,0,0
385,25.5143,5,0,0
384,25.4516,5,0,0
383,25.5143,5,0,0
382,25.4516,5,0,0
381,25.4516,5,0,0
380,25.4516,5,0,0
379,25.4516,5,0,0
378,25.4516,5,0,0
377,25.5143,5,0,0
376,25.4516,5,0,0
375,25.5143,5,0,0
374,25.4516,5,0,0
373,25.4516,5,0,0
372,25.5143,5,0,0
371,25.4516,5,0,0
370,25.4516,5,0,0
369,25.5143,5,0,0
368,25.4516,5,0,0
367,25.4516,5,0,0
366,25.5143,5,0,0
365,25.4516,5,0,0
364,25.5143,5,0,0
363,25.5143,5,0,0
362,25.5143,5,0,0
361,25.4516,5,0,0
360,25.5143,5,0,0
359,25.4516,5,0,0
358,25.5143,5,0,0
357,25.4516,5,0,0
356,25.4516,5,0,0
355,25.5143,5,0,0
354,25.4516,5,0,0
353,25.5143,5,0,0
352,25.4516,5,0,0
351,25.5143,5,0,0
350,25.5143,5,0,0
349,25.5143,5,0,0
348,25.4516,5,0,0
347,25.5143,5,0,0
346,25.4516,5,0,0
345,25.4516,5,0,0
344,25.5143,5,0,0
343,25.4516,5,0,0
342,25.5143,5,0,0
341,25.4516,5,0,0
340,25.5143,5,0,0
339,25.4516,5,0,0
338,25.4516,5,0,0
337,25.5143,5,0,0
336,25.4516,5,0,0
335,25.5143,5,0,0
334,25.5143,5,0,0
333,25.4516,5,0,0
332,25.4516,5,0,0
331,25.5143,5,0,0
330,25.4516,5,0,0
329,25.5143,5,0,0
328,25.4516,5,0,0
327,25.4516,5,0,0
326,25.5143,5,0,0
325,25.4516,5,0,0
324,25.4516,5,0,0
323,25.5143,5,0,0
322,25.4516,5,0,0
321,25.5143,5,0,0
320,25.5143,5,0,0
319,25.5143,5,0,0
318,25.5143,5,0,0
317,25.4516,5,0,0
316,25.5143,5,0,0
315,25.4516,5,0,0
314,25.5143,5,0,0
313,25.4516,5,0,0
312,25.5143,5,0,0
311,25.4516,5,0,0
310,25.4516,5,0,0
309,25.5143,5,0,0
308,25.4516,5,0,0
307,25.4516,5,0,0
306,25.4516,5,0,0
305,25.5143,5,0,0
304,25.5143,5,0,0
303,25.4516,5,0,0
302,25.5143,5,0,0
301,25.4516,5,0,0
300,25.5143,5,0,0
299,25.4516,5,0,0
298,25.5143,5,0,0
297,25.4516,5,0,0
296,25.4516,5,0,0
295,25.4516,5,0,0
294,25.5143,5,0,0
293,25.5143,5,0,0
292,25.4516,5,0,0
291,25.5143,5,0,0
290,25.4516,5,0,0
289,25.4516,5,0,0
288,25.5143,5,0,0
287,25.4516,5,0,0
286,25.5143,5,0,0
285,25.5143,5,0,0
284,25.5143,5,0,0
283,25.4516,5,0,0
282,25.4516,5,0,0
281,25.5143,5,0,0
280,25.4516,5,0,0
279,25.5143,5,0,0
278,25.5143,5,0,0
277,25.4516,5,0,0
276,25.5143,5,0,0
275,25.5143,5,0,0
274,25.4516,5,0,0
273,25.5143,5,0,0
272,25.5143,5,0,0
271,25.4516,5,0,0
270,25.5143,5,0,0
269,25.4516,5,0,0
268,25.5143,5,0,0
267,25.5143,5,0,0
266,25.4516,5,0,0
265,25.4516,5,0,0
264,25.5143,5,0,0
263,25.4516,5,0,0
262,25.5143,5,0,0
261,25.4516,5,0,0
260,25.5143,5,0,0
259,25.4516,5,0,0
258,25.5143,5,0,0
257,25.4516,5,0,0
256,25.5143,5,0,0
255,25.4516,5,0,0
254,25.5143,5,0,0
253,25.5143,5,0,0
252,25.4516,5,0,0
251,25.5143,5,0,0
250,25.5143,5,0,0
249,25.4516,5,0,0
248,25.5143,5,0,0
247,25.4516,5,0,0
246,25.5143,5,0,0
245,25.4516,5,0,0
244,25.4516,5,0,0
243,25.4516,5,0,0
242,25.4516,5,0,0
241,25.4516,5,0,0
240,25.5143,5,0,0
239,25.4516,5,0,0
238,25.4516,5,0,0
237,25.5143,5,0,0
236,25.4516,5,0,0
235,25.5143,5,0,0
234,25.4516,5,0,0
233,25.4516,5,0,0
232,25.4516,5,0,0
231,25.4516,5,0,0
230,25.4516,5,0,0
229,25.5143,5,0,0
228,25.4516,5,0,0
227,25.4516,5,0,0
226,25.5143,5,0,0
225,25.4516,5,0,0
224,25.5143,5,0,0
223,25.4516,5,0,0
222,25.4516,5,0,0
221,25.4516,5,0,0
220,25.5143,5,0,0
219,25.4516,5,0,0
218,25.5143,5,0,0
217,25.4516,5,0,0
216,25.5143,5,0,0
215,25.4516,5,0,0
214,25.5143,5,0,0
213,25.4516,5,0,0
212,25.5143,5,0,0
211,25.4516,5,0,0
210,25.5143,5,0,0
209,25.5143,5,0,0
208,25.5143,5,0,0
207,25.4516,5,0,0
206,25.5143,5,0,0
205,25.5143,5,0,0
204,25.4516,5,0,0
203,25.5143,5,0,0
202,25.4516,5,0,0
201,25.5143,5,0,0
200,25.5143,5,0,0
199,25.4516,5,0,0
198,25.4516,5,0,0
197,25.5143,5,0,0
196,25.4516,5,0,0
195,25.5143,5,0,0
194,25.4516,5,0,0
193,25.5143,5,0,0
192,25.4516,5,0,0
191,25.5143,5,0,0
190,25.4516,5,0,0
189,25.5143,5,0,0
188,25.5143,5,0,0
187,25.4516,5,0,0
186,25.5143,5,0,0
185,25.5143,5,0,0
184,25.4516,5,0,0
183,25.5143,5,0,0
182,25.5143,5,0,0
181,25.4516,5,0,0
180,25.5143,5,0,0
179,25.5143,5,0,0
178,25.5143,5,0,0
177,25.5143,5,0,0
176,25.5143,5,0,0
175,25.5143,5,0,0
174,25.4516,5,0,0
173,25.4516,5,0,0
172,25.5143,5,0,0
171,25.4516,5,0,0
170,25.5143,5,0,0
169,25.4516,5,0,0
168,25.4516,5,0,0
167,25.4516,5,0,0
166,25.4516,5,0,0
165,25.5143,5,0,0
164,25.5143,5,0,0
163,25.5143,5,0,0
162,25.4516,5,0,0
161,25.5143,5,0,0
160,25.5143,5,0,0
159,25.4516,5,0,0
158,25.5143,5,0,0
157,25.4516,5,0,0
156,25.4516,5,0,0
155,25.5143,5,0,0
154,25.4516,5,0,0
153,25.5143,5,0,0
152,25.4516,5,0,0
151,25.5143,5,0,0
150,25.4516,5,0,0
149,25.5143,5,0,0
148,25.4516,5,0,0
147,25.5143,5,0,0
146,25.4516,5,0,0
145,25.4516,5,0,0
144,25.5143,5,0,0
143,25.4516,5,0,0
142,25.4516,5,0,0
141,25.4516,5,0,0
140,25.5143,5,0,0
139,25.4516,5,0,0
138,25.5143,5,0,0
137,25.4516,5,0,0
136,25.5143,5,0,0
135,25.5143,5,0,0
134,25.4516,5,0,0
133,25.5143,5,0,0
132,25.4516,5,0,0
131,25.5143,5,0,0
130,25.5143,5,0,0
129,25.5143,5,0,0
128,25.4516,5,0,0
127,25.5143,5,0,0
126,25.5143,5,0,0
125,25.4516,5,0,0
124,25.4516,5,0,0
123,25.5143,5,0,0
122,25.4516,5,0,0
121,25.5143,5,0,0
120,25.4516,5,0,0
119,25.5143,5,0,0
118,25.4516,5,0,0
117,25.5143,5,0,0
116,25.4516,5,0,0
115,25.4516,5,0,0
114,25.4516,5,0,0
113,25.5143,5,0,0
112,25.5143,5,0,0
111,25.5143,5,0,0
110,25.4516,5,0,0
109,25.5143,5,0,0
108,25.4516,5,0,0
107,25.5143,5,0,0
106,25.5143,5,0,0
105,25.5143,5,0,0
104,25.4516,5,0,0
103,25.5143,5,0,0
102,25.5143,5,0,0
101,25.4516,5,0,0
100,25.5143,5,0,0
99,25.5143,5,0,0
98,25.4516,5,0,0
97,25.5143,5,0,0
96,25.4516,5,0,0
95,25.5143,5,0,0
94,25.4516,5,0,0
93,25.4516,5,0,0
92,25.4516,5,0,0
91,25.4516,5,0,0
90,25.5143,5,0,0
89,25.5143,5,0,0
88,25.5143,5,0,0
87,25.4516,5,0,0
86,25.4516,5,0,0
85,25.5143,5,0,0
84,25.4516,5,0,0
83,25.4516,5,0,0
82,25.5143,5,0,0
81,25.4516,5,0,0
80,25.5143,5,0,0
79,25.5143,5,0,0
78,25.4516,5,0,0
77,25.5143,5,0,0
76,25.4516,5,0,0
75,25.4516,5,0,0
74,25.5143,5,0,0
73,25.5143,5,0,0
72,25.4516,5,0,0
71,25.4516,5,0,0
70,25.4516,5,0,0
69,25.4516,5,0,0
68,25.5143,5,0,0
67,25.4516,5,0,0
66,25.4516,5,0,0
65,25.5143,5,0,0
64,25.4516,5,0,0
63,25.5143,5,0,0
62,25.5143,5,0,0
61,25.4516,5,0,0
60,25.5143,5,0,0
59,25.5143,5,0,0
58,25.4516,5,0,0
57,25.5143,5,0,0
56,25.5143,5,0,0
55,25.4516,5,0,0
54,25.5143,5,0,0
53,25.4516,5,0,0
52,25.5143,5,0,0
51,25.4516,5,0,0
50,25.5143,5,0,0
49,25.5143,5,0,0
48,25.5143,5,0,0
47,25.4516,5,0,0
46,25.5143,5,0,0
45,25.4516,5,0,0
44,25.5143,5,0,0
43,25.5143,5,0,0
42,25.5143,5,0,0
41,25.4516,5,0,0
40,25.5143,5,0,0
39,25.5143,5,0,0
38,25.5143,5,0,0
37,25.4516,5,0,0
36,25.5143,5,0,0
35,25.4516,5,0,0
34,25.5143,5,0,0
33,25.5143,5,0,0
32,25.4516,5,0,0
31,25.5143,5,0,0
30,25.4516,5,0,0
29,25.4516,5,0,0
28,25.5143,5,0,0
27,25.5143,5,0,0
26,25.4516,5,0,0
25,25.5143,5,0,0
24,25.4516,5,0,0
23,25.5143,5,0,0
22,25.4516,5,0,0
21,25.5143,5,0,0
20,25.4516,5,0,0
19,25.4516,5,0,0
18,25.4516,5,0,0
17,25.5143,5,0,0
16,25.4516,5,0,0
15,25.5143,5,0,0
14,25.5143,5,0,0
13,25.5143,5,0,0
12,25.5143,5,0,0
11,25.5143,5,0,0
10,25.5143,5,0,0
9,25.5143,5,0,0
8,25.5143,5,0,0
7,25.5143,5,0,0
6,25.5143,5,0,0
5,25.5143,5,0,0
4,25.5143,5,0,0
3,25.5143,5,0,0
2,25.5143,5,0,0
1,22,4,0,0
0,21.75,4,0,0
