6928 6346
8361
0 4872.41473995319 1750.467708413601
1 4835.829479906381 1726.935416827202
2 4920.901388848294 1755.4971098613835
3 4902.608758824889 1743.730964068184
4 4847.730868754674 1708.4325266885855
5 396.0 1322.0
6 373.50705997373404 1334.043522096339
7 351.01411994746803 1346.087044192678
8 306.02823989493606 1370.174088385356
9 283.5352998686701 1382.217610481695
10 238.5494198161381 1406.304654674373
11 171.0705997373402 1442.43522096339
12 148.57765971107418 1454.4787430597291
13 126.08471968480825 1466.522265156068
14 103.59177965854224 1478.565787252407
15 81.09883963227622 1490.6093093487461
16 36.11295957974431 1514.696353541424
17 -8.872920472787655 1538.783397734102
18 -31.365860499053667 1550.826919830441
19 -53.85880052531962 1562.8704419267801
20 -143.8305606303835 1611.0445303121362
21 -211.30938070918148 1647.1750966011532
22 -233.80232073544755 1659.2186186974923
23 -256.2952607617134 1671.2621407938311
24 -278.78820078797946 1683.3056628901702
25 -301.2811408142454 1695.3491849865093
26 -346.26702086677744 1719.4362291791872
27 -368.7599608930434 1731.4797512755263
28 316.5072413057918 1335.692877497147
29 249.02842122699388 1371.823443786164
30 226.53548120072787 1383.866965882503
31 159.05666112192995 1419.99753217152
32 114.07078106939798 1444.0845763641983
33 91.57784104313203 1456.128098460537
34 69.08490101686596 1468.1716205568762
35 24.099020964334045 1492.258664749554
36 1.6060809380680894 1504.3021868458932
37 -20.886859088197866 1516.3457089422322
38 -88.36567916699585 1552.4762752312492
39 -178.33743927205978 1600.6503636166053
40 -200.83037929832574 1612.6938857129444
41 -268.3091993771236 1648.8244520019612
42 -290.8021394033897 1660.8679740983002
43 -313.29507942965563 1672.9114961946393
44 -335.7880194559216 1684.9550182909784
45 -358.28095948218765 1696.9985403873175
46 -380.7738995084536 1709.0420624836563
47 371.9721227691795 1277.12462241626
48 349.4791827429135 1289.1681445125992
49 326.98624271664755 1301.2116666089382
50 304.4933026903816 1313.255188705277
51 282.0003626641156 1325.2987108016162
52 259.50742263784963 1337.3422328979552
53 237.01448261158365 1349.385754994294
54 214.52154258531763 1361.4292770906331
55 192.02860255905168 1373.4727991869722
56 169.5356625327857 1385.5163212833113
57 124.54978248025373 1409.6033654759892
58 102.05684245398777 1421.6468875723283
59 79.56390242772176 1433.6904096686671
60 57.070962401455745 1445.7339317650062
61 34.57802237518979 1457.7774538613453
62 -32.900797703608134 1493.9080201503623
63 -55.39373772987415 1505.9515422467011
64 -77.8866777561401 1517.9950643430402
65 -100.37961778240611 1530.0385864393793
66 -122.87255780867213 1542.0821085357184
67 -167.85843786120404 1566.1691527283963
68 -190.3513778874701 1578.2126748247354
69 -347.8019580713319 1662.5173294991084
70 -392.7878381238638 1686.6043736917863
71 -415.2807781501299 1698.6478957881254
72 337.4652441275033 1266.7304557207292
73 225.0005439961734 1326.9480662024243
74 180.01466394364144 1351.0351103951023
75 157.52172391737545 1363.0786324914413
76 135.02878389110947 1375.1221545877802
77 90.04290383857756 1399.2091987804583
78 67.54996381231149 1411.2527208767974
79 22.564083759779578 1435.3397650694753
80 0.07114373351362246 1447.3832871658144
81 -22.421796292752447 1459.4268092621533
82 -44.9147363190184 1471.4703313584923
83 -202.36531650288032 1555.7749860328654
84 -247.35119655541223 1579.8620302255435
85 -292.33707660794414 1603.9490744182215
86 -337.32295666047617 1628.0361186108994
87 -359.8158966867421 1640.0796407072385
88 -404.80177673927415 1664.1666848999164
89 -427.2947167655401 1676.2102069962555
90 280.4654254595611 1268.3798111215374
91 257.9724854332951 1280.4233332178762
92 235.47954540702915 1292.4668553142153
93 190.49366535449715 1316.5538995068935
94 145.5077853019652 1340.6409436995714
95 55.53602519690128 1388.8150320849275
96 10.55014514436931 1412.9020762776054
97 -11.942794881896646 1424.9455983739444
98 -34.43573490816266 1436.9891204702835
99 -56.928674934428614 1449.0326425666224
100 -101.91455498696058 1473.1196867593005
101 -169.3933750657585 1509.2502530483175
102 -191.88631509202446 1521.2937751446564
103 -214.37925511829053 1533.3372972409954
104 -236.87219514455649 1545.3808193373345
105 -281.8580751970885 1569.4678635300124
106 -304.35101522335435 1581.5113856263515
107 -326.8439552496204 1593.5549077226906
108 -394.3227753284184 1629.6854740117076
109 335.93030692294883 1209.8115560406504
110 313.4373668966828 1221.8550781369895
111 223.46560679161888 1270.0291665223453
112 200.97266676535293 1282.0726886186844
113 178.4797267390869 1294.1162107150235
114 155.98678671282096 1306.1597328113623
115 111.00090666028899 1330.2467770040405
116 88.50796663402298 1342.2902991003796
117 43.52208658149107 1366.3773432930575
118 -23.956733497306914 1402.5079095820745
119 -46.44967352357287 1414.5514316784136
120 -91.4355535761049 1438.6384758710915
121 -158.91437365490287 1474.7690421601085
122 -181.40731368116872 1486.8125642564476
123 -203.90025370743467 1498.8560863527864
124 -226.39319373370074 1510.8996084491255
125 -293.8720138124987 1547.0301747381427
126 -316.36495383876456 1559.0736968344816
127 -361.3508338912966 1583.1607410271595
128 -383.84377391756254 1595.2042631234985
129 -406.3367139438286 1607.2477852198376
130 -428.82965397009457 1619.2913073161767
131 -451.3225939963605 1631.3348294125155
132 301.42342828127255 1199.4173893451195
133 256.43754822874064 1223.5044335377975
134 233.94460820247463 1235.5479556341365
135 211.45166817620867 1247.5914777304756
136 9.015207939814786 1355.9831765975266
137 -13.47773208645117 1368.0266986938655
138 -35.970672112717125 1380.0702207902045
139 -58.46361213898314 1392.1137428865436
140 -103.4494921915151 1416.2007870792215
141 -170.92831227031309 1452.3313533682385
142 -193.42125229657904 1464.3748754645776
143 -283.39301240164286 1512.5489638499337
144 -395.85771253297276 1572.7665743316288
145 -418.3506525592388 1584.8100964279677
146 -440.8435925855049 1596.8536185243067
147 266.9165496395964 1189.0232226495887
148 244.42360961333037 1201.0667447459275
149 221.93066958706441 1213.1102668422666
150 199.4377295607984 1225.1537889386057
151 154.45184950826643 1249.2408331312836
152 109.46596945573447 1273.3278773239615
153 41.9871493769366 1309.4584436129785
154 -2.998730675595425 1333.5454878056566
155 -70.4775507543934 1369.6760540946736
156 -92.97049078065936 1381.7195761910127
157 -115.46343080692532 1393.7630982873516
158 -137.95637083319127 1405.8066203836906
159 -205.43519091198925 1441.9371866727076
160 -227.9281309382552 1453.9807087690467
161 -250.42107096452128 1466.0242308653858
162 -272.91401099078723 1478.0677529617246
163 -317.89989104331926 1502.1547971544028
164 -452.8575312009151 1574.4159297324368
165 299.8884910767181 1142.4984896650406
166 164.9308509191222 1214.7596222430745
167 97.45203084032426 1250.8901885320915
168 7.480270735260319 1299.0642769174476
169 -37.50560931727165 1323.1513211101258
170 -82.49148936980362 1347.2383653028037
171 -104.98442939606957 1359.2818873991428
172 -149.97030944860148 1383.3689315918207
173 -172.46324947486755 1395.4124536881598
174 -262.4350095799315 1443.5865420735158
175 -307.4208896324634 1467.6735862661938
176 -329.91382965872947 1479.7171083625328
177 -374.8997097112614 1503.8041525552107
178 -397.39264973752734 1515.8476746515498
179 -442.37852979005936 1539.934718844228
180 265.3816124350419 1132.1043229695097
181 242.8886724087759 1144.1478450658487
182 220.39573238250992 1156.1913671621878
183 197.90279235624394 1168.2348892585267
184 175.40985232997795 1180.2784113548657
185 152.91691230371197 1192.3219334512048
186 130.42397227744596 1204.3654555475437
187 85.43809222491404 1228.4524997402218
188 62.94515219864803 1240.4960218365609
189 40.45221217238202 1252.5395439328997
190 -27.026607906415904 1288.6701102219167
191 -49.51954793268186 1300.7136323182558
192 -72.01248795894782 1312.7571544145949
193 -94.50542798521383 1324.8006765109337
194 -139.49130803774585 1348.8877207036119
195 -161.9842480640118 1360.9312427999507
196 -184.47718809027776 1372.9747648962898
197 -251.95600816907563 1409.1053311853068
198 -274.4489481953417 1421.1488532816459
199 -319.4348282478736 1445.2358974743238
200 -341.9277682741397 1457.2794195706629
201 -364.4207083004055 1469.322941667002
202 -386.9136483266716 1481.366463763341
203 -409.40658835293755 1493.4099858596799
204 -431.8995283792035 1505.453507956019
205 -454.3924684054696 1517.497030052358
206 -476.8854084317355 1529.5405521486969
207 -499.3783484580015 1541.584074245036
208 275.8606138458976 1097.6231120813009
209 253.36767381963162 1109.6666341776397
210 230.87473379336564 1121.7101562739788
211 208.38179376709968 1133.7536783703179
212 185.88885374083367 1145.7972004666567
213 163.3959137145677 1157.8407225629958
214 118.41003366203574 1181.927766755674
215 73.42415360950378 1206.0148109483519
216 50.93121358323776 1218.058333044691
217 28.438273556971808 1230.1018551410298
218 -39.04054652182617 1266.232421430047
219 -61.53348654809213 1278.2759435263858
220 -106.5193666006241 1302.3629877190638
221 -151.50524665315606 1326.450031911742
222 -196.49112670568798 1350.5370761044198
223 -241.4770067582199 1374.624120297098
224 -308.95582683701787 1410.754686586115
225 -376.43464691581585 1446.885252875132
226 -398.9275869420819 1458.928774971471
227 -421.42052696834776 1470.97229706781
228 -466.4064070208799 1495.059341260488
229 -488.89934704714574 1507.102863356827
230 263.84667523048734 1075.185423289431
231 218.8607951779554 1099.2724674821088
232 173.87491512542346 1123.359511674787
233 128.8890350728915 1147.446555867465
234 83.90315502035952 1171.5336000601428
235 38.91727496782755 1195.620644252821
236 16.42433494156154 1207.66416634916
237 -28.561545110970428 1231.751210541838
238 -51.054485137236384 1243.794732638177
239 -73.54742516350234 1255.8382547345159
240 -96.0403651897683 1267.881776830855
241 -118.53330521603436 1279.925298927194
242 -141.02624524230032 1291.9688210235329
243 -163.51918526856628 1304.012343119872
244 -253.4909453736302 1352.186431505228
245 -343.46270547869415 1400.360519890584
246 -365.9556455049602 1412.404041986923
247 -388.44858553122606 1424.447564083262
248 -410.9415255574921 1436.491086179601
249 -433.4344655837581 1448.5346082759402
250 -478.4203456362901 1472.621652468618
251 -500.91328566255606 1484.665174564957
252 -523.406225688822 1496.708696661296
253 251.83273661507712 1052.747734497561
254 229.33979658881114 1064.7912565939
255 206.84685656254516 1076.8347786902389
256 184.3539165362792 1088.878300786578
257 161.8609765100132 1100.921822882917
258 139.36803648374723 1112.9653449792559
259 94.38215643121521 1137.052389171934
260 71.88921640494925 1149.095911268273
261 49.3962763786833 1161.139433364612
262 4.410396326151272 1185.22647755729
263 -18.082543700114627 1197.269999653629
264 -108.05430380517856 1245.444088038985
265 -130.54724383144458 1257.487610135324
266 -198.02606391024256 1293.618176424341
267 -220.5190039365085 1305.6616985206801
268 -243.01194396277447 1317.7052206170192
269 -265.5048839890404 1329.748742713358
270 -332.9837040678384 1365.879309002375
271 -400.46252414663627 1402.009875291392
272 -422.95546417290234 1414.0533973877311
273 -445.4484041991683 1426.0969194840702
274 -467.94134422543425 1438.140441580409
275 239.81879799966688 1030.310045705691
276 194.83291794713492 1054.3970898983691
277 172.33997792086893 1066.440611994708
278 37.382337763273085 1138.701744572742
279 14.889397737007073 1150.745266669081
280 -7.6035422892589395 1162.7887887654201
281 -30.096482315524895 1174.8323108617592
282 -52.58942234179085 1186.875832958098
283 -142.5611824468548 1235.0499213434541
284 -210.04000252565277 1271.180487632471
285 -232.53294255191872 1283.2240097288102
286 -277.51882260445063 1307.311053921488
287 -322.50470265698266 1331.3980981141663
288 -389.98352273578064 1367.5286644031833
289 -479.95528284084446 1415.7027527885393
290 -502.44822286711053 1427.7462748848784
291 -547.4341029196424 1451.8333190775563
292 227.80485938425664 1007.872356913821
293 205.31191935799066 1019.9158790101601
294 182.81897933172468 1031.9594011064992
295 160.32603930545872 1044.002923202838
296 115.34015925292675 1068.0899673955162
297 92.84721922666074 1080.133489491855
298 70.35427920039479 1092.177011588194
299 47.86133917412883 1104.2205336845332
300 25.368399147862817 1116.2640557808722
301 -19.61748090466915 1140.3510999735502
302 -87.09630098346713 1176.4816662625672
303 -154.575121062265 1212.6122325515842
304 -177.06806108853107 1224.6557546479232
305 -222.05394114106298 1248.7427988406012
306 -244.54688116732905 1260.7863209369402
307 -334.51864127239287 1308.9604093222963
308 -357.01158129865894 1321.0039314186351
309 -424.4904013774567 1357.1344977076524
310 -491.9692214562547 1393.2650639966694
311 -514.4621614825207 1405.3085860930082
312 -536.9551015087868 1417.3521081893473
313 -559.4480415350527 1429.3956302856864
314 215.7909207688464 985.4346681219511
315 193.29798074258042 997.4781902182901
316 170.80504071631444 1009.5217123146292
317 148.31210069004845 1021.5652344109681
318 103.32622063751649 1045.6522786036462
319 80.83328061125053 1057.6958006999853
320 58.34034058498452 1069.7393227963241
321 -9.138479493813406 1105.8698890853411
322 -54.12435954634532 1129.9569332780193
323 -76.61729957261139 1142.0004553743581
324 -121.6031796251433 1166.0874995670363
325 -144.09611965140925 1178.1310216633751
326 -166.58905967767532 1190.1745437597142
327 -189.08199970394128 1202.2180658560533
328 -234.0678797564732 1226.3051100487312
329 -256.56081978273926 1238.3486321450703
330 -324.0396398615371 1274.4791984340873
331 -346.5325798878032 1286.5227205304263
332 -369.02551991406915 1298.5662426267654
333 -391.5184599403351 1310.6097647231043
334 -414.0113999666012 1322.6532868194433
335 -436.504339992867 1334.6968089157822
336 -481.49022004539904 1358.7838531084603
337 -526.4761000979311 1382.8708973011385
338 -548.969040124197 1394.9144193974773
339 158.7911021009042 987.0840235227593
340 136.29816207463824 999.1275456190982
341 91.31228202210627 1023.2145898117762
342 68.81934199584032 1035.2581119081153
343 46.32640196957425 1047.3016340044542
344 -66.13829816175559 1107.5192444861493
345 -111.12417821428761 1131.6062886788272
346 -246.0818183718834 1203.8674212568612
347 -291.06769842441554 1227.9544654495394
348 -336.05357847694734 1252.0415096422173
349 -381.03945852947936 1276.1285538348955
350 -403.5323985557453 1288.1720759312343
351 -426.0253385820114 1300.2155980275734
352 -448.5182786082772 1312.2591201239125
353 -471.0112186345433 1324.3026422202515
354 -493.50415866080925 1336.3461643165904
355 -515.9970986870752 1348.3896864129294
356 -538.4900387133413 1360.4332085092685
357 -560.9829787396072 1372.4767306056074
358 -583.4759187658732 1384.5202527019464
359 191.76304353802593 940.5592905382114
360 146.77716348549396 964.6463347308893
361 124.28422345922797 976.6898568272284
362 34.31246335416404 1024.8639452125844
363 11.819523327898082 1036.9074673089235
364 -33.166356724633886 1060.9945115016014
365 -55.6592967508999 1073.0380335979403
366 -78.15223677716585 1085.0815556942794
367 -100.64517680343181 1097.1250777906184
368 -123.13811682969788 1109.1685998869575
369 -168.1239968822298 1133.2556440796354
370 -213.1098769347617 1157.3426882723134
371 -280.5886970135597 1193.4732545613306
372 -325.5745770660916 1217.5602987540085
373 -370.5604571186236 1241.6473429466864
374 -415.5463371711555 1265.7343871393646
375 -438.0392771974216 1277.7779092357036
376 -483.0251572499535 1301.8649534283816
377 -505.51809727621946 1313.9084755247204
378 -528.0110373024854 1325.9519976210595
379 -572.9969173550174 1350.0390418137376
380 179.74910492261571 918.1216017463414
381 157.25616489634973 930.1651238426805
382 112.27028484381776 954.2521680353584
383 89.7773448175518 966.2956901316975
384 44.79146476501984 990.3827343243754
385 22.298524738753827 1002.4262564207145
386 -22.687355313778085 1026.5133006133924
387 -45.1802953400441 1038.5568227097315
388 -67.67323536631011 1050.6003448060706
389 -135.1520554451081 1086.7309110950875
390 -157.64499547137405 1098.7744331914264
391 -180.13793549764 1110.8179552877655
392 -202.63087552390596 1122.8614773841045
393 -225.1238155501719 1134.9049994804436
394 -270.10969560270394 1158.9920436731215
395 -315.09557565523596 1183.0790878657995
396 -337.5885156815018 1195.1226099621385
397 -360.08145570776776 1207.1661320584776
398 -382.5743957340338 1219.2096541548167
399 -405.0673357602998 1231.2531762511555
400 -495.0390958653637 1279.4272646365116
401 -540.0249759178956 1303.5143088291898
402 -562.5179159441617 1315.5578309255286
403 167.73516630720545 895.6839129544715
404 145.24222628093946 907.7274350508105
405 100.2563462284075 931.8144792434884
406 10.284586123343558 979.9885676288445
407 -12.208353902922397 992.0320897251835
408 -34.70129392918841 1004.0756118215224
409 -57.194233955454365 1016.1191339178615
410 -79.68717398172038 1028.1626560142006
411 -102.18011400798628 1040.2061781105394
412 -124.67305403425235 1052.2497002068785
413 -147.1659940605183 1064.2932223032176
414 -169.65893408678426 1076.3367443995567
415 -192.1518741130502 1088.3802664958955
416 -214.64481413931628 1100.4237885922346
417 -282.12363421811415 1136.5543548812516
418 -304.6165742443802 1148.5978769775907
419 -349.60245429691213 1172.6849211702686
420 -372.0953943231781 1184.7284432666077
421 -439.57421440197606 1220.8590095556247
422 -462.06715442824213 1232.9025316519637
423 -484.560094454508 1244.9460537483026
424 -507.05303448077404 1256.9895758446416
425 -552.038914533306 1281.0766200373196
426 -574.531854559572 1293.1201421336586
427 -597.024794585838 1305.1636642299977
428 -619.5177346121039 1317.2071863263368
429 155.7212276917952 873.2462241626015
430 110.73534763926324 897.3332683552796
431 43.256527560465315 933.4638346442966
432 -1.7293524920667096 957.5508788369746
433 -46.71523254459862 981.6379230296526
434 -91.70111259713065 1005.7249672223306
435 -114.19405262339654 1017.7684893186696
436 -159.1799326759285 1041.8555335113476
437 -181.67287270219458 1053.8990556076867
438 -294.1375728335245 1114.1166660893816
439 -339.1234528860564 1138.2037102820598
440 -406.60227296485436 1174.3342765710768
441 -429.0952129911203 1186.3777986674158
442 -451.5881530173863 1198.4213207637547
443 -474.08109304365234 1210.4648428600938
444 -564.0528531487162 1258.6389312454498
445 -609.0387332012482 1282.7259754381278
446 121.21434905011898 862.8520574670706
447 98.72140902385303 874.8955795634097
448 76.22846899758702 886.9391016597486
449 53.73552897132106 898.9826237560876
450 31.242588945055047 911.0261458524267
451 -13.74329110747692 935.1131900451047
452 -81.22211118627484 971.2437563341217
453 -103.71505121254086 983.2872784304607
454 -148.70093126507277 1007.3743226231387
455 -216.17975134387075 1043.5048889121558
456 -261.16563139640266 1067.5919331048337
457 -373.63033152773255 1127.809543586529
458 -396.1232715539985 1139.8530656828677
459 -441.10915160653053 1163.9401098755459
460 -463.6020916327965 1175.9836319718847
461 -508.5879716853284 1200.0706761645629
462 -576.0667917641264 1236.2012424535799
463 -598.5597317903924 1248.244764549919
464 -621.0526718166584 1260.2882866462578
465 -643.5456118429245 1272.3318087425969
466 131.69335046097473 828.3708465788617
467 86.70747040844276 852.4578907715397
468 -3.2642896966211765 900.6319791568958
469 -25.757229722887132 912.6755012532348
470 -70.7431097754191 936.7625454459128
471 -115.72898982795107 960.8495896385907
472 -138.22192985421702 972.8931117349298
473 -183.20780990674905 996.9801559276078
474 -228.19368995928096 1021.0672001202859
475 -250.68662998554692 1033.1107222166247
476 -273.179570011813 1045.1542443129638
477 -363.1513301168769 1093.3283326983199
478 -385.6442701431429 1105.3718547946587
479 -408.1372101694087 1117.4153768909978
480 -498.10897027447277 1165.5894652763538
481 -520.6019103007386 1177.632987372693
482 -565.5877903532707 1201.7200315653708
483 -588.0807303795366 1213.76355366171
484 -610.5736704058027 1225.807075758049
485 -633.0666104320687 1237.8505978543878
486 52.20059176676659 842.0637240760088
487 7.214711714234625 866.1507682686869
488 -15.278228312031388 878.1942903650258
489 -37.77116833829734 890.2378124613649
490 -60.2641083645633 902.2813345577039
491 -82.75704839082931 914.3248566540428
492 -105.24998841709532 926.3683787503819
493 -172.7288084958932 962.4989450393989
494 -285.1935086272231 1022.7165555210939
495 -352.67232870602106 1058.847121810111
496 -397.658208758553 1082.934166002789
497 -420.15114878481904 1094.977688099128
498 -465.13702883735095 1119.064732291806
499 -487.629968863617 1131.108254388145
500 -532.6158489161489 1155.195298580823
501 -555.108788942415 1167.238820677162
502 -600.0946689949469 1191.3258648698402
503 -622.587609021213 1203.369386966179
504 -645.0805490474788 1215.412909062518
505 62.67959317762228 807.5825131877999
506 17.693713125090312 831.669557380478
507 -72.27804697997362 879.8436457658339
508 -94.77098700623958 891.8871678621729
509 -117.26392703250553 903.930689958512
510 -139.7568670587716 915.974212054851
511 -162.24980708503745 928.01773415119
512 -207.23568713756958 952.104778343868
513 -229.72862716383543 964.148300440207
514 -297.2074472426334 1000.278866729224
515 -342.1933272951653 1024.365910921902
516 -364.6862673214314 1036.409433018241
517 -409.6721473739633 1060.496477210919
518 -432.16508740022925 1072.539999307258
519 -477.1509674527613 1096.627043499936
520 -499.64390747902723 1108.670565596275
521 -612.1086076103571 1168.88817607797
522 -634.6015476366233 1180.931698174309
523 -679.587427689155 1205.0187423669872
524 95.65153461474398 761.0577802032519
525 73.15859458847802 773.1013022995909
526 50.66565456221201 785.14482439593
527 5.679774509680044 809.231868588608
528 -16.81316551658591 821.275390684947
529 -39.306105542851924 833.3189127812859
530 -61.79904556911788 845.362434877625
531 -84.29198559538384 857.405956973964
532 -106.78492562164985 869.4494790703029
533 -151.77080567418182 893.5365232629811
534 -174.26374570044777 905.58004535932
535 -196.75668572671384 917.623567455659
536 -219.2496257529798 929.6670895519981
537 -241.74256577924575 941.710611648337
538 -286.72844583177766 965.7976558410151
539 -376.7002059368417 1013.9717442263711
540 -399.19314596310767 1026.01526632271
541 -444.17902601563947 1050.1023105153881
542 -511.65784609443745 1086.2328768044051
543 -579.1366661732354 1122.3634430934221
544 -624.1225462257673 1146.4504872861003
545 -646.6154862520334 1158.4940093824391
546 -691.6013663045653 1182.581053575117
547 61.14465597306781 750.663613507721
548 16.158775920535845 774.7506577003991
549 -6.334164105730167 786.7941797967381
550 -28.827104131996123 798.8377018930771
551 -51.320044158262135 810.8812239894162
552 -73.81298418452809 822.9247460857551
553 -118.79886423706012 847.0117902784332
554 -141.29180426332607 859.0553123747721
555 -186.27768431585798 883.1423565674502
556 -208.77062434212394 895.1858786637891
557 -253.75650439465596 919.2729228564672
558 -276.2494444209219 931.3164449528063
559 -298.742384447188 943.3599670491452
560 -343.7282644997199 967.4470112418232
561 -388.7141445522518 991.5340554345012
562 -411.2070845785179 1003.5775775308402
563 -456.1929646310498 1027.6646217235182
564 -478.68590465731586 1039.7081438198572
565 -501.1788446835817 1051.7516659161963
566 -546.1647247361138 1075.8387101088742
567 -568.6576647623797 1087.8822322052133
568 -591.1506047886458 1099.9257543015524
569 -613.6435448149116 1111.9692763978912
570 -636.1364848411777 1124.0127984942303
571 -681.1223648937096 1148.0998426869082
572 -703.6153049199756 1160.1433647832473
573 49.130717357657545 728.2259247158511
574 4.144837305125577 752.3129689085291
575 -40.84104274740639 776.4000131012072
576 -63.333982773672346 788.4435351975461
577 -85.82692279993842 800.4870572938852
578 -108.31986282620437 812.5305793902241
579 -130.81280285247033 824.5741014865632
580 -175.79868290500235 848.6611456792411
581 -243.27750298380033 884.7917119682583
582 -288.26338303633224 908.8787561609363
583 -310.7563230625982 920.9222782572753
584 -355.7422031151302 945.0093224499533
585 -378.23514314139607 957.0528445462922
586 -400.72808316766213 969.0963666426312
587 -445.71396322019405 993.1834108353092
588 -468.20690324646 1005.2269329316482
589 -490.69984327272607 1017.2704550279873
590 -513.192783298992 1029.3139771243264
591 -580.6716033777899 1065.4445434133434
592 -625.6574834303219 1089.5315876060213
593 -648.1504234565878 1101.5751097023604
594 -670.643363482854 1113.6186317986994
595 -693.1363035091199 1125.6621538950383
596 -715.6292435353857 1137.7056759913773
597 37.116778742247334 705.7882359239811
598 14.623838715981321 717.8317580203202
599 -7.869101310284634 729.8752801166592
600 -30.362041336550647 741.9188022129982
601 -52.8549813628166 753.9623243093372
602 -97.84086141534863 778.0493685020152
603 -120.33380144161458 790.0928905983542
604 -142.82674146788054 802.1364126946933
605 -187.81262152041256 826.2234568873712
606 -210.30556154667852 838.2669789837103
607 -232.79850157294447 850.3105010800492
608 -255.29144159921043 862.3540231763883
609 -277.7843816254765 874.3975452727273
610 -300.27732165174234 886.4410673690663
611 -322.7702616780084 898.4845894654053
612 -345.26320170427437 910.5281115617443
613 -390.2490817568064 934.6151557544223
614 -412.74202178307235 946.6586778507613
615 -435.2349618093383 958.7021999471003
616 -502.7137818881363 994.8327662361173
617 -525.2067219144022 1006.8762883324564
618 -592.6855419932001 1043.0068546214734
619 -660.1643620719981 1079.1374209104904
620 -682.6573020982642 1091.1809430068295
621 -705.15024212453 1103.2244651031683
622 47.59578015310308 671.3070250357722
623 2.60990010057111 695.3940692284502
624 -64.86891997822681 731.5246355174672
625 -87.36186000449277 743.5681576138062
626 -154.84068008329075 779.6987239028233
627 -177.3336201095567 791.7422459991623
628 -222.31950016208862 815.8292901918403
629 -267.30538021462075 839.9163343845183
630 -334.7842002934186 876.0469006735353
631 -379.77008034595065 900.1339448662134
632 -402.2630203722165 912.1774669625523
633 -424.75596039848256 924.2209890588913
634 -447.2489004247486 936.2645111552304
635 -514.7277205035465 972.3950774442474
636 -537.2206605298124 984.4385995405864
637 -559.7136005560784 996.4821216369254
638 -627.1924206348764 1032.6126879259423
639 -649.6853606611423 1044.6562100222814
640 -672.1783006874084 1056.6997321186204
641 -694.6712407136743 1068.7432542149595
642 13.088901511426855 660.9128583402412
643 -9.404038514839158 672.9563804365803
644 -31.896978541105113 684.9999025329192
645 -99.3757986199031 721.1304688219362
646 -234.33343877749894 793.3916013999703
647 -256.826378803765 805.4351234963093
648 -279.31931883003097 817.4786455926484
649 -301.8122588562969 829.5221676889873
650 -369.2910789350949 865.6527339780043
651 -391.78401896136086 877.6962560743434
652 -436.7698990138929 901.7833002670213
653 -459.26283904015884 913.8268223633604
654 -504.24871909269064 937.9138665560383
655 -526.7416591189567 949.9573886523774
656 -594.2204791977547 986.0879549413944
657 -616.7134192240205 998.1314770377335
658 -729.1781193553506 1058.3490875194284
659 -751.6710593816165 1070.3926096157675
660 23.5679029222826 626.4316474520324
661 1.0749628960166433 638.4751695483714
662 -21.41797713024937 650.5186916447104
663 -88.89679720904729 686.6492579337274
664 -133.88267726157926 710.7363021264055
665 -156.37561728784522 722.7798242227444
666 -178.86855731411129 734.8233463190834
667 -201.36149734037724 746.8668684154225
668 -223.8544373666432 758.9103905117615
669 -291.3332574454412 795.0409568007785
670 -313.82619747170713 807.0844788971175
671 -381.305017550505 843.2150451861345
672 -426.290897603037 867.3020893788125
673 -448.783837629303 879.3456114751516
674 -471.27677765556905 891.3891335714906
675 -493.7697176818349 903.4326556678295
676 -516.262657708101 915.4761777641686
677 -606.234417813165 963.6502661495247
678 -651.2202978656969 987.7373103422026
679 -673.7132378919628 999.7808324385417
680 -696.2061779182288 1011.8243545348806
681 -718.6991179444949 1023.8678766312196
682 2469.635745676608 756.2720377570724
683 2474.2714913532163 736.5440755141448
684 2492.814474059649 657.6322265424344
685 2515.99320244269 558.9924153277965
686 2520.628948119298 539.2644530848688
687 2525.264693795906 519.5364908419413
688 2529.9004394725143 499.80852859901364
689 2534.5361851491225 480.0805663560861
690 2543.807676502339 440.6246418702309
691 2548.443422178947 420.8966796273033
692 2571.622150561988 322.2568684126653
693 2576.257896238596 302.5289061697377
694 2585.5293875918123 263.0729816838825
695 2594.8008789450287 223.61705719802728
696 2608.708115974853 164.4331704692446
697 2622.6153530046777 105.2492837404618
698 2627.251098681286 85.52132149753413
699 2631.886844357894 65.79335925460657
700 2636.522590034502 46.0653970116789
701 2645.7940813877185 6.609472525823776
702 2650.4298270643267 -13.118489717103785
703 2655.065572740935 -32.84645196003146
704 2687.515792477192 -170.9421876605246
705 2495.555403378464 741.5454437212297
706 2500.191149055072 721.8174814783022
707 2509.4626404082883 682.3615569924469
708 2514.0983860848964 662.6335947495194
709 2518.7341317615046 642.9056325065918
710 2523.369877438113 623.1776702636641
711 2532.641368791329 583.721745777809
712 2541.9128601445454 544.2658212919538
713 2551.184351497762 504.8098968060986
714 2560.455842850978 465.35397232024343
715 2565.0915885275863 445.62601007731587
716 2583.634571234019 366.7141611056055
717 2588.270316910627 346.9861988626779
718 2597.5418082638434 307.53027437682266
719 2602.1775539404516 287.80231213389504
720 2625.3562823234925 189.16250091925713
721 2639.263519353317 129.97861419047422
722 2643.899265029925 110.25065194754677
723 2662.442247736358 31.338802975836415
724 2667.077993412966 11.610840732908741
725 2676.3494847661823 -27.845083752946493
726 2680.9852304427905 -47.57304599587394
727 2685.6209761193986 -67.30100823880161
728 2690.256721796007 -87.02897048172917
729 2694.892467472615 -106.75693272465685
730 2699.528213149223 -126.48489496758441
731 2713.4354501790476 -185.6687816963672
732 2507.5678240504953 786.0027364141699
733 2512.2035697271035 766.2747741712423
734 2526.110806756928 707.0908874424595
735 2544.6537894633607 628.1790384707491
736 2553.925280816577 588.723113984894
737 2558.561026493185 568.9951517419663
738 2563.1967721697933 549.2671894990388
739 2567.8325178464015 529.5392272561112
740 2572.4682635230097 509.8112650131836
741 2577.104009199618 490.083302770256
742 2581.739754876226 470.3553405273284
743 2586.375500552834 450.62737828440083
744 2595.6469919060505 411.17145379854566
745 2600.2827375826587 391.44349155561804
746 2604.918483259267 371.7155293126905
747 2614.189974612483 332.25960482683524
748 2628.0972116423077 273.07571809805245
749 2632.732957318916 253.3477558551249
750 2651.2759400253485 174.43590688341453
751 2655.9116857019567 154.70794464048686
752 2665.183177055173 115.25202015463174
753 2674.4546684083894 75.7960956687765
754 2679.0904140849975 56.06813342584883
755 2683.7261597616057 36.34017118292138
756 2692.997651114822 -3.1157533029338538
757 2702.2691424680384 -42.571677788788975
758 2711.5406338212547 -82.02760227464421
759 2716.176379497863 -101.75556451757188
760 2725.447870851079 -141.211489003427
761 2734.7193622042955 -180.66741348928224
762 2528.851736075743 791.0041046212549
763 2538.123227428959 751.5481801353997
764 2561.301955812 652.9083689207616
765 2565.937701488608 633.1804066778341
766 2570.5734471652163 613.4524444349065
767 2575.2091928418245 593.724482191979
768 2593.752175548257 514.8126332202685
769 2607.6594125780816 455.62874649148574
770 2612.29515825469 435.9007842485581
771 2621.566649607906 396.44485976270295
772 2626.2023952845143 376.7168975197754
773 2630.8381409611225 356.98893527684777
774 2640.109632314339 317.53301079099253
775 2644.745377990947 297.8050485480649
776 2654.0168693441633 258.34912406220985
777 2658.6526150207715 238.62116181928218
778 2672.559852050596 179.4372750904995
779 2677.195597727204 159.70931284757182
780 2681.8313434038123 139.98135060464415
781 2691.1028347570286 100.52542611878903
782 2695.738580433637 80.79746387586147
783 2709.6458174634613 21.613577147078672
784 2714.2815631400695 1.8856149041511117
785 2718.9173088166776 -17.842347338776563
786 2723.5530544932863 -37.57030958170401
787 2728.1888001698944 -57.298271824631684
788 2737.4602915231108 -96.75419631048692
789 2742.0960371997185 -116.48215855341448
790 2746.731782876327 -136.21012079634204
791 2751.3675285529353 -155.9380830392697
792 2756.0032742295434 -175.66604528219727
793 2550.1356481009907 796.0054728283399
794 2559.407139454207 756.5495483424846
795 2564.042885130815 736.8215860995571
796 2568.6786308074234 717.0936238566294
797 2573.3143764840315 697.3656616137018
798 2577.9501221606397 677.6376993707743
799 2591.857359190464 618.4538126419915
800 2601.1288505436805 578.9978881561362
801 2605.7645962202887 559.2699259132087
802 2610.400341896897 539.5419636702811
803 2615.036087573505 519.8140014273534
804 2624.3075789267214 480.35807694149827
805 2628.9433246033295 460.6301146985707
806 2638.214815956546 421.17419021271553
807 2652.1220529863704 361.99030348393273
808 2666.029290016195 302.8064167551499
809 2670.665035692803 283.0784545122223
810 2675.300781369411 263.3504922692948
811 2679.9365270460194 243.62253002636714
812 2684.5722727226275 223.8945677834397
813 2693.843764075844 184.43864329758446
814 2698.479509752452 164.7106810546568
815 2703.11525542906 144.98271881172911
816 2712.3867467822765 105.526794325874
817 2726.293983812101 46.34290759709131
818 2735.5654751653174 6.886983111236077
819 2744.8369665185337 -32.568941374619044
820 2749.472712195142 -52.29690361754672
821 2758.744203548358 -91.75282810340195
822 2763.3799492249664 -111.48079034632951
823 2772.6514405781827 -150.93671483218475
824 2571.419560126238 801.0068410354247
825 2576.0553058028463 781.2788787924972
826 2589.962542832671 722.0949920637144
827 2594.598288509279 702.3670298207868
828 2603.8697798624953 662.9111053349316
829 2608.5055255391035 643.183143092004
830 2617.77701689232 603.7272186061489
831 2622.412762568928 583.9992563632212
832 2631.6842539221443 544.543331877366
833 2636.3199995987525 524.8153696344384
834 2659.4987279817933 426.1755584198005
835 2664.1344736584015 406.4475961768729
836 2673.405965011618 366.9916716910177
837 2678.041710688226 347.2637094480901
838 2682.677456364834 327.53574720516247
839 2687.3132020414423 307.80778496223485
840 2691.9489477180505 288.0798227193073
841 2701.220439071267 248.623898233452
842 2705.856184747875 228.89593599052455
843 2710.491930424483 209.16797374759688
844 2719.7634217776995 169.71204926174164
845 2724.3991674543076 149.98408701881397
846 2729.034913130916 130.25612477588652
847 2738.306404484132 90.80020029003128
848 2742.9421501607403 71.07223804710361
849 2747.5778958373485 51.34427580417616
850 2752.2136415139566 31.61631356124849
851 2770.7566242203893 -47.295535410461866
852 2775.3923698969975 -67.02349765338943
853 2780.0281155736056 -86.7514598963171
854 2789.299606926822 -126.20738438217222
855 2798.5710982800383 -165.66330886802746
856 2597.339217828094 786.2802469995821
857 2601.9749635047024 766.5522847566546
858 2620.517946211135 687.6404357849442
859 2625.153691887743 667.9124735420165
860 2629.7894375643514 648.184511299089
861 2648.332420270784 569.2726623273786
862 2652.968165947392 549.5447000844509
863 2657.6039116240004 529.8167378415234
864 2666.8754029772167 490.3608133556682
865 2676.146894330433 450.904888869813
866 2694.6898770368657 371.99303989810267
867 2703.961368390082 332.53711541224743
868 2708.59711406669 312.8091531693198
869 2713.2328597432984 293.08119092639225
870 2717.8686054199065 273.3532286834647
871 2722.5043510965147 253.62526644053696
872 2727.140096773123 233.89730419760951
873 2731.775842449731 214.16934195468184
874 2745.6830794795555 154.98545522589893
875 2750.3188251561637 135.25749298297148
876 2754.954570832772 115.52953074004381
877 2759.59031650938 95.80156849711625
878 2782.769044892421 -2.83824271752178
879 2787.404790569029 -22.566204960449227
880 2792.040536245637 -42.2941672033769
881 2805.9477732754617 -101.4780539321597
882 2810.58351895207 -121.20601617508726
883 2815.219264628678 -140.93397841801493
884 2819.855010305286 -160.6619406609425
885 2618.6231298533417 791.2816152066671
886 2623.25887552995 771.5536529637395
887 2641.8018582363825 692.641803992029
888 2646.4376039129907 672.9138417491015
889 2674.2520779726397 554.5460682915359
890 2678.887823649248 534.8181060486083
891 2683.523569325856 515.0901438056808
892 2688.159315002464 495.3621815627531
893 2692.7950606790723 475.63421931982555
894 2697.4308063556805 455.90625707689793
895 2711.338043385505 396.7223703481152
896 2715.973789062113 376.9944081051876
897 2725.2452804153295 337.53848361933234
898 2729.8810260919377 317.8105213764047
899 2739.152517445154 278.3545968905496
900 2748.4240087983703 238.89867240469448
901 2753.0597544749785 219.1707101617668
902 2762.331245828195 179.71478567591157
903 2766.966991504803 159.9868234329839
904 2776.2384828580193 120.53089894712878
905 2785.5099742112357 81.07497446127354
906 2794.781465564452 41.61904997541842
907 2804.0529569176683 2.1631254895631855
908 2808.6887025942765 -17.56483675336426
909 2822.595939624101 -76.74872348214717
910 2827.231685300709 -96.47668572507473
911 2831.8674309773173 -116.20464796800229
912 2639.9070418785896 796.282983413752
913 2644.5427875551977 776.5550211708244
914 2653.814278908414 737.0990966849693
915 2663.0857702616304 697.643172199114
916 2667.7215159382386 677.9152099561865
917 2672.3572616148467 658.1872477132589
918 2686.264498644671 599.0033609844761
919 2690.9002443212794 579.2753987415485
920 2700.1717356744957 539.8194742556932
921 2704.807481351104 520.0915120127656
922 2723.3504640575366 441.17966304105533
923 2727.9862097341447 421.4517007981277
924 2732.621955410753 401.72373855520016
925 2737.257701087361 381.99577631227254
926 2741.893446763969 362.2678140693449
927 2746.5291924405774 342.5398518264173
928 2760.436429470402 283.35596509763457
929 2765.07217514701 263.6280028547069
930 2769.707920823618 243.90004061177945
931 2778.9794121768346 204.4441161259242
932 2783.6151578534427 184.71615388299654
933 2788.250903530051 164.98819164006886
934 2792.886649206659 145.26022939714142
935 2802.1581405598754 105.80430491128618
936 2811.4296319130917 66.34838042543106
937 2820.701123266308 26.892455939575825
938 2825.336868942916 7.164493696648151
939 2829.9726146195244 -12.563468546279296
940 2843.879851649349 -71.7473552750622
941 2848.515597325957 -91.47531751798977
942 2853.151343002565 -111.20327976091733
943 2656.555208227229 821.0123138637646
944 2661.190953903837 801.284351620837
945 2665.826699580445 781.5563893779093
946 2670.4624452570533 761.8284271349818
947 2675.0981909336615 742.1004648920542
948 2684.369682286878 702.644540406199
949 2716.819902023135 564.5488047057058
950 2730.7271390529595 505.36491797692304
951 2739.998630406176 465.90899349106786
952 2744.634376082784 446.1810312481403
953 2749.270121759392 426.4530690052127
954 2753.9058674360003 406.7251067622851
955 2758.5416131126085 386.9971445193575
956 2767.813104465825 347.54122003350227
957 2777.084595819041 308.0852955476471
958 2781.7203414956493 288.35733330471953
959 2790.9918328488657 248.9014088188644
960 2795.627578525474 229.17344657593674
961 2800.263324202082 209.44548433300918
962 2804.89906987869 189.7175220900815
963 2818.8063069085147 130.5336353612987
964 2828.077798261731 91.07771087544347
965 2832.713543938339 71.34974863251603
966 2851.256526644772 -7.5621003391943304
967 2855.89227232138 -27.290062582122005
968 2860.528017997988 -47.018024825049565
969 2869.7995093512045 -86.4739493109048
970 2874.4352550278127 -106.20191155383236
971 2879.071000704421 -125.92987379676003
972 2883.706746381029 -145.6578360396876
973 2677.8391202524767 826.0136820708495
974 2682.474865929085 806.285719827922
975 2687.110611605693 786.5577575849943
976 2696.3821029589094 747.1018330991392
977 2701.0178486355176 727.3738708562115
978 2710.289339988734 687.9179463703564
979 2714.925085665342 668.1899841274287
980 2724.1965770185584 628.7340596415736
981 2728.8323226951666 609.006097398646
982 2738.103814048383 569.5501729127908
983 2742.739559724991 549.8222106698631
984 2747.3753054015992 530.0942484269356
985 2756.6467967548156 490.63832394108044
986 2761.2825424314237 470.9103616981528
987 2765.918288108032 451.18239945522527
988 2770.55403378464 431.45443721229765
989 2779.8255251378564 391.99851272644247
990 2789.0970164910727 352.54258824058724
991 2793.732762167681 332.8146259976596
992 2803.0042535208972 293.3587015118045
993 2816.9114905507217 234.1748147830217
994 2821.54723622733 214.44685254009414
995 2830.8187275805462 174.9909280542388
996 2835.4544732571544 155.26296581131135
997 2840.0902189337626 135.53500356838367
998 2858.6332016401952 56.62315459667332
999 2863.2689473168034 36.895192353745756
1000 2872.5404386700197 -2.560732132109365
1001 2877.176184346628 -22.28869437503704
1002 2881.811930023236 -42.0166566179646
1003 2891.0834213764524 -81.47258110381983
1004 2904.990658406277 -140.65646783260263
1005 2713.0302693075487 771.8311635491517
1006 2726.937506337373 712.6472768203689
1007 2745.480489043806 633.7354278486586
1008 2759.3877260736303 574.5515411198758
1009 2764.0234717502385 554.8235788769481
1010 2773.294963103455 515.367654391093
1011 2777.930708780063 495.6396921481654
1012 2796.4736914864957 416.72784317645505
1013 2805.745182839712 377.2719186905998
1014 2819.6524198695365 318.088031961817
1015 2838.195402575969 239.17618299010667
1016 2847.4668939291855 199.72025850425143
1017 2856.738385282402 160.2643340183963
1018 2861.37413095901 140.53637177546864
1019 2875.2813679888345 81.35248504668596
1020 2884.552859342051 41.89656056083072
1021 2898.4600963718754 -17.287326167952074
1022 2912.3673334017 -76.47121289673487
1023 2921.638824754916 -115.9271373825901
1024 2926.2745704315244 -135.65509962551766
1025 2725.0426899795802 816.2884562420918
1026 2729.6784356561884 796.5604939991642
1027 2743.585672686013 737.3766072703814
1028 2748.221418362621 717.6486450274539
1029 2752.8571640392292 697.9206827845262
1030 2757.4929097158374 678.1927205415986
1031 2762.1286553924456 658.4647582986711
1032 2789.9431294520946 540.0969848411055
1033 2794.5788751287027 520.3690225981779
1034 2803.850366481919 480.9130981123227
1035 2808.4861121585272 461.18513586939514
1036 2813.1218578351354 441.4571736264675
1037 2840.9363318947844 323.08940016890193
1038 2845.5720775713926 303.36143792597437
1039 2850.2078232480008 283.6334756830467
1040 2859.479314601217 244.17755119719163
1041 2864.1150602778253 224.44958895426407
1042 2868.7508059544334 204.7216267113364
1043 2882.658042984258 145.5377399825536
1044 2887.293788660866 125.80977773962604
1045 2891.9295343374743 106.08181549669837
1046 2896.5652800140824 86.35385325377092
1047 2901.2010256906906 66.62589101084325
1048 2905.8367713672988 46.89792876791569
1049 2938.286991103556 -91.19780693257746
1050 2942.922736780164 -110.92576917550514
1051 2741.6908563282195 841.0177866921044
1052 2746.3266020048277 821.2898244491768
1053 2750.962347681436 801.5618622062492
1054 2760.233839034652 762.105937720394
1055 2764.8695847112604 742.3779754774664
1056 2769.5053303878685 722.6500132345388
1057 2778.776821741085 683.1940887486836
1058 2783.412567417693 663.466126505756
1059 2788.048313094301 643.7381642628284
1060 2801.9555501241257 584.5542775340457
1061 2811.227041477342 545.0983530481905
1062 2820.4985328305584 505.6424285623353
1063 2825.1342785071665 485.91446631940767
1064 2834.405769860383 446.4585418335525
1065 2843.677261213599 407.0026173476973
1066 2852.9487525668155 367.5466928618421
1067 2871.491735273248 288.63484389013166
1068 2876.1274809498564 268.9068816472042
1069 2880.7632266264645 249.1789194042766
1070 2890.034717979681 209.72299491842136
1071 2899.306209332897 170.26707043256624
1072 2903.9419550095054 150.53910818963857
1073 2908.5777006861135 130.811145946711
1074 2913.2134463627217 111.08318370378333
1075 2917.84919203933 91.35522146085589
1076 2922.484937715938 71.62725921792821
1077 2927.120683392546 51.89929697500065
1078 2936.3921747457625 12.443372489145531
1079 2941.0279204223707 -7.284589753782143
1080 2945.663666098979 -27.012551996709703
1081 2950.299411775587 -46.74051423963738
1082 2964.2066488054115 -105.92440096842017
1083 2968.8423944820197 -125.65236321134773
1084 2767.6105140300756 826.2911926562617
1085 2772.2462597066838 806.5632304133342
1086 2776.882005383292 786.8352681704065
1087 2781.5177510599 767.1073059274789
1088 2786.1534967365083 747.3793436845514
1089 2800.0607337663328 688.1954569557686
1090 2804.696479442941 668.467494712841
1091 2809.332225119549 648.7395324699133
1092 2813.9679707961573 629.0115702269858
1093 2818.6037164727654 609.2836079840581
1094 2823.2394621493736 589.5556457411305
1095 2827.8752078259818 569.827683498203
1096 2832.51095350259 550.0997212552754
1097 2837.146699179198 530.3717590123479
1098 2841.7824448558063 510.64379676942025
1099 2851.0539362090226 471.18787228356507
1100 2864.961173238847 412.0039855547823
1101 2869.5969189154553 392.27602331185466
1102 2874.2326645920634 372.54806106892704
1103 2878.8684102686716 352.8200988259994
1104 2883.5041559452798 333.09213658307186
1105 2892.775647298496 293.6362120972166
1106 2897.4113929751043 273.9082498542892
1107 2911.3186300049288 214.72436312550622
1108 2915.954375681537 194.99640088257854
1109 2925.2258670347533 155.54047639672342
1110 2934.4973583879696 116.08455191086819
1111 2939.1331040645778 96.35658966794074
1112 2943.768849741186 76.62862742501306
1113 2948.404595417794 56.900665182085504
1114 2966.9475781242268 -22.01118378962485
1115 2971.583323800835 -41.739146032552526
1116 2976.219069477443 -61.467108275480086
1117 2985.4905608306594 -100.92303276133532
1118 2990.1263065072676 -120.65099500426288
1119 2784.258680378715 851.0205231062743
1120 2788.894426055323 831.2925608633467
1121 2793.530171731931 811.5645986204191
1122 2798.1659174085394 791.8366363774915
1123 2802.8016630851475 772.1086741345639
1124 2807.4374087617557 752.3807118916363
1125 2812.073154438364 732.6527496487088
1126 2825.9803914681884 673.468862919926
1127 2830.6161371447965 653.7409006769983
1128 2835.2518828214047 634.0129384340707
1129 2839.887628498013 614.2849761911432
1130 2844.523374174621 594.5570139482156
1131 2849.159119851229 574.829051705288
1132 2858.4306112044455 535.3731272194327
1133 2863.0663568810537 515.6451649765052
1134 2872.33784823427 476.18924049065004
1135 2876.973593910878 456.4612782477224
1136 2890.8808309407027 397.2773915189396
1137 2895.516576617311 377.549429276012
1138 2904.788067970527 338.0935047901568
1139 2909.4238136471354 318.36554254722927
1140 2914.0595593237435 298.6375803043016
1141 2923.33105067696 259.1816558184464
1142 2927.966796353568 239.45369357551886
1143 2932.602542030176 219.72573133259118
1144 2941.8740333833925 180.26980684673606
1145 2946.5097790600007 160.54184460380839
1146 2960.417016089825 101.3579578750257
1147 2969.6885074430415 61.90203338917047
1148 2974.3242531196497 42.174071146242795
1149 3002.1387271792987 -76.19370231132268
1150 3006.774472855907 -95.92166455425036
1151 2810.178338080571 836.2939290704317
1152 2824.0855751103954 777.1100423416489
1153 2828.7213207870036 757.3820800987213
1154 2833.357066463612 737.6541178557936
1155 2837.99281214022 717.9261556128661
1156 2842.628557816828 698.1981933699385
1157 2847.2643034934363 678.470231127011
1158 2851.9000491700444 658.7422688840833
1159 2870.443031876477 579.8304199123729
1160 2879.7145232296934 540.3744954265177
1161 2884.3502689063016 520.6465331835901
1162 2888.98601458291 500.91857094066256
1163 2893.621760259518 481.190608697735
1164 2907.5289972893424 422.0067219689522
1165 2912.1647429659506 402.27875972602453
1166 2926.071979995775 343.09487299724174
1167 2930.7077256723833 323.3669107543142
1168 2935.3434713489914 303.6389485113865
1169 2939.9792170255996 283.91098626845906
1170 2944.614962702208 264.1830240255314
1171 2949.250708378816 244.45506178260382
1172 2972.429436761857 145.8152505679658
1173 2981.700928115073 106.35932608211067
1174 2986.3366737916813 86.631363839183
1175 2990.9724194682894 66.90340159625543
1176 2995.6081651448976 47.17543935332776
1177 3000.243910821506 27.447477110400314
1178 3018.7868935279384 -51.464371861310156
1179 3023.4226392045466 -71.19233410423772
1180 3032.694130557763 -110.64825859009295
1181 2826.82650442921 861.0232595204442
1182 2840.7337414590347 801.8393727916614
1183 2859.2767241654674 722.927523819951
1184 2868.5482155186837 683.4715993340958
1185 2882.455452548508 624.2877126053131
1186 2887.0911982251164 604.5597503623854
1187 2891.7269439017246 584.8317881194578
1188 2896.3626895783327 565.1038258765302
1189 2900.998435254941 545.3758636336026
1190 2905.634180931549 525.6479013906751
1191 2919.5414179613736 466.4640146618923
1192 2924.1771636379817 446.73605241896473
1193 2928.81290931459 427.0080901760371
1194 2933.448654991198 407.2801279331095
1195 2938.084400667806 387.5521656901819
1196 2942.7201463444144 367.82420344725426
1197 2947.3558920210226 348.0962412043267
1198 2951.9916376976307 328.36827896139914
1199 2961.263129050847 288.912354475544
1200 2970.5346204040634 249.4564299896888
1201 2975.1703660806716 229.7284677467611
1202 2979.8061117572797 210.00050550383344
1203 2984.441857433888 190.272543260906
1204 2989.077603110496 170.54458101797832
1205 3007.6205858169287 91.63273204626796
1206 3012.256331493537 71.9047698033404
1207 3016.892077170145 52.176807560412726
1208 3026.1635685233614 12.720883074557605
1209 3044.706551229794 -66.19096589715275
1210 3049.342296906402 -85.91892814008042
1211 3053.9780425830104 -105.64689038300799
1212 2848.110416454458 866.0246277275292
1213 2852.7461621310663 846.2966654846016
1214 2857.3819078076745 826.5687032416739
1215 2862.0176534842826 806.8407409987464
1216 2871.289144837499 767.3848165128911
1217 2875.924890514107 747.6568542699636
1218 2880.5606361907153 727.928892027036
1219 2885.1963818673235 708.2009297841084
1220 2889.8321275439316 688.4729675411808
1221 2899.103618897148 649.0170430553256
1222 2903.739364573756 629.289080812398
1223 2908.3751102503643 609.5611185694704
1224 2913.0108559269725 589.8331563265428
1225 2922.282347280189 550.3772318406876
1226 2926.918092956797 530.64926959776
1227 2931.553838633405 510.92130735483244
1228 2940.8253299866215 471.46538286897726
1229 2945.4610756632296 451.7374206260497
1230 2959.368312693054 392.55353389726685
1231 2964.0040583696623 372.8255716543392
1232 2968.6398040462705 353.09760941141167
1233 2987.182786752703 274.1857604397013
1234 2996.4542781059195 234.72983595384608
1235 3001.0900237825276 215.0018737109184
1236 3010.361515135744 175.54594922506328
1237 3019.6330064889603 136.09002473920805
1238 3024.2687521655685 116.3620624962806
1239 3028.9044978421766 96.63410025335293
1240 3038.175989195393 57.17817576749769
1241 3052.0832262252175 -2.00571096128499
1242 3056.7189719018256 -21.733673204212664
1243 3061.354717578434 -41.461635447140225
1244 3065.990463255042 -61.189597690067785
1245 2874.0300741563137 851.2980336916864
1246 2878.665819832922 831.5700714487589
1247 2887.9373111861382 792.1141469629038
1248 2892.5730568627464 772.3861847199761
1249 2915.7517852457872 673.7463735053382
1250 2920.3875309223954 654.0184112624106
1251 2925.0232765990036 634.2904490194829
1252 2929.6590222756117 614.5624867765554
1253 2938.930513628828 575.1065622907001
1254 2957.4734963352607 496.19471331898984
1255 2966.744987688477 456.73878883313466
1256 2971.3807333650852 437.01082659020705
1257 2976.0164790416934 417.2828643472794
1258 2980.6522247183016 397.5549021043518
1259 2989.923716071518 358.09897761849663
1260 3008.4666987779506 279.1871286467863
1261 3013.1024444545587 259.4591664038587
1262 3017.738190131167 239.73120416093104
1263 3022.373935807775 220.00324191800337
1264 3036.2811728375996 160.8193551892207
1265 3040.9169185142077 141.091392946293
1266 3045.552664190816 121.36343070336557
1267 3054.8241555440322 81.90750621751033
1268 3059.4599012206404 62.17954397458266
1269 3064.0956468972486 42.45158173165521
1270 3073.367138250465 2.9956572457999755
1271 3087.2743752802894 -56.18822948298282
1272 3096.5458666335057 -95.64415396883805
1273 2895.3139861815616 856.2994018987715
1274 2909.221223211386 797.1155151699886
1275 2913.8569688879943 777.387552927061
1276 2927.764205917819 718.2036661982783
1277 2932.399951594427 698.4757039553507
1278 2937.035697271035 678.7477417124231
1279 2941.6714429476433 659.0197794694955
1280 2946.3071886242515 639.2918172265679
1281 2950.9429343008596 619.5638549836403
1282 2955.578679977468 599.8358927407127
1283 2960.214425654076 580.1079304977851
1284 2974.1216626839005 520.9240437690023
1285 2978.7574083605086 501.19608152607475
1286 2992.664645390333 442.01219479729195
1287 2997.3003910669413 422.2842325543644
1288 3001.9361367435495 402.5562703114367
1289 3006.5718824201576 382.82830806850916
1290 3011.207628096766 363.1003458255816
1291 3020.479119449982 323.64442133972636
1292 3025.1148651265903 303.9164590967989
1293 3043.657847833023 225.00461012508833
1294 3048.293593509631 205.2766478821609
1295 3071.472321892672 106.63683666752286
1296 3076.10806756928 86.9088744245953
1297 3080.7438132458883 67.18091218166762
1298 3090.0153045991046 27.7249876958125
1299 3094.651050275713 7.997025452884941
1300 3099.286795952321 -11.730936790042733
1301 3108.5582873055373 -51.186861275897854
1302 3113.1940329821455 -70.91482351882553
1303 3117.8297786587536 -90.64278576175309
1304 2911.962152530201 881.028732348784
1305 2925.8693895600254 821.8448456200013
1306 2930.5051352366336 802.1168833770736
1307 2935.1408809132417 782.388921134146
1308 2944.412372266458 742.9329966482908
1309 2949.0481179430662 723.2050344053632
1310 2953.6838636196744 703.4770721624357
1311 2958.3196092962826 683.7491099195081
1312 2962.9553549728907 664.0211476765804
1313 2976.8625920027152 604.8372609477976
1314 2981.4983376793234 585.1092987048701
1315 2986.1340833559316 565.3813364619425
1316 2990.7698290325397 545.653374219015
1317 3000.041320385756 506.1974497331597
1318 3004.6770660623642 486.4694874902321
1319 3009.3128117389724 466.74152524730454
1320 3013.9485574155806 447.0135630043769
1321 3023.220048768797 407.5576385185217
1322 3027.855794445405 387.82967627559407
1323 3032.4915401220132 368.1017140326665
1324 3037.1272857986214 348.37375178973895
1325 3046.3987771518377 308.9178273038838
1326 3051.034522828446 289.18986506095615
1327 3064.9417598582704 230.0059783321733
1328 3074.2132512114867 190.55005384631818
1329 3088.1204882413113 131.3661671175355
1330 3092.7562339179194 111.63820487460782
1331 3097.3919795945276 91.91024263168026
1332 3102.0277252711358 72.18228038875259
1333 3106.663470947744 52.45431814582514
1334 3111.299216624352 32.72635590289747
1335 3125.2064536541766 -26.45753082588533
1336 3129.8421993307848 -46.18549306881289
1337 2947.1533015852733 826.8462138270862
1338 2951.7890472618815 807.1182515841585
1339 2956.4247929384896 787.390289341231
1340 2961.060538615098 767.6623270983034
1341 2965.696284291706 747.9343648553757
1342 2970.332029968314 728.2064026124482
1343 2988.8750126747464 649.2945536407378
1344 2998.1465040279627 609.8386291548826
1345 3016.6894867343954 530.9267801831722
1346 3030.59672376422 471.7428934543895
1347 3035.232469440828 452.0149312114619
1348 3039.868215117436 432.28696896853427
1349 3049.1397064706525 392.83104448267903
1350 3053.7754521472607 373.1030822397515
1351 3058.411197823869 353.3751199968239
1352 3072.3184348536934 294.1912332680411
1353 3076.9541805303015 274.46327102511356
1354 3090.861417560126 215.27938429633082
1355 3100.1329089133424 175.82345981047558
1356 3104.7686545899505 156.0954975675479
1357 3109.4044002665587 136.36753532462046
1358 3118.675891619775 96.91161083876523
1359 3127.9473829729914 57.45568635291011
1360 3132.5831286495995 37.72772410998243
1361 3137.2188743262077 17.999761867054872
1362 3155.7618570326404 -60.9120871046556
1363 3160.3976027092485 -80.64004934758316
1364 2954.5299765806963 891.0314687629539
1365 2959.1657222573044 871.3035065200263
1366 2973.072959287129 812.1196197912435
1367 2977.708704963737 792.391657548316
1368 2986.9801963169534 752.9357330624607
1369 2996.2516876701698 713.4798085766056
1370 3000.887433346778 693.751846333678
1371 3005.523179023386 674.0238840907504
1372 3014.7946703766024 634.5679596048951
1373 3019.4304160532106 614.8399973619676
1374 3028.701907406427 575.3840728761124
1375 3037.9733987596433 535.9281483902572
1376 3047.2448901128596 496.47222390440203
1377 3065.7878728192923 417.5603749326916
1378 3070.4236184959004 397.832412689764
1379 3075.0593641725086 378.10445044683644
1380 3079.6951098491168 358.3764882039089
1381 3084.330855525725 338.6485259609812
1382 3112.145329585374 220.28075250341567
1383 3126.0525666151984 161.09686577463276
1384 3130.6883122918066 141.36890353170543
1385 3139.959803645023 101.91297904585008
1386 3144.595549321631 82.18501680292252
1387 3149.2312949982393 62.45705455999496
1388 3158.5027863514556 23.001130074139837
1389 3163.1385320280638 3.2731678312120494
1390 3167.774277704672 -16.45479441171551
1391 3177.0457690578883 -55.91071889757063
1392 2980.4496342825523 876.3048747271113
1393 2989.7211256357687 836.848950241256
1394 2994.356871312377 817.1209879983285
1395 2998.992616988985 797.3930257554009
1396 3003.628362665593 777.6650635124734
1397 3012.8998540188095 738.2091390266181
1398 3017.5355996954177 718.4811767836906
1399 3022.171345372026 698.7532145407629
1400 3036.0785824018503 639.5693278119802
1401 3040.7143280784585 619.8413655690525
1402 3045.3500737550667 600.113403326125
1403 3049.985819431675 580.3854410831973
1404 3054.621565108283 560.6574788402697
1405 3059.257310784891 540.9295165973422
1406 3063.8930564614993 521.2015543544146
1407 3068.5288021381075 501.473592111487
1408 3073.1645478147157 481.74562986855943
1409 3087.07178484454 422.5617431397766
1410 3091.7075305211483 402.83378089684896
1411 3096.3432761977565 383.1058186539214
1412 3100.9790218743647 363.37785641099384
1413 3105.614767550973 343.64989416806617
1414 3114.886258904189 304.19396968221105
1415 3119.5220045807973 284.4660074392835
1416 3124.1577502574055 264.7380451963558
1417 3128.7934959340137 245.01008295342808
1418 3133.429241610622 225.28212071050064
1419 3142.700732963838 185.8261962246454
1420 3147.3364786404463 166.09823398171773
1421 3156.6079699936627 126.6423094958626
1422 3161.243715670271 106.91434725293504
1423 3165.879461346879 87.18638501000737
1424 3175.1509527000953 47.73046052415225
1425 3189.05818972992 -11.453426204630546
1426 3193.693935406528 -31.181388447558106
1427 3198.329681083136 -50.90935069048578
1428 3001.7335463077998 881.3062429341962
1429 3020.2765290142324 802.3943939624859
1430 3024.9122746908406 782.6664317195582
1431 3029.5480203674488 762.9384694766306
1432 3043.4552573972733 703.7545827478478
1433 3048.0910030738814 684.0266205049203
1434 3052.7267487504896 664.2986582619926
1435 3057.3624944270978 644.570696019065
1436 3071.2697314569223 585.3868092902823
1437 3075.9054771335304 565.6588470473547
1438 3080.5412228101386 545.9308848044271
1439 3085.176968486747 526.2029225614996
1440 3094.448459839963 486.74699807564434
1441 3099.0842055165713 467.0190358327168
1442 3103.7199511931794 447.2910735897891
1443 3108.3556968697876 427.56311134686155
1444 3112.991442546396 407.8351491039339
1445 3117.627188223004 388.1071868610063
1446 3126.8986795762203 348.6512623751511
1447 3136.1701709294366 309.19533788929596
1448 3145.441662282653 269.7394134034407
1449 3150.077407959261 250.01145116051305
1450 3154.7131536358693 230.2834889175856
1451 3159.3488993124774 210.55552667465793
1452 3163.9846449890856 190.82756443173037
1453 3173.256136342302 151.37163994587524
1454 3177.89188201891 131.64367770294757
1455 3182.5276276955183 111.91571546002001
1456 3191.7991190487346 72.45979097416489
1457 3196.434864725343 52.731828731237215
1458 3205.706356078559 13.27590424538198
1459 3210.3421017551673 -6.45205799754558
1460 3214.9778474317754 -26.18002024047314
1461 3219.6135931083836 -45.907982483400815
1462 3224.249338784992 -65.63594472632838
1463 3018.381712656439 906.0355733842088
1464 3027.6532040096554 866.5796488983536
1465 3036.9246953628717 827.1237244124984
1466 3060.1034237459126 728.4839131978604
1467 3064.7391694225207 708.7559509549328
1468 3074.010660775737 669.3000264690777
1469 3078.646406452345 649.57206422615
1470 3083.2821521289534 629.8441019832225
1471 3097.189389158778 570.6602152544397
1472 3101.825134835386 550.9322530115121
1473 3106.460880511994 531.2042907685845
1474 3111.0966261886024 511.47632852565687
1475 3115.7323718652106 491.7483662827293
1476 3120.3681175418187 472.02040403980175
1477 3125.003863218427 452.2924417968741
1478 3129.639608895035 432.5644795539465
1479 3138.9111002482514 393.1085550680913
1480 3143.5468459248596 373.3805928251637
1481 3148.1825916014677 353.65263058223604
1482 3152.818337278076 333.9246683393086
1483 3157.454082954684 314.1967060963809
1484 3162.089828631292 294.46874385345336
1485 3166.7255743079004 274.7407816105257
1486 3171.3613199845086 255.012819367598
1487 3185.268557014333 195.82893263881533
1488 3203.8115397207657 116.91708366710498
1489 3213.083031073982 77.46115918124985
1490 3217.71877675059 57.73319693832218
1491 3226.9902681038066 18.277272452466946
1492 3231.6260137804147 -1.4506897904606149
1493 3236.261759457023 -21.178652033388175
1494 3039.665624681687 911.0369415912937
1495 3044.301370358295 891.3089793483662
1496 3048.9371160349033 871.5810171054385
1497 3053.5728617115115 851.8530548625109
1498 3062.844353064728 812.3971303766557
1499 3081.3873357711605 733.4852814049453
1500 3086.0230814477686 713.7573191620178
1501 3095.294572800985 674.3013946761625
1502 3109.2018098308095 615.1175079473799
1503 3123.109046860634 555.933621218597
1504 3127.744792537242 536.2056589756694
1505 3137.0162838904585 496.7497344898143
1506 3146.287775243675 457.29381000395904
1507 3160.1950122734993 398.10992327517624
1508 3164.8307579501075 378.3819610322487
1509 3169.4665036267156 358.653998789321
1510 3174.102249303324 338.92603654639356
1511 3197.2809776863646 240.28622533175553
1512 3201.916723362973 220.55826308882786
1513 3211.188214716189 181.10233860297262
1514 3215.8239603927973 161.37437636004518
1515 3220.4597060694055 141.6464141171175
1516 3225.0954517460136 121.91845187418994
1517 3229.731197422622 102.19048963126227
1518 3239.002688775838 62.734565145407146
1519 3252.9099258056626 3.5506784166243506
1520 3257.545671482271 -16.17728382630321
1521 3262.181417158879 -35.905246069230884
1522 3266.817162835487 -55.633208312158445
1523 3060.949536706935 916.0383097983787
1524 3065.585282383543 896.310347555451
1525 3074.8567737367594 856.8544230695959
1526 3084.1282650899757 817.3984985837407
1527 3093.399756443192 777.9425740978854
1528 3098.0355021198 758.2146118549579
1529 3102.6712477964084 738.4866496120303
1530 3116.578484826233 679.3027628832475
1531 3125.849976179449 639.8468383973923
1532 3130.4857218560574 620.1188761544647
1533 3144.392958885882 560.9349894256819
1534 3149.02870456249 541.2070271827544
1535 3153.664450239098 521.4790649398268
1536 3167.5716872689227 462.295178211044
1537 3172.207432945531 442.56721596811633
1538 3186.1146699753554 383.38332923933365
1539 3190.7504156519635 363.655366996406
1540 3195.3861613285717 343.9274047534785
1541 3200.02190700518 324.19944251055085
1542 3204.657652681788 304.4714802676233
1543 3223.2006353882207 225.55963129591282
1544 3227.836381064829 205.83166905298526
1545 3241.7436180946534 146.64778232420247
1546 3246.3793637712615 126.9198200812749
1547 3251.0151094478697 107.19185783834723
1548 3255.650855124478 87.46389559541979
1549 3260.286600801086 67.73593335249211
1550 3278.8295835075187 -11.175915619218245
1551 3283.465329184127 -30.90387786214592
1552 3091.5049400853986 881.5837535196084
1553 3096.140685762007 861.8557912766809
1554 3105.412177115223 822.3998667908256
1555 3110.0479227918313 802.6719045478981
1556 3123.955159821656 743.4880178191153
1557 3128.590905498264 723.7600555761877
1558 3133.226651174872 704.03209333326
1559 3137.8623968514803 684.3041310903325
1560 3142.4981425280885 664.5761688474049
1561 3147.1338882046966 644.8482066044772
1562 3151.769633881305 625.1202443615497
1563 3156.405379557913 605.3922821186221
1564 3161.041125234521 585.6643198756946
1565 3165.6768709111293 565.9363576327669
1566 3170.3126165877375 546.2083953898393
1567 3174.9483622643456 526.4804331469118
1568 3193.4913449707783 447.5685841752013
1569 3202.7628363239946 408.1126596893462
1570 3212.034327677211 368.65673520349094
1571 3221.3058190304273 329.2008107176358
1572 3230.5773103836436 289.7448862317806
1573 3235.213056060252 270.0169239888529
1574 3239.84880173686 250.28896174592546
1575 3263.027530119901 151.64915053128743
1576 3267.663275796509 131.92118828835987
1577 3290.84200417955 33.28137707372184
1578 3295.477749856158 13.553414830794281
1579 3304.7492412093743 -25.902509655060953
1580 3309.3849868859825 -45.630471897988514
1581 3112.788852110646 886.5851217266934
1582 3117.4245977872542 866.8571594837658
1583 3122.0603434638624 847.1291972408383
1584 3131.3318348170787 807.673272754983
1585 3135.967580493687 787.9453105120554
1586 3140.603326170295 768.2173482691278
1587 3145.2390718469032 748.4893860262002
1588 3154.5105632001196 709.0334615403451
1589 3168.417800229944 649.8495748115622
1590 3177.6892915831604 610.3936503257071
1591 3182.3250372597686 590.6656880827795
1592 3191.596528612985 551.2097635969243
1593 3219.411002672634 432.8419901393587
1594 3228.6824940258502 393.3860656535036
1595 3233.3182397024584 373.6581034105759
1596 3237.9539853790666 353.93014116764846
1597 3242.5897310556747 334.2021789247208
1598 3265.7684594387156 235.56236771008275
1599 3270.4042051153237 215.8344054671552
1600 3275.039950791932 196.10644322422752
1601 3279.67569646854 176.37848098130007
1602 3284.3114421451482 156.6505187383724
1603 3298.2186791749727 97.46663200958972
1604 3302.854424851581 77.73866976666204
1605 3307.490170528189 58.01070752373448
1606 3321.3974075580136 -1.1731792050483136
1607 3326.0331532346218 -20.901141447975988
1608 3124.8012727826776 931.0424144196336
1609 3129.437018459286 911.3144521767059
1610 3134.072764135894 891.5864899337784
1611 3138.708509812502 871.8585276908507
1612 3147.9800011657185 832.4026032049956
1613 3152.6157468423266 812.674640962068
1614 3157.251492518935 792.9466787191403
1615 3161.887238195543 773.2187164762128
1616 3166.522983872151 753.4907542332852
1617 3171.1587295487593 733.7627919903575
1618 3180.4302209019756 694.3068675045024
1619 3185.065966578584 674.5789052615748
1620 3194.3374579318 635.1229807757196
1621 3198.9732036084083 615.3950185327919
1622 3203.6089492850165 595.6670562898644
1623 3208.2446949616246 575.9390940469368
1624 3217.516186314841 536.4831695610817
1625 3226.7876776680573 497.02724507522646
1626 3236.0591690212736 457.5713205893712
1627 3240.694914697882 437.8433583464436
1628 3249.966406051098 398.3874338605885
1629 3254.6021517277063 378.6594716176608
1630 3263.8736430809226 339.2035471318057
1631 3268.509388757531 319.47558488887813
1632 3287.0523714639635 240.5637359171676
1633 3310.2310998470043 141.9239247025298
1634 3333.409828230045 43.28411348789177
1635 3347.3170652598697 -15.899773240891136
1636 3351.952810936478 -35.6277354838187
1637 3159.99242183775 876.8598958979358
1638 3169.2639131909664 837.4039714120805
1639 3173.8996588675745 817.676009169153
1640 3183.171150220791 778.2200846832977
1641 3187.806895897399 758.4921224403702
1642 3192.442641574007 738.7641601974426
1643 3197.0783872506154 719.0361979545149
1644 3201.7141329272235 699.3082357115874
1645 3206.3498786038317 679.5802734686597
1646 3210.98562428044 659.8523112257321
1647 3215.621369957048 640.1243489828046
1648 3220.257115633656 620.396386739877
1649 3224.8928613102644 600.6684244969495
1650 3229.5286069868725 580.9404622540218
1651 3243.435844016697 521.756575525239
1652 3266.614572399738 423.116764310601
1653 3271.250318076346 403.38880206767345
1654 3289.7933007827787 324.4769530959631
1655 3294.429046459387 304.7489908530354
1656 3299.064792135995 285.02102861010775
1657 3308.3362834892114 245.56510412425268
1658 3312.9720291658195 225.83714188132512
1659 3322.243520519036 186.38121739547
1660 3326.879266195644 166.65325515254222
1661 3336.1507575488604 127.1973306666871
1662 3345.4222489020767 87.74140618083197
1663 3350.057994578685 68.01344393790441
1664 3359.329485931901 28.557519452049064
1665 3363.9652316085094 8.829557209121504
1666 3373.2367229617257 -30.626367276733617
1667 3167.369096833173 941.0451508338034
1668 3181.2763338629975 881.8612641050206
1669 3185.9120795396057 862.133301862093
1670 3190.547825216214 842.4053396191655
1671 3199.81931656943 802.9494151333103
1672 3213.7265535992547 743.7655284045275
1673 3227.633790629079 684.5816416757447
1674 3232.2695363056873 664.8536794328171
1675 3236.9052819822955 645.1257171898895
1676 3241.5410276589037 625.3977549469619
1677 3264.7197560419445 526.757943732324
1678 3269.3555017185527 507.0299814893964
1679 3287.8984844249853 428.1181325176859
1680 3292.5342301015935 408.39017027475836
1681 3297.1699757782017 388.6622080318307
1682 3301.80572145481 368.93424578890324
1683 3311.077212808026 329.478321303048
1684 3315.7129584846343 309.75035906012033
1685 3320.3487041612425 290.02239681719266
1686 3324.9844498378507 270.2944345742652
1687 3329.620195514459 250.56647233133754
1688 3334.255941191067 230.83851008840998
1689 3352.7989238974997 151.92666111669962
1690 3357.434669574108 132.19869887377195
1691 3366.706160927324 92.74277438791682
1692 3371.3419066039323 73.01481214498926
1693 3375.9776522805405 53.28684990206159
1694 3380.6133979571487 33.55888765913403
1695 3385.249143633757 13.830925416206469
1696 3389.884889310365 -5.897036826721205
1697 3197.9245002116368 906.5905945550332
1698 3207.195991564853 867.134670069178
1699 3211.8317372414613 847.4067078262505
1700 3221.1032285946776 807.9507833403952
1701 3225.7389742712858 788.2228210974677
1702 3235.010465624502 748.7668966116124
1703 3239.6462113011103 729.0389343686849
1704 3244.2819569777184 709.3109721257572
1705 3253.5534483309348 669.8550476399021
1706 3258.189194007543 650.1270853969745
1707 3276.7321767139756 571.2152364252642
1708 3281.3679223905838 551.4872741823365
1709 3295.2751594204083 492.3033874535537
1710 3304.5466507736246 452.84746296769845
1711 3309.1823964502328 433.1195007247709
1712 3313.818142126841 413.3915384818433
1713 3318.453887803449 393.66357623891565
1714 3323.0896334800573 373.9356139959882
1715 3327.7253791566654 354.20765175306053
1716 3332.3611248332736 334.47968951013297
1717 3341.63261618649 295.0237650242776
1718 3350.9041075397063 255.5678405384225
1719 3355.5398532163144 235.83987829549494
1720 3364.811344569531 196.38395380963982
1721 3369.447090246139 176.65599156671215
1722 3374.082835922747 156.92802932378459
1723 3378.7185815993553 137.2000670808569
1724 3383.3543272759634 117.47210483792946
1725 3401.897309982396 38.560255866218995
1726 3411.1688013356124 -0.8956686196362398
1727 3415.8045470122206 -20.6236308625638
1728 3209.9369208836683 951.0478872479733
1729 3214.5726665602765 931.3199250050458
1730 3219.2084122368847 911.5919627621181
1731 3223.844157913493 891.8640005191905
1732 3228.479903590101 872.136038276263
1733 3233.115649266709 852.4080760333354
1734 3237.7513949433173 832.6801137904077
1735 3247.0228862965337 793.2241893045526
1736 3251.658631973142 773.496227061625
1737 3256.29437764975 753.7682648186974
1738 3260.930123326358 734.0403025757698
1739 3265.5658690029663 714.3123403328423
1740 3270.2016146795745 694.5843780899146
1741 3274.8373603561827 674.856415846987
1742 3284.108851709399 635.4004913611318
1743 3288.744597386007 615.6725291182042
1744 3293.3803430626153 595.9445668752767
1745 3298.0160887392235 576.2166046323491
1746 3307.28758009244 536.7606801464939
1747 3311.923325769048 517.0327179035663
1748 3316.559071445656 497.30475566063865
1749 3321.1948171222643 477.5767934177111
1750 3325.8305627988725 457.8488311747834
1751 3335.102054152089 418.3929066889283
1752 3339.737799828697 398.6649444460006
1753 3344.373545505305 378.93698220307317
1754 3349.0092911819133 359.2090199601455
1755 3358.2807825351297 319.75309547429026
1756 3372.188019564954 260.56920874550747
1757 3386.0952565947787 201.38532201672479
1758 3390.731002271387 181.6573597737971
1759 3395.366747947995 161.92939753086955
1760 3400.002493624603 142.20143528794188
1761 3404.6382393012113 122.47347304501443
1762 3409.2739849778195 102.74551080208676
1763 3427.816967684252 23.8336618303764
1764 3437.0884590374685 -15.622262655478835
1765 3231.2208329089162 956.0492554550583
1766 3240.4923242621326 916.5933309692032
1767 3245.1280699387407 896.8653687262755
1768 3249.763815615349 877.137406483348
1769 3254.399561291957 857.4094442404203
1770 3259.0353069685652 837.6814819974927
1771 3263.6710526451734 817.9535197545651
1772 3268.3067983217816 798.2255575116376
1773 3282.214035351606 739.0416707828548
1774 3286.8497810282142 719.3137085399271
1775 3291.4855267048224 699.5857462969996
1776 3305.392763734647 640.4018595682168
1777 3323.9357464410796 561.4900105965064
1778 3328.5714921176877 541.7620483535788
1779 3333.207237794296 522.0340861106513
1780 3337.842983470904 502.3061238677236
1781 3351.7502205007286 443.1222371389408
1782 3356.3859661773367 423.39427489601326
1783 3361.021711853945 403.6663126530856
1784 3379.5646945603776 324.7544636813752
1785 3384.2004402369857 305.02650143844755
1786 3393.471931590202 265.57057695259243
1787 3398.1076772668102 245.84261470966487
1788 3402.7434229434184 226.1146524667372
1789 3407.3791686200266 206.38669022380975
1790 3416.650659973243 166.93076573795452
1791 3425.9221513264592 127.4748412520994
1792 3430.5578970030674 107.74687900917172
1793 3435.1936426796756 88.01891676624416
1794 3449.1008797095 28.835030037461365
1795 3458.3723710627164 -10.62089444839387
1796 3252.5047449341637 961.0506236621433
1797 3257.140490610772 941.3226614192157
1798 3261.77623628738 921.594699176288
1799 3266.411981963988 901.8667369333605
1800 3271.0477276405963 882.1387746904329
1801 3280.3192189938127 842.6828502045777
1802 3284.954964670421 822.9548879616501
1803 3308.1336930534617 724.3150767470121
1804 3322.040930083286 665.1311900182293
1805 3326.6766757598944 645.4032277753017
1806 3331.3124214365025 625.6752655323742
1807 3335.9481671131107 605.9473032894466
1808 3340.583912789719 586.219341046519
1809 3349.855404142935 546.7634165606638
1810 3354.4911498195434 527.0354543177361
1811 3363.7626411727597 487.57952983188096
1812 3382.3056238791924 408.66768086017055
1813 3391.5771152324087 369.2117563743154
1814 3396.212860909017 349.48379413138787
1815 3400.848606585625 329.7558318884602
1816 3405.484352262233 310.0278696455325
1817 3414.7558436154495 270.5719451596774
1818 3424.027334968666 231.11602067382216
1819 3433.298826321882 191.66009618796704
1820 3447.2060633517067 132.47620945918436
1821 3456.477554704923 93.02028497332913
1822 3461.113300381531 73.29232273040145
1823 3470.3847917347475 33.83639824454633
1824 3475.0205374113557 14.108436001618657
1825 3479.656283087964 -5.619526241308904
1826 3283.0601483126275 926.596067383373
1827 3296.967385342452 867.4121806545902
1828 3301.60313101906 847.6842184116626
1829 3310.8746223722765 808.2282939258074
1830 3315.5103680488846 788.5003316828798
1831 3324.781859402101 749.0444071970246
1832 3334.0533507553173 709.5884827111695
1833 3338.6890964319255 689.8605204682418
1834 3343.3248421085336 670.1325582253143
1835 3347.960587785142 650.4045959823867
1836 3352.59633346175 630.6766337394591
1837 3357.232079138358 610.9486714965315
1838 3361.8678248149663 591.2207092536039
1839 3371.1393161681826 551.7647847677488
1840 3375.775061844791 532.0368225248211
1841 3385.046553198007 492.58089803896587
1842 3389.6822988746153 472.8529357960383
1843 3394.3180445512235 453.12497355311075
1844 3398.9537902278316 433.3970113101832
1845 3408.225281581048 393.94108682432807
1846 3422.1325186108725 334.75720009554516
1847 3426.7682642874806 315.0292378526175
1848 3431.404009964089 295.30127560969004
1849 3436.039755640697 275.57331336676236
1850 3445.3112469939133 236.11738888090713
1851 3449.9469926705215 216.38942663797968
1852 3459.218484023738 176.93350215212445
1853 3468.489975376954 137.47757766626933
1854 3473.1257210535623 117.74961542334165
1855 3477.7614667301705 98.02165318041409
1856 3482.3972124067786 78.29369093748642
1857 3487.032958083387 58.56572869455886
1858 3496.304449436603 19.109804208703622
1859 3500.9401951132113 -0.6181580342239386
1860 3295.072568984659 971.0533600763131
1861 3304.3440603378754 931.597435590458
1862 3308.9798060144835 911.8694733475304
1863 3318.2512973677 872.4135488616752
1864 3336.7942800741325 793.5016998899648
1865 3346.065771427349 754.0457754041096
1866 3350.701517103957 734.317813161182
1867 3355.337262780565 714.5898509182543
1868 3364.6087541337815 675.1339264323992
1869 3378.515991163606 615.9500397036164
1870 3383.151736840214 596.2220774606889
1871 3397.0589738700387 537.0381907319061
1872 3410.966210899863 477.8543040031232
1873 3415.6019565764714 458.12634176019566
1874 3420.2377022530795 438.3983795172681
1875 3424.8734479296877 418.6704172743404
1876 3434.144939282904 379.2144927884853
1877 3443.4164306361204 339.75856830263007
1878 3448.0521763127285 320.0306060597024
1879 3466.595159019161 241.11875708799198
1880 3471.2309046957694 221.39079484506465
1881 3480.5023960489857 181.9348703592093
1882 3485.138141725594 162.20690811628174
1883 3489.773887402202 142.47894587335418
1884 3499.0453787554184 103.02302138749906
1885 3508.3168701086342 63.56709690164371
1886 3517.588361461851 24.111172415788587
1887 3522.224107138459 4.383210172861027
1888 3316.3564810099065 976.0547282833982
1889 3320.9922266865146 956.3267660404705
1890 3334.899463716339 897.1428793116877
1891 3339.5352093929473 877.4149170687601
1892 3358.07819209938 798.5030680970498
1893 3362.713937775988 778.7751058541221
1894 3367.3496834525963 759.0471436111945
1895 3381.256920482421 699.8632568824117
1896 3385.892666159029 680.1352946394842
1897 3409.07139454207 581.4954834248463
1898 3413.707140218678 561.7675211819187
1899 3418.342885895286 542.039558938991
1900 3432.2501229251106 482.8556722102082
1901 3436.885868601719 463.1277099672806
1902 3441.521614278327 443.39974772435306
1903 3446.157359954935 423.6717854814254
1904 3450.7931056315433 403.94382323849794
1905 3460.0645969847596 364.4878987526427
1906 3464.700342661368 344.75993650971503
1907 3473.971834014584 305.3040120238599
1908 3487.8790710444086 246.12012529507706
1909 3492.514816721017 226.3921630521495
1910 3497.150562397625 206.66420080922194
1911 3506.4220537508413 167.2082763233666
1912 3515.6935451040576 127.75235183751147
1913 3524.965036457274 88.29642735165635
1914 3529.600782133882 68.56846510872879
1915 3534.2365278104903 48.84050286580123
1916 3342.2761387117625 961.3281342475555
1917 3346.9118843883707 941.6001720046279
1918 3351.547630064979 921.8722097617003
1919 3356.183375741587 902.1442475187727
1920 3365.4548670948034 862.6883230329175
1921 3370.0906127714115 842.9603607899899
1922 3374.7263584480197 823.2323985470623
1923 3379.362104124628 803.5044363041347
1924 3383.997849801236 783.7764740612072
1925 3388.633595477844 764.0485118182795
1926 3393.2693411544524 744.320549575352
1927 3402.5408325076687 704.8646250894967
1928 3411.812323860885 665.4087006036416
1929 3421.0838152141014 625.9527761177864
1930 3425.7195608907095 606.2248138748588
1931 3430.3553065673177 586.4968516319311
1932 3434.991052243926 566.7688893890036
1933 3444.262543597142 527.3129649031484
1934 3448.8982892737504 507.58500266022077
1935 3458.1697806269667 468.1290781743656
1936 3467.441271980183 428.67315368851035
1937 3472.077017656791 408.9451914455829
1938 3476.7127633333994 389.21722920265523
1939 3490.620000363224 330.0333424738723
1940 3499.89149171644 290.5774179880172
1941 3504.5272373930484 270.84945574508964
1942 3518.434474422873 211.6655690163068
1943 3523.070220099481 191.93760677337923
1944 3532.3417114526974 152.4816822875241
1945 3536.9774571293055 132.75372004459655
1946 3546.248948482522 93.2977955587412
1947 3358.924305060402 986.057464697568
1948 3363.56005073701 966.3295024546404
1949 3368.195796413618 946.6015402117127
1950 3377.4672877668345 907.1456157258576
1951 3391.374524796659 847.9617289970748
1952 3400.6460161498753 808.5058045112196
1953 3405.2817618264835 788.777842268292
1954 3409.9175075030917 769.0498800253645
1955 3428.4604902095243 690.1380310536541
1956 3437.7319815627407 650.6821065677989
1957 3456.2749642691733 571.7702575960885
1958 3460.9107099457815 552.042295353161
1959 3470.182201298998 512.5863708673057
1960 3479.453692652214 473.1304463814505
1961 3488.7251840054305 433.67452189559526
1962 3493.3609296820387 413.9465596526678
1963 3502.632421035255 374.4906351668126
1964 3521.1754037416877 295.5787861951021
1965 3539.7183864481203 216.66693722339176
1966 3572.1686061843775 78.5712015228986
1967 3576.8043518609857 58.843239279971044
1968 3581.440097537594 39.11527703704337
1969 3586.075843214202 19.38731479411581
1970 3380.2082170856497 991.058832904653
1971 3384.843962762258 971.3308706617254
1972 3394.115454115474 931.8749461758702
1973 3403.3869454686906 892.419021690015
1974 3412.658436821907 852.9630972041598
1975 3417.294182498515 833.2351349612322
1976 3421.929928175123 813.5071727183047
1977 3426.5656738517314 793.779210475377
1978 3431.2014195283396 774.0512482324494
1979 3440.472910881556 734.5953237465942
1980 3445.108656558164 714.8673615036666
1981 3459.0158935879886 655.6834747748838
1982 3468.287384941205 616.2275502890287
1983 3472.923130617813 596.499588046101
1984 3477.558876294421 576.7716258031735
1985 3486.8303676476376 537.3157013173183
1986 3496.101859000854 497.859776831463
1987 3505.3733503540698 458.4038523456079
1988 3510.0090960306784 438.6758901026802
1989 3514.6448417072866 418.9479278597528
1990 3519.2805873838947 399.2199656168251
1991 3528.552078737111 359.7640411309699
1992 3533.187824413719 340.0360788880422
1993 3537.8235700903274 320.30811664511475
1994 3547.0950614435437 280.8521921592595
1995 3551.730807120152 261.12422991633184
1996 3556.36655279676 241.3962676734044
1997 3561.0022984733682 221.66830543047672
1998 3570.2737898265846 182.2123809446215
1999 3579.545281179801 142.75645645876637
2000 3584.181026856409 123.0284942158388
2001 3588.8167725330172 103.30053197291113
2002 3593.452518209625 83.57256972998357
2003 3598.0882638862336 63.84460748705601
2004 3602.7240095628417 44.116645244128335
2005 3607.35975523945 24.388683001200775
2006 3401.492129110897 996.0602011117379
2007 3415.3993661407217 936.8763143829551
2008 3420.03511181733 917.1483521400276
2009 3424.670857493938 897.4203898971
2010 3429.306603170546 877.6924276541723
2011 3433.9423488471543 857.9644654112448
2012 3443.2138402003707 818.5085409253895
2013 3447.849585876979 798.780578682462
2014 3457.121077230195 759.3246541966068
2015 3461.7568229068033 739.5966919536792
2016 3466.3925685834115 719.8687297107516
2017 3471.0283142600197 700.140767467824
2018 3480.299805613236 660.6848429819688
2019 3484.935551289844 640.9568807390413
2020 3489.5712969664523 621.2289184961137
2021 3498.8427883196687 581.7729940102585
2022 3512.750025349493 522.5891072814757
2023 3522.0215167027095 483.1331827956204
2024 3531.293008055926 443.6772583097652
2025 3535.928753732534 423.94929606683775
2026 3545.2002450857503 384.4933715809825
2027 3554.4717364389667 345.03744709512716
2028 3568.378973468791 285.8535603663445
2029 3573.0147191453993 266.1255981234168
2030 3582.2862104986157 226.6696736375617
2031 3591.557701851832 187.21374915170645
2032 3596.19344752844 167.485786908779
2033 3610.1006845582647 108.3019001799961
2034 3619.372175911481 68.84597569414098
2035 3624.007921588089 49.1180134512133
2036 1400.0 2516.0
2037 1408.1194462280446 2537.519168035728
2038 1416.2388924560892 2559.038336071456
2039 1424.3583386841337 2580.557504107184
2040 1440.597231140223 2623.5958401786393
2041 1464.9555698243569 2688.153344285823
2042 1481.194462280446 2731.191680357279
2043 1505.5528009645798 2795.7491844644624
2044 1529.9111396487135 2860.306688571646
2045 1538.030585876758 2881.8258566073737
2046 1546.150032104803 2903.3450246431016
2047 1554.2694783328475 2924.8641926788296
2048 1562.388924560892 2946.3833607145575
2049 1570.5083707889366 2967.9025287502855
2050 1578.6278170169812 2989.4216967860134
2051 1586.7472632450258 3010.9408648217413
2052 1602.986155701115 3053.979200893197
2053 1611.1056019291595 3075.4983689289247
2054 1619.2250481572041 3097.0175369646527
2055 1635.4639406132933 3140.0558730361086
2056 1643.5833868413379 3161.5750410718365
2057 1651.7028330693825 3183.094209107564
2058 1659.822279297427 3204.613377143292
2059 1676.0611717535164 3247.651713214748
2060 1700.4195104376502 3312.2092173219316
2061 1363.0431679386413 2529.9442663481636
2062 1371.162614166686 2551.4634343838916
2063 1395.5209528508196 2616.020938491075
2064 1403.6403990788642 2637.540106526803
2065 1411.7598453069088 2659.059274562531
2066 1436.1181839910425 2723.616778669714
2067 1444.2376302190874 2745.135946705442
2068 1452.357076447132 2766.65511474117
2069 1460.4765226751765 2788.174282776898
2070 1468.595968903221 2809.693450812626
2071 1476.7154151312657 2831.212618848354
2072 1484.8348613593103 2852.731786884082
2073 1492.9543075873548 2874.2509549198094
2074 1517.3126462714886 2938.808459026993
2075 1525.4320924995332 2960.327627062721
2076 1533.5515387275777 2981.846795098449
2077 1566.0293236397563 3067.9234672413604
2078 1574.1487698678009 3089.4426352770884
2079 1606.6265547799792 3175.5193074199997
2080 1630.9848934641132 3240.0768115271835
2081 1334.2057821053272 2565.4077007320548
2082 1358.564120789461 2629.9652048392386
2083 1374.8030132455501 2673.0035409106945
2084 1399.1613519296839 2737.561045017878
2085 1415.400244385773 2780.5993810893337
2086 1431.6391368418622 2823.6377171607896
2087 1439.758583069907 2845.1568851965176
2088 1447.8780292979516 2866.676053232245
2089 1455.9974755259962 2888.195221267973
2090 1480.35581421013 2952.752725375157
2091 1496.594706666219 2995.7910614466127
2092 1504.7141528942636 3017.31022948234
2093 1512.8335991223082 3038.829397518068
2094 1520.9530453503528 3060.348565553796
2095 1529.0724915783976 3081.867733589524
2096 1537.1919378064422 3103.386901625252
2097 1545.3113840344868 3124.9060696609795
2098 1553.4308302625313 3146.425237696708
2099 1561.550276490576 3167.9444057324354
2100 1569.6697227186205 3189.4635737681633
2101 1594.0280614027542 3254.021077875347
2102 1602.1475076307988 3275.5402459110746
2103 1540.0060878359054 4904.223436375376
2104 927.3791845195498 4318.581396275521
2105 1491.385272355455 4947.804832650897
2106 878.7583690390995 4362.162792551041
2107 1442.7644568750047 4991.386228926418
2108 830.1375535586493 4405.744188826562
2109 805.8271458184242 4427.534886964322
2110 781.5167380781991 4449.325585102083
2111 1345.5228259141045 5078.549021477459
2112 1321.2124181738793 5100.339719615219
2113 1296.9020104336541 5122.13041775298
2114 708.5855148575238 4514.697679515364
2115 684.2751071172986 4536.488377653124
2116 1248.281194953204 5165.7118140285
2117 659.9646993770735 4558.279075790884
2118 1223.9707872129788 5187.50251216626
2119 635.6542916368485 4580.069773928645
2120 611.3438838966233 4601.860472066405
2121 1151.0395639923036 5252.874606579542
2122 3768.3613863805303 4365.979760439673
2123 3664.4455455221214 4335.91904175869
2124 3629.8069319026517 4325.898802198362
2125 3525.891091044243 4295.83808351738
2126 3456.6138638053035 4275.797604396725
2127 3352.6980229468945 4245.736885715743
2128 3283.420795707955 4225.696406595087
2129 3248.782182088486 4215.67616703476
2130 3214.1435684690164 4205.655927474432
2131 3809.0737923785628 4355.003720805351
2132 3774.435178759093 4344.9834812450235
2133 3670.519337900684 4314.922762564041
2134 3635.8807242812145 4304.902523003713
2135 3601.242110661745 4294.882283443386
2136 3566.603497042275 4284.862043883058
2137 3531.9648834228055 4274.84180432273
2138 3497.326269803336 4264.821564762403
2139 3462.6876561838662 4254.8013252020755
2140 3428.0490425643966 4244.781085641748
2141 3393.410428944927 4234.760846081421
2142 3358.7718153254573 4224.740606521093
2143 3289.494588086518 4204.700127400438
2144 3254.8559744670483 4194.6798878401105
2145 3220.2173608475787 4184.659648279783
2146 3745.8703575181858 4313.966962490046
2147 3676.5931302792465 4293.9264833693915
2148 3503.400062181898 4243.825285567754
2149 3434.1228349429593 4223.784806447098
2150 3399.4842213234897 4213.764566886771
2151 3330.2069940845504 4193.724087766116
2152 3295.5683804650807 4183.703848205789
2153 3260.929766845611 4173.683608645461
2154 3226.2911532261414 4163.663369085133
2155 3786.582763516218 4302.990922855724
2156 3751.9441498967485 4292.970683295397
2157 3717.305536277279 4282.95044373507
2158 3682.666922657809 4272.930204174741
2159 3544.1124681799306 4232.849245933432
2160 3509.473854560461 4222.829006373104
2161 3474.8352409409913 4212.808766812776
2162 3440.1966273215216 4202.788527252449
2163 3405.558013702052 4192.768287692122
2164 3370.9194000825823 4182.748048131794
2165 3267.0035592241734 4152.687329450811
2166 3827.29516951425 4292.014883221403
2167 3792.6565558947805 4281.994643661075
2168 3758.017942275311 4271.974404100747
2169 3723.379328655841 4261.95416454042
2170 3688.7407150363715 4251.933924980092
2171 3654.102101416902 4241.913685419765
2172 3584.8248741779626 4221.87320629911
2173 3550.186260558493 4211.852966738782
2174 3515.5476469390233 4201.832727178455
2175 3480.9090333195536 4191.812487618127
2176 3411.6318060806148 4171.772008497473
2177 3376.993192461145 4161.751768937145
2178 3307.715965222206 4141.71128981649
2179 3273.077351602736 4131.691050256162
2180 3238.4387379832665 4121.670810695835
2181 3833.368961892813 4271.018604026753
2182 3764.0917346538736 4250.978124906098
2183 3729.453121034404 4240.957885345771
2184 3694.8145074149343 4230.937645785443
2185 3660.1758937954646 4220.917406225116
2186 3590.8986665565253 4200.87692710446
2187 3417.705598459177 4150.775729302823
2188 3348.4283712202378 4130.735250182168
2189 3313.789757600768 4120.7150106218405
2190 3279.1511439812984 4110.694771061513
2191 3735.526913412966 4219.9616061511215
2192 3700.8882997934966 4209.941366590793
2193 3666.249686174027 4199.921127030466
2194 3596.9724589350876 4179.880647909811
2195 3562.3338453156184 4169.860408349484
2196 3527.6952316961488 4159.840168789156
2197 3493.056618076679 4149.819929228828
2198 3458.4180044572095 4139.799689668501
2199 3423.77939083774 4129.7794501081735
2200 3285.224936359861 4089.6984918668636
2201 3810.8779330304683 4219.005806077127
2202 3776.2393194109986 4208.9855665168
2203 3672.3234785525897 4178.924847835817
2204 3637.68486493312 4168.904608275489
2205 3603.0462513136504 4158.884368715162
2206 3568.4076376941807 4148.864129154834
2207 3533.769024074711 4138.843889594506
2208 3499.1304104552414 4128.823650034179
2209 3325.937342357893 4078.7224522325414
2210 3291.2987287384235 4068.702212672214
2211 3256.6601151189543 4058.6819731118867
2212 3816.9517254090306 4198.009526882477
2213 3782.313111789561 4187.98928732215
2214 3747.6744981700913 4177.969047761822
2215 3713.0358845506216 4167.948808201495
2216 3678.397270931152 4157.928568641168
2217 3574.4814300727435 4127.867849960185
2218 3539.8428164532734 4117.847610399857
2219 3505.2042028338037 4107.82737083953
2220 3470.5655892143345 4097.807131279203
2221 3401.288361975395 4077.766652158547
2222 3332.011134736456 4057.7261730378923
2223 3297.3725211169863 4047.705933477565
2224 3262.7339074975166 4037.685693917237
2225 3857.664131407063 4187.033487248155
2226 3823.0255177875933 4177.013247687828
2227 3788.3869041681237 4166.993008127501
2228 3753.748290548654 4156.972768567173
2229 3719.1096769291844 4146.952529006846
2230 3684.4710633097147 4136.932289446518
2231 3649.832449690245 4126.91204988619
2232 3615.1938360707754 4116.891810325863
2233 3580.555222451306 4106.871570765536
2234 3545.916608831836 4096.851331205208
2235 3511.2779952123665 4086.8310916448804
2236 3268.807699876079 4016.6894147225876
2237 3863.7379237856253 4166.037208053506
2238 3794.460696546686 4145.9967289328515
2239 3759.8220829272163 4135.976489372523
2240 3690.544855688277 4115.9360102518685
2241 3655.906242068808 4105.915770691541
2242 3621.267628449338 4095.8955311312134
2243 3551.990401210399 4075.8550520105587
2244 3517.3517875909292 4065.834812450231
2245 3482.7131739714596 4055.8145728899035
2246 3378.7973331130506 4025.753854208921
2247 3344.158719493581 4015.733614648593
2248 3309.5201058741113 4005.713375088266
2249 3869.811716164188 4145.040928858857
2250 3835.1731025447184 4135.020689298529
2251 3661.98003444737 4084.9194914968916
2252 3627.3414208279005 4074.8992519365643
2253 3558.064193588961 4054.858772815909
2254 3523.4255799694915 4044.8385332555818
2255 3419.5097391110826 4014.7778145745992
2256 3384.871125491613 4004.7575750142714
2257 3350.2325118721433 3994.737335453944
2258 3315.593898252674 3984.7170958936167
2259 3841.2468949232807 4114.02441010388
2260 3806.608281303811 4104.004170543552
2261 3771.9696676843414 4093.983930983225
2262 3737.3310540648718 4083.963691422897
2263 3668.0538268259324 4063.923212302242
2264 3633.415213206463 4053.9029727419147
2265 3564.137985967524 4033.86249362126
2266 3460.222145109115 4003.801774940277
2267 3425.5835314896453 3993.7815353799497
2268 3321.6676906312364 3963.720816698967
2269 3287.0290770117667 3953.70057713864
2270 3881.959300921313 4103.048370469558
2271 3847.3206873018435 4093.0281309092306
2272 3743.4048464434345 4062.967412228248
2273 3708.766232823965 4052.9471726679203
2274 3674.127619204495 4042.926933107593
2275 3639.4890055850256 4032.9066935472656
2276 3604.850391965556 4022.886453986938
2277 3570.2117783460862 4012.8662144266104
2278 3535.5731647266166 4002.8459748662826
2279 3500.934551107147 3992.8257353059553
2280 3431.6573238682076 3972.7852561853006
2281 3362.3800966292683 3952.7447770646454
2282 3327.7414830097987 3942.7245375043176
2283 3293.102869390329 3932.7042979439902
2284 3888.0330932998754 4082.0520912749084
2285 3853.3944796804058 4072.031851714581
2286 3818.755866060936 4062.0116121542537
2287 3784.1172524414665 4051.991372593926
2288 3749.4786388219973 4041.9711330335986
2289 3576.285570724649 3991.869935231961
2290 3507.0083434857097 3971.829456111306
2291 3403.0925026273007 3941.768737430323
2292 3299.176661768892 3911.708018749341
2293 3894.106885678438 4061.0558120802593
2294 3859.4682720589685 4051.0355725199315
2295 3616.997976722681 3980.893895597639
2296 3582.3593631032113 3970.873656037312
2297 3547.7207494837417 3960.853416476984
2298 3513.082135864272 3950.8331769166566
2299 3478.4435222448024 3940.8129373563293
2300 3443.8049086253327 3930.7926977960014
2301 3409.166295005863 3920.772458235674
2302 3374.5276813863934 3910.7522186753467
2303 3339.889067766924 3900.731979115019
2304 3865.542064437531 4030.0392933252824
2305 3796.2648371985915 4009.9988142046273
2306 3726.9876099596527 3989.958335083972
2307 3692.348996340183 3979.9380955236447
2308 3623.0717691012437 3959.8976164029896
2309 3588.433155481774 3949.877376842662
2310 3553.7945418623044 3939.857137282335
2311 3519.1559282428348 3929.836897722007
2312 3415.240087384426 3899.7761790410245
2313 3345.9628601454865 3879.7356999203694
2314 3871.6158568160936 4009.043014130633
2315 3767.7000159576846 3978.9822954496503
2316 3733.061402338215 3968.962055889323
2317 3663.7841750992757 3948.921576768668
2318 3629.145561479806 3938.9013372083405
2319 3594.5069478603364 3928.8810976480127
2320 3559.8683342408667 3918.8608580876853
2321 3525.229720621397 3908.840618527358
2322 3455.9524933824578 3888.800139406703
2323 3386.6752661435185 3868.7596602860476
2324 3877.689649194656 3988.0467349359833
2325 3843.0510355751867 3978.026495375656
2326 3808.412421955717 3968.0062558153286
2327 3739.1351947167777 3947.9657766946734
2328 3704.496581097308 3937.945537134346
2329 3600.580740238899 3907.8848184533636
2330 3531.30351299996 3887.8443393327084
2331 3462.0262857610205 3867.803860212053
2332 3427.387672141551 3857.783620651726
2333 3392.749058522081 3847.7633810913985
2334 3358.1104449026116 3837.7431415310707
2335 3323.471831283142 3827.7229019707434
2336 3918.4020551926883 3977.0706953016615
2337 3849.124827953749 3957.030216181007
2338 3814.4862143342793 3947.009976620679
2339 3779.8476007148097 3936.9897370603517
2340 3745.20898709534 3926.9694975000243
2341 3641.293146236931 3896.908778819042
2342 3537.377305378522 3866.848060138059
2343 3502.7386917590525 3856.8278205777315
2344 3433.461464520113 3836.7873414570768
2345 3398.8228509006435 3826.767101896749
2346 3329.5456236617047 3806.726622776094
2347 3785.9213930933724 3915.993457865702
2348 3716.644165854433 3895.9529787450474
2349 3612.728324996024 3865.8922600640644
2350 3543.451097757085 3845.8517809434097
2351 3474.1738705181456 3825.8113018227546
2352 3439.535256898676 3815.791062262427
2353 3404.8966432792063 3805.7708227020994
2354 3335.619416040267 3785.7303435814447
2355 3930.5496399498134 3935.078136912363
2356 3895.9110263303437 3925.0578973520355
2357 3861.272412710874 3915.0376577917077
2358 3791.9951854719347 3894.997178671053
2359 3757.356571852465 3884.976939110725
2360 3722.7179582329954 3874.956699550398
2361 3688.079344613526 3864.9364599900705
2362 3653.440730994056 3854.9162204297427
2363 3618.8021173745865 3844.8959808694153
2364 3445.6090492772382 3794.7947830677776
2365 3410.9704356577686 3784.7745435074503
2366 3376.3318220382994 3774.754303947123
2367 1637.0 4722.0
2368 1640.1047214859675 4687.89966625428
2369 1643.2094429719352 4653.79933250856
2370 1652.5236074298377 4551.4983312714
2371 1655.6283289158055 4517.397997525681
2372 1661.8377718877405 4449.197330034241
2373 1664.9424933737082 4415.096996288521
2374 1668.0472148596757 4380.9966625428015
2375 1671.1519363456432 4346.896328797081
2376 1674.256657831611 4312.795995051361
2377 1680.466100803546 4244.595327559921
2378 1683.5708222895134 4210.494993814202
2379 1692.8849867474162 4108.193992577042
2380 1695.989708233384 4074.0936588313225
2381 1699.0944297193514 4039.9933250856025
2382 1705.3038726912864 3971.792657594163
2383 1708.4085941772541 3937.692323848443
2384 1711.5133156632216 3903.591990102723
2385 1717.7227586351569 3835.391322611283
2386 1720.8274801211244 3801.290988865563
2387 1723.9322016070919 3767.1906551198435
2388 1669.864067869742 4724.992163607322
2389 1676.0735108416773 4656.791496115882
2390 1679.1782323276448 4622.691162370163
2391 1682.2829538136125 4588.590828624443
2392 1694.7018397574827 4452.189493641563
2393 1697.8065612434502 4418.089159895843
2394 1704.0160042153855 4349.888492404403
2395 1707.120725701353 4315.788158658684
2396 1710.2254471873205 4281.687824912964
2397 1713.330168673288 4247.587491167244
2398 1716.4348901592557 4213.487157421524
2399 1719.5396116452232 4179.386823675804
2400 1722.6443331311907 4145.286489930084
2401 1725.7490546171584 4111.186156184364
2402 1735.0632190750612 4008.8851549472047
2403 1738.1679405610287 3974.784821201485
2404 1741.2726620469962 3940.684487455765
2405 1750.586826504899 3838.3834862186054
2406 1753.6915479908664 3804.2831524728854
2407 1756.7962694768341 3770.182818727166
2408 1759.9009909628016 3736.0824849814458
2409 1702.7281357394843 4727.9843272146445
2410 1705.8328572254518 4693.883993468925
2411 1708.9375787114193 4659.783659723204
2412 1721.3564646552898 4523.382324740325
2413 1730.6706291131923 4421.081323503166
2414 1733.77535059916 4386.980989757446
2415 1736.8800720851275 4352.8806560117255
2416 1739.984793571095 4318.780322266006
2417 1743.0895150570627 4284.679988520286
2418 1746.1942365430302 4250.579654774566
2419 1749.2989580289977 4216.479321028846
2420 1761.717843972868 4080.077986045967
2421 1764.8225654588357 4045.977652300247
2422 1774.1367299167382 3943.6766510630873
2423 1777.241451402706 3909.5763173173673
2424 1792.7650588325437 3739.074648588768
2425 1735.5922036092263 4730.976490821967
2426 1738.6969250951938 4696.876157076247
2427 1748.0110895530966 4594.5751558390875
2428 1754.2205325250318 4526.3744883476475
2429 1757.3252540109993 4492.274154601928
2430 1763.5346969829345 4424.073487110488
2431 1769.7441399548698 4355.872819619048
2432 1772.8488614408373 4321.772485873328
2433 1779.0583044127723 4253.571818381888
2434 1782.16302589874 4219.4714846361685
2435 1785.2677473847075 4185.371150890449
2436 1788.372468870675 4151.270817144728
2437 1791.4771903566425 4117.170483399009
2438 1797.6866333285777 4048.9698159075692
2439 1800.7913548145452 4014.869482161849
2440 1807.0007977864805 3946.6688146704096
2441 1810.105519272448 3912.5684809246895
2442 1813.2102407584157 3878.4681471789695
2443 1816.3149622443832 3844.36781343325
2444 1825.629126702286 3742.0668121960903
2445 1768.4562714789686 4733.968654429289
2446 1774.6657144509036 4665.767986937849
2447 1780.8751574228388 4597.56731944641
2448 1783.9798789088063 4563.466985700689
2449 1787.0846003947738 4529.36665195497
2450 1790.1893218807415 4495.26631820925
2451 1793.294043366709 4461.16598446353
2452 1796.3987648526765 4427.06565071781
2453 1799.503486338644 4392.9653169720905
2454 1802.6082078246118 4358.86498322637
2455 1808.8176507965468 4290.664315734931
2456 1811.9223722825145 4256.56398198921
2457 1815.027093768482 4222.463648243491
2458 1821.2365367404173 4154.262980752051
2459 1827.4459797123523 4086.0623132606115
2460 1830.55070119832 4051.9619795148915
2461 1833.6554226842875 4017.8616457691714
2462 1839.8648656562225 3949.660978277732
2463 1842.9695871421902 3915.560644532012
2464 1846.0743086281577 3881.4603107862918
2465 1849.1790301141252 3847.359977040572
2466 1852.2837516000927 3813.259643294852
2467 1855.3884730860605 3779.1593095491326
2468 1858.493194572028 3745.0589758034125
2469 1807.5297823206458 4668.760150545171
2470 1819.948668264516 4532.358815562292
2471 1823.0533897504836 4498.258481816572
2472 1826.158111236451 4464.158148070852
2473 1829.2628327224188 4430.057814325132
2474 1832.3675542083863 4395.957480579413
2475 1835.4722756943538 4361.857146833692
2476 1841.681718666289 4293.656479342253
2477 1854.1006046101593 4157.255144359373
2478 1857.2053260961268 4123.154810613653
2479 1860.3100475820943 4089.0544768679333
2480 1863.414769068062 4054.9541431222133
2481 1869.624212039997 3986.7534756307737
2482 1872.7289335259647 3952.6531418850536
2483 1875.8336550119323 3918.552808139334
2484 1878.9383764978998 3884.452474393614
2485 1882.0430979838675 3850.352140647894
2486 1888.2525409558025 3782.1514731564544
2487 1891.3572624417702 3748.0511394107343
2488 1837.2891287044204 4705.852647898213
2489 1840.3938501903879 4671.752314152493
2490 1843.4985716763554 4637.651980406774
2491 1846.603293162323 4603.551646661053
2492 1855.9174576202258 4501.250645423894
2493 1859.0221791061933 4467.150311678174
2494 1865.2316220781283 4398.949644186734
2495 1874.545786536031 4296.648642949574
2496 1880.7552295079663 4228.447975458135
2497 1883.8599509939338 4194.347641712415
2498 1886.9646724799013 4160.247307966695
2499 1890.069393965869 4126.146974220976
2500 1896.278836937804 4057.9463067295355
2501 1899.3835584237718 4023.845972983816
2502 1902.4882799097393 3989.745639238096
2503 1905.5930013957068 3955.645305492376
2504 1908.6977228816745 3921.5449717466563
2505 1918.011887339577 3819.2439705094966
2506 1924.2213303115122 3751.0433030180566
2507 1867.048475088195 4742.945145251256
2508 1870.1531965741624 4708.844811505535
2509 1873.25791806013 4674.744477759816
2510 1876.3626395460976 4640.644144014096
2511 1879.4673610320651 4606.543810268376
2512 1885.6768040040001 4538.3431427769365
2513 1888.7815254899679 4504.242809031216
2514 1898.0956899478706 4401.941807794057
2515 1901.200411433838 4367.841474048337
2516 1907.4098544057733 4299.640806556898
2517 1932.2476262935138 4026.838136591138
2518 1935.3523477794813 3992.737802845418
2519 1938.4570692654488 3958.637469099698
2520 1941.5617907514165 3924.5371353539786
2521 1944.666512237384 3890.4368016082585
2522 1947.7712337233515 3856.3364678625385
2523 1953.9806766952868 3788.135800371099
2524 1903.0172644439044 4711.8369751128575
2525 1906.1219859298722 4677.736641367138
2526 1912.3314289018072 4609.535973875698
2527 1915.436150387775 4575.435640129978
2528 1924.7503148456776 4473.134638892819
2529 1927.8550363316451 4439.034305147099
2530 1930.9597578176126 4404.933971401379
2531 1940.2739222755154 4302.632970164219
2532 1943.378643761483 4268.532636418499
2533 1949.588086733418 4200.331968927059
2534 1952.6928082193856 4166.23163518134
2535 1955.797529705353 4132.13130143562
2536 1958.9022511913208 4098.0309676899005
2537 1965.1116941632558 4029.8303001984605
2538 1983.7400230790613 3825.228297724141
2539 1932.7766108276792 4748.9294724659
2540 1942.090775285582 4646.628471228741
2541 1951.4049397434844 4544.327469991581
2542 1954.509661229452 4510.2271362458605
2543 1957.6143827154197 4476.126802500141
2544 1963.8238256873547 4407.926135008701
2545 1966.9285471733224 4373.825801262981
2546 1970.03326865929 4339.725467517262
2547 1973.1379901452574 4305.625133771541
2548 1985.5568760891279 4169.223798788662
2549 1991.7663190610629 4101.023131297223
2550 1997.975762032998 4032.8224638057823
2551 2001.0804835189656 3998.7221300600627
2552 2019.708812434771 3794.1201275857434
2553 2022.8135339207386 3760.0197938400233
2554 1965.6406786974212 4751.9216360732225
2555 1981.164286127259 4581.419967344623
2556 1990.4784505851617 4479.118966107463
2557 1996.687893557097 4410.918298616023
2558 1999.7926150430644 4376.8179648703035
2559 2002.8973365290321 4342.717631124584
2560 2006.0020580149996 4308.617297378863
2561 2009.1067795009671 4274.516963633144
2562 2012.2115009869349 4240.416629887424
2563 2015.3162224729024 4206.316296141704
2564 2021.5256654448374 4138.115628650265
2565 2024.630386930805 4104.015294904544
2566 2027.7351084167726 4069.9149611588246
2567 2030.8398299027401 4035.8146274131045
2568 2033.9445513887076 4001.714293667385
2569 2037.0492728746754 3967.613959921665
2570 2055.677601790481 3763.0119574473456
2571 1998.5047465671632 4754.913799680545
2572 2010.9236325110337 4618.512464697665
2573 2014.0283539970012 4584.412130951945
2574 2017.1330754829687 4550.3117972062255
2575 2023.342518454904 4482.111129714785
2576 2026.4472399408714 4448.010795969066
2577 2029.5519614268392 4413.910462223345
2578 2032.6566829128067 4379.810128477626
2579 2035.7614043987742 4345.709794731906
2580 2038.8661258847417 4311.609460986186
2581 2041.9708473707092 4277.509127240466
2582 2045.075568856677 4243.4087934947465
2583 2048.1802903426446 4209.308459749026
2584 2051.285011828612 4175.2081260033065
2585 2063.7038977724824 4038.8067910204268
2586 2066.8086192584497 4004.706457274707
2587 2073.018062230385 3936.5057897832676
2588 2076.1227837163524 3902.4054560375475
2589 2082.332226688288 3834.204788546108
2590 2085.436948174255 3800.104454800388
2591 2088.541669660223 3766.004121054668
2592 2031.3688144369055 4757.905963287867
2593 2034.473535922873 4723.805629542147
2594 2037.5782574088405 4689.705295796427
2595 2043.7877003807757 4621.504628304987
2596 2046.8924218667432 4587.404294559267
2597 2065.520750782549 4382.802292084948
2598 2068.625472268516 4348.701958339228
2599 2077.939636726419 4246.400957102069
2600 2081.0443582123867 4212.300623356348
2601 2084.149079698354 4178.200289610629
2602 2087.2538011843217 4144.099955864909
2603 2096.5679656422244 4041.798954627749
2604 2099.672687128192 4007.698620882029
2605 2108.9868515860944 3905.3976196448693
2606 2112.091573072062 3871.2972858991498
2607 2115.19629455803 3837.19695215343
2608 2118.301016043997 3803.09661840771
2609 2064.2328823066478 4760.898126895188
2610 2073.5470467645505 4658.59712565803
2611 2076.6517682505178 4624.496791912309
2612 2079.7564897364855 4590.39645816659
2613 2085.9659327084205 4522.1957906751495
2614 2095.2800971663232 4419.89478943799
2615 2104.594261624226 4317.59378820083
2616 2110.803704596161 4249.393120709391
2617 2113.9084260821287 4215.292786963671
2618 2117.0131475680964 4181.192453217951
2619 2120.1178690540637 4147.092119472231
2620 2126.327312025999 4078.8914519807913
2621 2129.4320335119664 4044.7911182350713
2622 2151.1650839137396 3806.0887820150324
2623 2100.201671662357 4729.789956756791
2624 2106.4111146342925 4661.589289265351
2625 2115.7252790921953 4559.288288028192
2626 2118.8300005781625 4525.187954282472
2627 2125.039443550098 4456.987286791033
2628 2128.1441650360653 4422.886953045312
2629 2134.3536080080003 4354.686285553873
2630 2140.5630509799357 4286.485618062433
2631 2143.667772465903 4252.385284316713
2632 2146.7724939518707 4218.284950570993
2633 2149.8772154378385 4184.184616825273
2634 2152.9819369238057 4150.084283079554
2635 2156.0866584097735 4115.983949333833
2636 2165.400822867676 4013.6829480966735
2637 2168.505544353644 3979.582614350954
2638 2177.8197088115467 3877.2816131137943
2639 2187.1338732694494 3774.9806118766346
2640 2136.170461018067 4698.681786618394
2641 2139.2751825040345 4664.581452872673
2642 2161.0082329058077 4425.879116652634
2643 2170.3223973637105 4323.578115415475
2644 2173.4271188496778 4289.477781669755
2645 2176.5318403356455 4255.377447924036
2646 2185.846004793548 4153.076446686875
2647 2188.9507262795155 4118.976112941155
2648 2195.1601692514505 4050.775445449716
2649 2201.369612223386 3982.574777958276
2650 2207.579055195321 3914.374110466836
2651 2216.8932196532237 3812.0731092296764
2652 2219.9979411391914 3777.972775483957
2653 2162.825085915874 4769.874617717155
2654 2165.9298074018416 4735.774283971436
2655 2172.1392503737766 4667.5736164799955
2656 2175.2439718597443 4633.473282734276
2657 2178.3486933457116 4599.372948988556
2658 2181.4534148316793 4565.272615242836
2659 2184.558136317647 4531.172281497116
2660 2187.6628578036143 4497.071947751397
2661 2196.977022261517 4394.770946514237
2662 2200.081743747485 4360.670612768517
2663 2206.29118671942 4292.469945277077
2664 2209.3959082053875 4258.369611531358
2665 2224.9195156352253 4087.867942802758
2666 2237.3384015790957 3951.4666078198784
2667 2240.4431230650634 3917.3662740741584
2668 2243.5478445510307 3883.265940328439
2669 2246.6525660369985 3849.1656065827187
2670 2249.757287522966 3815.0652728369987
2671 2252.8620090089335 3780.964939091279
2672 2131.0 2956.0
2673 2258.318658771998 2867.014587864392
2674 2385.637317543996 2778.0291757287837
2675 2640.2746350879916 2600.0583514575674
2676 2767.593293859989 2511.0729393219594
2677 2894.911952631987 2422.0875271863515
2678 2161.934842845426 3000.260992963656
2679 2289.253501617424 2911.2755808280476
2680 2416.5721603894217 2822.2901686924397
2681 2798.5281367054154 2555.3339322856154
2682 2925.8467954774133 2466.348520150007
2683 2425.0 4243.0
2684 2418.4539162447713 4220.999740548863
2685 2411.9078324895427 4198.999481097726
2686 2398.815664979085 4154.998962195452
2687 2392.269581223856 4132.998702744315
2688 2385.7234974686276 4110.998443293179
2689 2372.63132995817 4066.9979243909047
2690 2366.0852462029416 4044.9976649397677
2691 2352.993078692484 4000.9971460374936
2692 2346.446994937255 3978.9968865863566
2693 2339.9009111820264 3956.9966271352196
2694 2333.354827426798 3934.996367684083
2695 2326.808743671569 3912.996108232946
2696 2320.2626599163405 3890.995848781809
2697 2313.7165761611113 3868.995589330672
2698 2294.0783248954253 3802.9948109772613
2699 2287.5322411401967 3780.9945515261243
2700 2267.89398987451 3714.9937731727136
2701 2254.801822364053 3670.9932542704396
2702 2241.7096548535956 3626.992735368166
2703 2228.617487343138 3582.992216465892
2704 2222.071403587909 3560.991957014755
2705 2215.5253198326805 3538.991697563618
2706 2208.979236077452 3516.991438112481
2707 2195.8870685669945 3472.9909192102073
2708 2189.3409848117653 3450.9906597590702
2709 2182.7949010565367 3428.990400307933
2710 2163.1566497908507 3362.9896219545226
2711 2156.610566035622 3340.9893625033856
2712 2468.8766854031683 4229.944678621228
2713 2462.330601647939 4207.944419170091
2714 2455.7845178927105 4185.944159718954
2715 2449.238434137482 4163.943900267817
2716 2442.692350382253 4141.94364081668
2717 2436.1462666270245 4119.943381365543
2718 2429.600182871796 4097.943121914406
2719 2423.054099116567 4075.942862463269
2720 2409.9619316061094 4031.9423435609956
2721 2396.869764095652 3987.9418246587215
2722 2383.7775965851947 3943.941305756448
2723 2377.2315128299656 3921.941046305311
2724 2370.685429074737 3899.940786854174
2725 2357.5932615642796 3855.9402679519
2726 2351.047177809051 3833.940008500763
2727 2337.955010298593 3789.939489598489
2728 2331.4089265433645 3767.939230147352
2729 2318.316759032907 3723.9387112450786
2730 2311.7706752776785 3701.9384517939416
2731 2305.22459152245 3679.9381923428045
2732 2298.678507767221 3657.9379328916675
2733 2292.132424011992 3635.9376734405305
2734 2285.5863402567634 3613.9374139893935
2735 2272.494172746306 3569.93689508712
2736 2265.9480889910774 3547.936635635983
2737 2259.4020052358487 3525.936376184846
2738 2246.309837725391 3481.935857282572
2739 2213.5794189492476 3371.9345600268875
2740 2187.3950839283325 3283.93352222234
2741 2499.6612032958787 4172.888838340182
2742 2493.11511954065 4150.888578889045
2743 2480.0229520301923 4106.888059986772
2744 2473.4768682749636 4084.887800535634
2745 2466.930784519735 4062.887541084497
2746 2453.8386170092776 4018.8870221822235
2747 2447.292533254049 3996.8867627310865
2748 2440.74644949882 3974.8865032799495
2749 2434.200365743591 3952.8862438288124
2750 2427.6542819883625 3930.8859843776754
2751 2421.108198233134 3908.885724926539
2752 2414.562114477905 3886.885465475402
2753 2408.0160307226765 3864.885206024265
2754 2401.469946967448 3842.8849465731278
2755 2394.9238632122187 3820.884687121991
2756 2388.37777945699 3798.884427670854
2757 2381.8316957017614 3776.884168219717
2758 2375.2856119465328 3754.88390876858
2759 2362.1934444360754 3710.883389866306
2760 2355.6473606808463 3688.8831304151695
2761 2349.1012769256176 3666.8828709640325
2762 2342.555193170389 3644.8826115128954
2763 2336.0091094151603 3622.882352061759
2764 2322.916941904703 3578.881833159485
2765 2309.824774394245 3534.8813142572108
2766 2303.2786906390165 3512.8810548060737
2767 2290.186523128559 3468.8805359038
2768 2277.094355618102 3424.880017001526
2769 2264.002188107644 3380.8794980992525
2770 2244.363936841958 3314.8787197458414
2771 2231.2717693315008 3270.8782008435674
2772 2556.6300562095043 4203.834035863684
2773 2550.0839724542757 4181.833776412547
2774 2536.991804943818 4137.833257510273
2775 2530.4457211885892 4115.832998059136
2776 2523.8996374333606 4093.832738607999
2777 2517.353553678132 4071.832479156862
2778 2491.169218657217 3983.8314413523144
2779 2471.530967391531 3917.830662998904
2780 2458.438799881073 3873.8301440966297
2781 2451.8927161258443 3851.8298846454927
2782 2438.800548615387 3807.829365743219
2783 2432.2544648601584 3785.829106292082
2784 2425.7083811049297 3763.828846840945
2785 2419.1622973497006 3741.828587389808
2786 2412.616213594472 3719.8283279386715
2787 2399.5240460840146 3675.8278090363974
2788 2386.4318785735572 3631.8272901341234
2789 2379.8857948183286 3609.8270306829863
2790 2366.793627307871 3565.8265117807127
2791 2360.247543552642 3543.8262523295757
2792 2347.155376042185 3499.8257334273017
2793 2340.609292286956 3477.825473976165
2794 2320.9710410212697 3411.824695622754
2795 2314.424957266041 3389.824436171617
2796 2307.8788735108124 3367.82417672048
2797 2301.3327897555837 3345.8239172693434
2798 2294.786706000355 3323.8236578182064
2799 2288.2406222451264 3301.8233983670693
2800 2281.6945384898972 3279.8231389159323
2801 2275.1484547346686 3257.8228794647957
2802 2600.506741612672 4190.778714484912
2803 2593.9606578574435 4168.778455033775
2804 2580.868490346986 4124.777936131501
2805 2574.3224065917575 4102.777676680364
2806 2561.2302390812997 4058.77715777809
2807 2548.1380715708424 4014.7766388758164
2808 2541.5919878156137 3992.7763794246794
2809 2535.045904060385 3970.7761199735423
2810 2521.9537365499273 3926.7756010712683
2811 2515.4076527946986 3904.7753416201317
2812 2508.86156903947 3882.7750821689947
2813 2502.3154852842413 3860.7748227178577
2814 2482.677234018555 3794.774044364447
2815 2476.131150263326 3772.77378491331
2816 2456.49289899764 3706.773006559899
2817 2449.9468152424115 3684.772747108762
2818 2443.400731487183 3662.7724876576253
2819 2436.8546477319537 3640.7722282064883
2820 2430.308563976725 3618.7719687553513
2821 2417.2163964662677 3574.7714498530777
2822 2404.1242289558104 3530.7709309508036
2823 2391.0320614453526 3486.7704120485296
2824 2384.485977690124 3464.7701525973926
2825 2351.75555891398 3354.7688553417083
2826 2345.2094751587515 3332.7685958905713
2827 2325.5712238930655 3266.76781753716
2828 2631.291259505383 4133.722874203866
2829 2618.1990919949253 4089.722355301592
2830 2605.106924484468 4045.721836399318
2831 2598.5608407292393 4023.721576948181
2832 2585.4686732187815 3979.7210580459073
2833 2578.922589463553 3957.7207985947703
2834 2572.376505708324 3935.7205391436332
2835 2565.8304219530955 3913.7202796924967
2836 2539.6460869321804 3825.7192418879486
2837 2533.1000031769518 3803.7189824368115
2838 2526.553919421723 3781.718722985675
2839 2520.0078356664944 3759.718463534538
2840 2506.915668156037 3715.717944632264
2841 2500.369584400808 3693.7176851811273
2842 2493.8235006455793 3671.7174257299903
2843 2487.2774168903507 3649.7171662788533
2844 2467.6391656246647 3583.716387925442
2845 2461.093081869436 3561.716128474305
2846 2448.000914358978 3517.7156095720316
2847 2441.4548306037495 3495.715350120895
2848 2421.8165793380635 3429.714571767484
2849 2415.2704955828344 3407.714312316347
2850 2402.178328072377 3363.713793414073
2851 2395.6322443171484 3341.713533962936
2852 2389.0861605619198 3319.713274511799
2853 2382.540076806691 3297.713015060662
2854 2688.2601124190087 4164.6680717273675
2855 2681.7140286637796 4142.6678122762305
2856 2675.167944908551 4120.6675528250935
2857 2662.0757773980936 4076.66703392282
2858 2655.529693642865 4054.666774471683
2859 2648.9836098876362 4032.666515020546
2860 2642.437526132407 4010.6662555694093
2861 2635.8914423771785 3988.6659961182722
2862 2616.2531911114925 3922.665217764861
2863 2609.707107356264 3900.664958313724
2864 2603.1610236010347 3878.6646988625876
2865 2596.614939845806 3856.6644394114505
2866 2590.0688560905774 3834.6641799603135
2867 2583.5227723353487 3812.6639205091765
2868 2570.4306048248914 3768.663401606903
2869 2563.8845210696627 3746.663142155766
2870 2557.3384373144336 3724.662882704629
2871 2550.792353559205 3702.662623253492
2872 2544.2462698039762 3680.662363802355
2873 2524.6080185382903 3614.661585448944
2874 2518.0619347830616 3592.661325997807
2875 2511.5158510278325 3570.6610665466706
2876 2504.969767272604 3548.6608070955335
2877 2498.423683517375 3526.6605476443965
2878 2485.331516006918 3482.6600287421224
2879 2478.785432251689 3460.6597692909854
2880 2472.23934849646 3438.659509839849
2881 2465.6932647412314 3416.659250388712
2882 2459.1471809860027 3394.658990937575
2883 2452.601097230774 3372.658731486438
2884 2439.5089297203167 3328.658212584164
2885 2432.962845965088 3306.657953133027
2886 2426.416762209859 3284.65769368189
2887 2419.8706784546303 3262.657434230753
2888 2413.3245946994016 3240.657174779616
2889 2699.4063790460327 4041.611453092911
2890 2686.3142115355754 3997.610934190637
2891 2679.7681277803467 3975.6106747395
2892 2673.222044025118 3953.610415288363
2893 2660.1298765146603 3909.609896386089
2894 2653.5837927594316 3887.6096369349525
2895 2647.037709004203 3865.6093774838155
2896 2640.4916252489743 3843.6091180326785
2897 2633.9455414937456 3821.6088585815414
2898 2620.853373983288 3777.6083396792674
2899 2607.7612064728305 3733.607820776994
2900 2594.669038962373 3689.6073018747197
2901 2575.0307876966867 3623.606523521309
2902 2555.3925364310007 3557.6057451678985
2903 2548.846452675772 3535.6054857167615
2904 2529.2082014100856 3469.604707363351
2905 2522.662117654857 3447.604447912214
2906 2516.1160338996283 3425.604188461077
2907 2509.5699501443996 3403.6039290099397
2908 2503.023866389171 3381.6036695588027
2909 2496.477782633942 3359.6034101076657
2910 2489.931698878713 3337.6031506565287
2911 2476.839531368256 3293.602631754255
2912 2470.293447613027 3271.602372303118
2913 2463.7473638577985 3249.602112851981
2914 2776.0134832253443 4138.557428969823
2915 2769.4673994701157 4116.557169518686
2916 2749.8291482044297 4050.5563911652757
2917 2736.7369806939723 4006.5558722630017
2918 2717.098729428286 3940.555093909591
2919 2710.552645673057 3918.554834458454
2920 2704.0065619178285 3896.554575007317
2921 2690.914394407371 3852.5540561050434
2922 2684.368310652142 3830.5537966539064
2923 2671.2761431416848 3786.5532777516323
2924 2664.730059386456 3764.5530183004958
2925 2651.637891875999 3720.5524993982217
2926 2645.0918081207697 3698.5522399470847
2927 2638.545724365541 3676.5519804959476
2928 2625.4535568550837 3632.551461593674
2929 2612.3613893446263 3588.5509426914
2930 2559.992719302796 3412.5488670823047
2931 2546.900551792339 3368.5483481800306
2932 2540.35446803711 3346.5480887288936
2933 2533.8083842818814 3324.547829277757
2934 2514.170133016195 3258.547050924346
2935 2507.6240492609663 3236.546791473209
2936 2813.344084873284 4103.501848139915
2937 2793.705833607598 4037.5010697865036
2938 2780.61366609714 3993.5005508842296
2939 2774.0675823419115 3971.500291433093
2940 2767.521498586683 3949.500031981956
2941 2760.975414831454 3927.499772530819
2942 2754.4293310762255 3905.499513079682
2943 2747.883247320997 3883.4992536285454
2944 2734.791079810539 3839.4987347262713
2945 2702.0606610343953 3729.4974374705866
2946 2695.5145772791666 3707.4971780194496
2947 2662.784158503023 3597.495880763765
2948 2656.238074747794 3575.495621312628
2949 2643.145907237337 3531.4951024103543
2950 2636.599823482108 3509.4948429592173
2951 2630.0537397268795 3487.4945835080803
2952 2623.507655971651 3465.4943240569432
2953 2584.2311534402784 3333.4927673501215
2954 2577.6850696850493 3311.4925078989845
2955 2544.954650908906 3201.4912106433003
2956 1927.0 917.0
2957 1947.694401437681 918.2431562318909
2958 1968.3888028753622 919.4863124637818
2959 1989.083204313043 920.7294686956727
2960 2051.166408626086 924.4589373913456
2961 2071.8608100637675 925.7020936232365
2962 2113.2496129391297 928.1884060870183
2963 2133.9440143768106 929.4315623189093
2964 2196.0272186898537 933.161031014582
2965 2216.721620127535 934.4041872464729
2966 2278.804824440578 938.1336559421458
2967 2299.499225878259 939.3768121740367
2968 2320.19362731594 940.6199684059276
2969 2340.8880287536213 941.8631246378185
2970 2382.2768316289835 944.3494371016003
2971 2402.9712330666644 945.5925933334912
2972 2444.3600359420266 948.0789057972731
2973 2465.0544373797075 949.322062029164
2974 2485.748838817389 950.565218261055
2975 2506.4432402550697 951.8083744929459
2976 2547.832043130432 954.2946869567277
2977 2568.5264445681128 955.5378431886187
2978 2589.220846005794 956.7809994205096
2979 2630.6096488811563 959.2673118842914
2980 2651.304050318837 960.5104681161823
2981 2671.998451756518 961.7536243480732
2982 2713.3872546318803 964.2399368118552
2983 2734.081656069561 965.4830930437461
2984 1921.3433953887725 1011.1635842672209
2985 2004.1210011394967 1016.1362091947847
2986 2024.8154025771778 1017.3793654266756
2987 2045.5098040148587 1018.6225216585665
2988 2086.898606890221 1021.1088341223483
2989 2148.981811203264 1024.838302818021
2990 2211.0650155163075 1028.567771513694
2991 2252.4538183916693 1031.0540839774758
2992 2273.1482198293506 1032.2972402093667
2993 2293.8426212670315 1033.5403964412576
2994 2314.5370227047124 1034.7835526731485
2995 2335.2314241423937 1036.0267089050394
2996 2355.9258255800746 1037.2698651369303
2997 2376.6202270177555 1038.5130213688212
2998 2418.0090298931177 1040.999333832603
2999 2521.481037081523 1047.2151149920578
3000 2583.564241394566 1050.9445836877305
3001 2624.9530442699283 1053.4308961515123
3002 2666.3418471452906 1055.9172086152942
3003 2687.036248582972 1057.160364847185
3004 2728.4250514583337 1059.6466773109669
3005 2749.119452896015 1060.889833542858
3006 1957.075593652907 1107.8134809982237
3007 1998.464396528269 1110.2997934620055
3008 2019.15879796595 1111.5429496938964
3009 2039.8531994036312 1112.7861059257875
3010 2060.547600841312 1114.0292621576782
3011 2081.2420022789934 1115.2724183895693
3012 2101.9364037166742 1116.5155746214602
3013 2122.6308051543556 1117.7587308533512
3014 2143.3252065920365 1119.001887085242
3015 2164.0196080297173 1120.245043317133
3016 2184.7140094673987 1121.4881995490239
3017 2205.4084109050796 1122.7313557809148
3018 2226.1028123427604 1123.9745120128057
3019 2246.797213780442 1125.2176682446966
3020 2267.4916152181227 1126.4608244765875
3021 2288.186016655804 1127.7039807084784
3022 2370.963622406528 1132.6766056360423
3023 2391.6580238442093 1133.9197618679332
3024 2412.35242528189 1135.162918099824
3025 2433.0468267195715 1136.406074331715
3026 2474.4356295949337 1138.8923867954968
3027 2495.1300310326146 1140.1355430273877
3028 2515.8244324702955 1141.3786992592786
3029 2577.9076367833386 1145.1081679549513
3030 2598.60203822102 1146.3513241868422
3031 2619.296439658701 1147.5944804187334
3032 2639.9908410963817 1148.8376366506243
3033 2660.685242534063 1150.0807928825152
3034 2702.074045409425 1152.567105346297
3035 2722.768446847106 1153.810261578188
3036 2764.1572497224684 1156.2965740419697
3037 1910.0301861663172 1199.490752801663
3038 1930.7245876039983 1200.7339090335536
3039 1951.4189890416792 1201.9770652654447
3040 1992.8077919170414 1204.4633777292265
3041 2013.5021933547225 1205.7065339611174
3042 2054.8909962300845 1208.1928464248992
3043 2075.585397667766 1209.4360026567902
3044 2096.2797991054467 1210.679158888681
3045 2137.668601980809 1213.1654713524629
3046 2158.36300341849 1214.4086275843538
3047 2199.751806293852 1216.8949400481356
3048 2220.446207731533 1218.1380962800267
3049 2241.1406091692143 1219.3812525119176
3050 2261.835010606895 1220.6244087438085
3051 2303.2238134822574 1223.1107212075904
3052 2323.9182149199387 1224.3538774394813
3053 2406.6958206706627 1229.326502367045
3054 2427.3902221083436 1230.5696585989358
3055 2448.084623546025 1231.812814830827
3056 2510.167827859068 1235.5422835264997
3057 2530.862229296749 1236.7854397583906
3058 2613.6398350474733 1241.7580646859542
3059 2634.334236485154 1243.001220917845
3060 2655.0286379228355 1244.244377149736
3061 2675.7230393605164 1245.487533381627
3062 2696.4174407981973 1246.7306896135178
3063 2737.80624367356 1249.2170020772996
3064 2758.500645111241 1250.4601583091908
3065 1904.3735815550895 1293.6543370688837
3066 1925.0679829927706 1294.8974933007746
3067 1966.4567858681328 1297.3838057645564
3068 2007.8455887434948 1299.8701182283385
3069 2049.234391618857 1302.3564306921203
3070 2090.623194494219 1304.842743155902
3071 2132.0119973695814 1307.329055619684
3072 2152.7063988072623 1308.5722118515748
3073 2173.400800244943 1309.8153680834657
3074 2194.0952016826245 1311.0585243153566
3075 2256.1784059956676 1314.7879930110294
3076 2297.56720887103 1317.2743054748112
3077 2318.2616103087107 1318.5174617067023
3078 2359.650413184073 1321.0037741704841
3079 2380.344814621754 1322.246930402375
3080 2421.733617497116 1324.7332428661568
3081 2442.4280189347974 1325.9763990980478
3082 2463.1224203724782 1327.2195553299387
3083 2504.5112232478405 1329.7058677937205
3084 2525.2056246855213 1330.9490240256114
3085 2566.5944275608836 1333.4353364893932
3086 2607.983230436246 1335.921648953175
3087 2628.6776318739267 1337.1648051850661
3088 2690.7608361869698 1340.8942738807389
3089 2732.149639062332 1343.3805863445207
3090 2752.844040500013 1344.6237425764116
3091 1919.411378381543 1389.0610775679957
3092 1940.1057798192242 1390.3042337998866
3093 1960.800181256905 1391.5473900317775
3094 1981.4945826945861 1392.7905462636684
3095 2022.8833855699484 1395.2768587274502
3096 2064.2721884453103 1397.763171191232
3097 2084.9665898829917 1399.006327423123
3098 2188.438597071397 1405.2221085825777
3099 2229.827399946759 1407.7084210463595
3100 2250.52180138444 1408.9515772782504
3101 2291.9106042598023 1411.4378897420322
3102 2312.605005697483 1412.6810459739231
3103 2353.9938085728454 1415.167358437705
3104 2395.3826114482076 1417.6536709014867
3105 2457.4658157612507 1421.3831395971597
3106 2498.854618636613 1423.8694520609415
3107 2519.549020074294 1425.1126082928324
3108 2540.2434215119747 1426.3557645247233
3109 2581.632224387337 1428.8420769885051
3110 2602.326625825018 1430.085233220396
3111 2623.021027262699 1431.328389452287
3112 2643.71542870038 1432.5715456841779
3113 2726.4930344511044 1437.5441706117417
3114 2747.1874358887853 1438.7873268436324
3115 1913.7547737703155 1483.2246618352165
3116 1934.4491752079964 1484.4678180671074
3117 1955.1435766456775 1485.7109742989983
3118 1996.5323795210397 1488.19728676278
3119 2017.2267809587206 1489.4404429946712
3120 2037.9211823964017 1490.683599226562
3121 2058.615583834083 1491.926755458453
3122 2120.698788147126 1495.6562241541258
3123 2141.3931895848073 1496.8993803860167
3124 2182.781992460169 1499.3856928497985
3125 2244.8651967732126 1503.1151615454714
3126 2286.2539996485743 1505.6014740092533
3127 2306.9484010862557 1506.844630241144
3128 2410.420408274661 1513.0604114005987
3129 2431.114809712342 1514.3035676324896
3130 2493.1980140253854 1518.0330363281623
3131 2513.892415463066 1519.2761925600532
3132 2555.2812183384285 1521.7625050238353
3133 2575.9756197761094 1523.005661255726
3134 2638.0588240891525 1526.735129951399
3135 2658.7532255268334 1527.9782861832898
3136 2679.4476269645147 1529.2214424151807
3137 2700.142028402196 1530.4645986470716
3138 2741.530831277558 1532.9509111108534
3139 4667.34650198487 3248.9935957025223
3140 4679.693003969741 3193.987191405044
3141 4704.386007939481 3083.974382810088
3142 4729.079011909222 2973.9615742151327
3143 4741.425513894092 2918.9551699176545
3144 4753.772015878962 2863.948765620177
3145 4766.118517863832 2808.942361322699
3146 4778.4650198487025 2753.935957025221
3147 4803.158023818442 2643.923148430265
3148 4815.504525803312 2588.9167441327872
3149 4840.197529773053 2478.9039355378313
3150 4687.674071939592 3253.5562350169603
3151 4712.367075909333 3143.543426422005
3152 4724.713577894203 3088.5370221245266
3153 4737.060079879073 3033.530617827049
3154 4761.753083848814 2923.517809232093
3155 4774.099585833684 2868.5114049346153
3156 4786.446087818554 2813.505000637137
3157 4798.792589803425 2758.4985963396593
3158 4835.8320957580345 2593.4793834472257
3159 4848.178597742905 2538.4729791497475
3160 4860.525099727775 2483.46657485227
3161 4695.655139909444 3313.125278628877
3162 4732.694645864055 3148.106065736443
3163 4745.041147848925 3093.099661438965
3164 4757.387649833795 3038.0932571414874
3165 4782.080653803536 2928.0804485465314
3166 4794.427155788406 2873.0740442490533
3167 4806.773657773276 2818.0676399515755
3168 4819.120159758147 2763.061235654098
3169 4831.466661743017 2708.0548313566196
3170 4843.813163727887 2653.048427059142
3171 4856.159665712757 2598.042022761664
3172 4880.852669682497 2488.0292141667082
3173 4893.199171667367 2433.02280986923
3174 4715.982709864166 3317.687917943315
3175 4728.329211849036 3262.681513645837
3176 4740.675713833906 3207.6751093483595
3177 4753.022215818777 3152.6687050508813
3178 4765.368717803647 3097.6623007534035
3179 4790.061721773387 2987.6494921584476
3180 4802.408223758258 2932.64308786097
3181 4814.754725743128 2877.6366835634917
3182 4839.447729712869 2767.6238749685363
3183 4851.794231697739 2712.617470671058
3184 4864.140733682609 2657.6110663735803
3185 4876.487235667479 2602.6046620761026
3186 4901.1802396372195 2492.5918534811467
3187 4913.5267416220895 2437.5854491836685
3188 4761.003283788628 3212.2377486627975
3189 4773.349785773499 3157.2313443653197
3190 4785.696287758369 3102.224940067842
3191 4810.389291728109 2992.212131472886
3192 4859.77529966759 2772.1865142829743
3193 4872.121801652461 2717.1801099854965
3194 4896.814805622201 2607.1673013905406
3195 4909.161307607072 2552.160897093063
3196 4921.507809591942 2497.1544927955847
3197 4756.6378497736105 3326.813196572192
3198 4768.98435175848 3271.806792274714
3199 4781.33085374335 3216.800387977236
3200 4806.023857713091 3106.78757938228
3201 4843.063363667702 2941.7683664898464
3202 4855.409865652572 2886.7619621923686
3203 4880.102869622312 2776.7491535974127
3204 4892.449371607183 2721.742749299935
3205 4904.795873592053 2666.736345002457
3206 4929.488877561793 2556.7235364075013
3207 4941.835379546664 2501.717132110023
3208 4776.965419728333 3331.3758358866303
3209 4814.004925682943 3166.3566229941966
3210 4826.351427667813 3111.3502186967185
3211 4838.697929652683 3056.3438143992407
3212 4851.044431637553 3001.3374101017625
3213 4863.390933622424 2946.331005804285
3214 4875.737435607294 2891.324601506807
3215 4888.083937592164 2836.318197209329
3216 4900.430439577034 2781.311792911851
3217 4925.123443546775 2671.2989843168953
3218 4937.469945531645 2616.2925800194175
3219 4962.162949501386 2506.2797714244616
3220 4974.509451486256 2451.2733671269834
3221 4834.3324956376655 3170.9192623086346
3222 4846.6789976225355 3115.912858011157
3223 4883.718503577146 2950.8936451187233
3224 4896.065005562016 2895.8872408212455
3225 4933.104511516627 2730.8680279288114
3226 4945.451013501497 2675.8616236313337
3227 4957.797515486367 2620.8552193338555
3228 4970.144017471237 2565.848815036378
3229 4982.490519456108 2510.8424107389
3230 4994.837021440978 2455.836006441422
3231 4817.620559637777 3340.5011145155067
3232 4829.967061622647 3285.494710218029
3233 4842.313563607517 3230.4883059205513
3234 4867.006567577258 3120.4754973255954
3235 4916.392575516738 2900.4498801356835
3236 4928.739077501608 2845.443475838206
3237 4953.432081471349 2735.43066724325
3238 4965.778583456219 2680.424262945772
3239 4978.125085441089 2625.417858648294
3240 4990.471587425959 2570.4114543508163
3241 4850.294631577369 3290.0573495324675
3242 4874.98763554711 3180.0445409375116
3243 4924.3736434865905 2960.0189237475997
3244 4936.7201454714605 2905.012519450122
3245 4949.06664745633 2850.0061151526443
3246 4998.452655395811 2629.9804979627324
3247 5023.145659365552 2519.967689367777
3248 4870.622201532091 3294.619988846906
3249 4882.968703516961 3239.6135845494277
3250 4895.315205501831 3184.60718025195
3251 4907.661707486702 3129.600775954472
3252 4920.008209471572 3074.594371656994
3253 4932.354711456442 3019.5879673595164
3254 4944.701213441313 2964.581563062038
3255 5043.473229320274 2524.530328682215
3256 5055.819731305144 2469.5239243847373
3257 4878.603269501943 3354.189032458822
3258 4903.296273471683 3244.176223863866
3259 4915.642775456553 3189.1698195663885
3260 4989.721787365775 2859.1313937815207
3261 5002.068289350645 2804.124989484043
3262 5051.454297290125 2584.099372294131
3263 4911.277341441535 3303.7452674757824
3264 4923.623843426405 3248.7388631783047
3265 4960.663349381016 3083.719650285871
3266 4997.702855335627 2918.700437393437
3267 5022.395859305367 2808.6876287984815
3268 5047.0888632751075 2698.6748202035255
3269 5059.4353652599775 2643.668415906048
3270 5084.128369229718 2533.655607311092
3271 5096.474871214588 2478.6492030136137
3272 4919.258409411387 3363.3143110876986
3273 4931.604911396257 3308.307906790221
3274 4956.297915365997 3198.295098195265
3275 4968.644417350868 3143.288693897787
3276 5018.030425290349 2923.2630767078754
3277 5055.06993124496 2758.2438638154417
3278 5067.41643322983 2703.2374595179635
3279 4951.932481350979 3312.8705461046593
3280 4964.278983335849 3257.864141807181
3281 4976.625485320719 3202.8577375097034
3282 5001.31848929046 3092.8449289147475
3283 5013.66499127533 3037.8385246172697
3284 5026.0114932602 2982.8321203197916
3285 5050.704497229941 2872.819311724836
3286 5075.397501199681 2762.80650312988
3287 5100.090505169422 2652.7936945349243
3288 5112.437007154292 2597.7872902374465
3289 4959.9135493208305 3372.4395897165755
3290 4972.260051305701 3317.4331854190978
3291 4984.606553290571 3262.4267811216196
3292 4996.953055275441 3207.420376824142
3293 5009.299557260312 3152.4139725266637
3294 5021.646059245182 3097.407568229186
3295 5033.992561230052 3042.401163931708
3296 5058.685565199793 2932.3883553367523
3297 5108.071573139274 2712.3627381468405
3298 5120.418075124144 2657.3563338493627
3299 5132.764577109014 2602.349929551885
3300 5157.457581078755 2492.337120956929
3301 4992.5876212604235 3321.9958247335358
3302 5017.280625230163 3211.9830161385803
3303 5029.627127215033 3156.976611841102
3304 5091.359637139385 2881.9445903537126
3305 5103.706139124255 2826.938186056235
3306 5140.745645078866 2661.918973163801
3307 5165.438649048606 2551.9061645688453
3308 5000.568689230275 3381.5648683454524
3309 5012.915191215146 3326.558464047974
3310 5025.2616932000155 3271.5520597504965
3311 5037.6081951848855 3216.5456554530183
3312 5062.301199154626 3106.532846858063
3313 5074.647701139496 3051.5264425605847
3314 5086.994203124366 2996.520038263107
3315 5111.687207094107 2886.507229668151
3316 5124.033709078977 2831.500825370673
3317 5148.726713048718 2721.4880167757174
3318 5161.073215033588 2666.481612478239
3319 5185.766219003328 2556.4688038832837
3320 5020.896259184997 3386.1275076598904
3321 5033.242761169868 3331.1211033624127
3322 5045.589263154738 3276.114699064935
3323 5070.282267124478 3166.101890469979
3324 5107.321773079088 3001.0826775775454
3325 5132.014777048829 2891.0698689825895
3326 5144.361279033699 2836.0634646851113
3327 5156.707781018569 2781.0570603876336
3328 5169.05428300344 2726.050656090156
3329 5181.40078498831 2671.0442517926776
3330 5218.440290942921 2506.025038900244
3331 5041.223829139719 3390.690146974329
3332 5053.57033112459 3335.683742676851
3333 5102.956339064071 3115.6581254869393
3334 5127.6493430338105 3005.6453168919834
3335 5139.9958450186805 2950.6389125945057
3336 5177.035350973291 2785.619699702072
3337 5189.381852958162 2730.6132954045943
3338 5201.728354943032 2675.606891107116
3339 5238.767860897643 2510.5876782146825
3340 5061.551399094441 3395.2527862887673
3341 5073.897901079312 3340.2463819912896
3342 5110.937407033922 3175.2271690988555
3343 5135.630411003663 3065.2143605039
3344 5147.976912988533 3010.207956206422
3345 5160.323414973403 2955.201551908944
3346 5172.6699169582735 2900.1951476114664
3347 5185.016418943143 2845.188743313988
3348 5209.709422912883 2735.1759347190323
3349 5222.055924897754 2680.1695304215546
3350 5246.748928867494 2570.1567218265986
3351 5081.878969049163 3399.8154256032058
3352 5094.225471034034 3344.8090213057276
3353 5118.918475003774 3234.796212710772
3354 5131.264976988644 3179.789808413294
3355 5168.304482943255 3014.7705955208603
3356 5192.997486912996 2904.7577869259044
3357 5217.6904908827355 2794.7449783309485
3358 5242.383494852476 2684.732169735993
3359 5254.729996837346 2629.725765438515
3360 5279.423000807086 2519.7129568435594
3361 5176.285550913107 3074.3396391327765
3362 5213.325056867718 2909.320426240343
3363 5225.671558852588 2854.314021942865
3364 5262.711064807198 2689.2948090504315
3365 5299.750570761809 2524.2755961579974
3366 5122.534108958607 3408.940704232082
3367 5134.880610943477 3353.9342999346045
3368 5171.920116898088 3188.915087042171
3369 5184.266618882959 3133.9086827446927
3370 5196.613120867829 3078.902278447215
3371 5208.959622852699 3023.895874149737
3372 5221.306124837569 2968.889469852259
3373 5245.99912880731 2858.876661257303
3374 5258.34563079218 2803.8702569598254
3375 5270.69213277705 2748.863852662347
3376 5295.3851367467905 2638.8510440673917
3377 5142.861678913329 3413.5033435465207
3378 5155.2081808982 3358.496939249043
3379 5192.24768685281 3193.4777263566093
3380 5204.594188837681 3138.471322059131
3381 5216.940690822551 3083.4649177616534
3382 5278.673200746902 2808.432896274264
3383 5303.366204716643 2698.420087679308
3384 5315.712706701513 2643.41368338183
3385 5328.059208686383 2588.407279084352
3386 5340.4057106712535 2533.4008747868743
3387 5163.189248868051 3418.065982860959
3388 5187.882252837792 3308.053174266003
3389 5200.228754822662 3253.0467699685255
3390 5212.575256807532 3198.0403656710473
3391 5224.921758792403 3143.0339613735696
3392 5261.961264747013 2978.014748481136
3393 5286.654268716754 2868.00193988618
3394 5299.000770701624 2812.9955355887023
3395 5336.040276656235 2647.9763226962687
3396 5360.733280625975 2537.9635141013127
3397 5183.5168188227735 3422.6286221753976
3398 5195.8633208076435 3367.6222178779194
3399 5208.209822792514 3312.6158135804417
3400 5220.556324777384 3257.609409282964
3401 5232.902826762254 3202.6030049854858
3402 5257.595830731995 3092.59019639053
3403 5269.942332716865 3037.583792093052
3404 5282.288834701735 2982.5773877955744
3405 5331.674842641216 2762.5517706056626
3406 5356.367846610957 2652.5389620107067
3407 5216.190890762366 3372.184857192358
3408 5240.8838947321065 3262.172048597402
3409 5265.576898701847 3152.1592400024465
3410 5290.269902671587 3042.1464314074906
3411 5339.655910611068 2822.1208142175788
3412 5352.002412595938 2767.114409920101
3413 5364.348914580809 2712.108005622623
3414 5224.171958732218 3431.753900804274
3415 5261.211464686829 3266.7346879118404
3416 5322.943974611179 2991.702666424451
3417 5335.290476596049 2936.696262126973
3418 5347.63697858092 2881.689857829495
3419 5384.67648453553 2716.6706449370613
3420 5409.369488505271 2606.657836342106
3421 5421.715990490141 2551.6514320446277
3422 5244.49952868694 3436.3165401187125
3423 5256.84603067181 3381.310135821235
3424 5281.539034641551 3271.297327226279
3425 5293.885536626421 3216.290922928801
3426 5343.271544565901 2996.2653057388893
3427 5355.618046550771 2941.2589014414116
3428 5405.004054490253 2721.2332842514998
3429 5417.350556475123 2666.2268799540216
3430 5442.043560444863 2556.214071359066
3431 5264.827098641662 3440.879179433151
3432 5277.173600626532 3385.8727751356732
3433 5289.520102611403 3330.866370838195
3434 5301.866604596273 3275.8599665407173
3435 5326.559608566013 3165.8471579457614
3436 5351.2526125357535 3055.8343493508055
3437 5363.5991145206235 3000.8279450533278
3438 5388.292118490364 2890.815136458372
3439 5400.638620475234 2835.808732160894
3440 5412.985122460104 2780.802327863416
3441 5462.371130399585 2560.7767106735046
3442 3660.0 643.0
3443 3774.3755237334803 286.9182122451471
3444 3831.5632856002203 108.8773183677207
3445 3888.7510474669602 -69.16357550970577
3446 3945.9388093337006 -247.20446938713224
3447 3688.2651820159685 652.0789394674805
3448 3745.4529438827085 474.038045590054
3449 3802.6407057494484 295.99715171262756
3450 3974.203991349669 -238.12552991965174
3451 3773.718125898677 483.1169850575345
3452 3830.905887765417 305.07609118010805
3453 3945.2814114988973 -51.00569657474489
3454 3801.9833079146456 492.19592452501496
3455 3859.1710697813855 314.1550306475885
3456 3916.3588316481255 136.11413677016208
3457 3973.546593514866 -41.92675710726439
3458 3773.0607280638737 679.3157578699219
3459 4001.811775530834 -32.8478176397839
3460 4058.9995373975744 -210.88871151721037
3461 3858.5136719465822 510.3538034599759
3462 3972.8891956800626 154.272015705123
3463 4030.0769575468025 -23.768878172303403
3464 4087.2647194135425 -201.80977204972987
3465 3886.778853962551 519.4327429274564
3466 3943.9666158292907 341.3918490500299
3467 4001.1543776960307 163.3509551726035
3468 4058.342139562771 -14.689938704823021
3469 4115.5299014295115 -192.7308325822495
3470 3857.856274111779 706.5525762723632
3471 3972.2317978452593 350.47078851751036
3472 4143.79508344548 -183.651893114769
3473 3943.3092179944874 537.5906218624173
3474 4000.496979861228 359.54972798499085
3475 4057.684741727968 181.50883410756444
3476 4172.060265461448 -174.5729536472885
3477 3971.574400010456 546.6695613298978
3478 4143.137685610676 12.546879697618465
3479 4200.325447477417 -165.494014179808
3480 3999.8395820264245 555.7485007973783
3481 4114.215105759905 199.66671304252537
3482 4171.402867626644 21.625819165098846
3483 3970.9170021756527 742.8683341422851
3484 4085.292525909133 386.7865463874322
3485 4142.480287775873 208.7456525100058
3486 4199.668049642613 30.704758632579342
3487 4256.855811509353 -147.33613524484713
3488 4056.369946058361 573.9063797323391
3489 4170.745469791842 217.8245919774863
3490 4227.9332316585815 39.78369810005984
3491 4285.120993525322 -138.25719577736663
3492 4027.4473662075898 761.026213077246
3493 4256.1984136745505 48.86263756754033
3494 4055.712548223558 770.1051525447265
3495 4112.900310090298 592.0642586673
3496 4284.463595690519 57.941577035020714
3497 4141.165492106266 601.1431981347805
3498 4198.353253973007 423.1023042573541
3499 4312.728777706487 67.02051650250121
3500 4369.916539573227 -111.02037737492526
3501 4112.242912255495 788.2630314796875
3502 4226.618435988975 432.18124372483453
3503 4283.806197855715 254.14034984740817
3504 4340.993959722456 76.0994559699817
3505 4398.181721589195 -101.94143790744477
3506 1228.0 2394.0
3507 1153.590647542207 2409.206940418606
3508 1128.787530056276 2414.2759205581415
3509 1054.378177598483 2429.4828609767474
3510 1029.575060112552 2434.551841116283
3511 1004.771942626621 2439.620821255818
3512 905.559472682897 2459.8967418139596
3513 880.756355196966 2464.9657219534947
3514 831.1501202251039 2475.1036822325655
3515 781.5438852532419 2485.241642511636
3516 731.93765028138 2495.379602790707
3517 682.3314153095179 2505.5175630697777
3518 657.528297823587 2510.586543209313
3519 632.7251803376558 2515.6555233488484
3520 607.922062851725 2520.7245034883836
3521 583.1189453657938 2525.793483627919
3522 558.3158278798629 2530.8624637674543
3523 533.5127103939319 2535.93144390699
3524 508.7095929080009 2541.000424046525
3525 483.9064754220699 2546.0694041860606
3526 459.1033579361389 2551.138384325596
3527 384.69400547834584 2566.3453247442017
3528 359.89088799241483 2571.4143048837373
3529 335.0877705064838 2576.4832850232724
3530 310.2846530205528 2581.552265162808
3531 285.4815355346219 2586.621245302343
3532 1219.8906856187682 2354.3201685957924
3533 1170.2844506469062 2364.458128874863
3534 1145.4813331609753 2369.5271090143983
3535 1095.8750981891133 2379.665069293469
3536 1071.0719807031824 2384.734049433004
3537 1046.2688632172512 2389.80302957254
3538 971.8595107594583 2405.0099699911457
3539 897.4501583016652 2420.216910409752
3540 872.6470408157343 2425.285890549287
3541 847.8439233298033 2430.3548706888223
3542 798.2376883579412 2440.492830967893
3543 773.4345708720102 2445.5618111074286
3544 748.6314533860793 2450.630791246964
3545 699.0252184142172 2460.7687515260345
3546 674.2221009282862 2465.83773166557
3547 649.4189834423553 2470.9067118051053
3548 624.6158659564242 2475.975691944641
3549 550.2065134986312 2491.1826323632467
3550 500.6002785267692 2501.3205926423175
3551 450.9940435549072 2511.458552921388
3552 426.1909260689762 2516.5275330609234
3553 401.3878085830453 2521.596513200459
3554 326.97845612525214 2536.803453619065
3555 277.3722211533902 2546.9414138981356
3556 1211.7813712375366 2314.6403371915844
3557 1186.9782537516055 2319.70931733112
3558 1162.1751362656746 2324.778297470655
3559 1137.3720187797435 2329.8472776101908
3560 1062.9626663219506 2345.0542180287966
3561 1038.1595488360194 2350.1231981683322
3562 1013.3564313500885 2355.1921783078674
3563 988.5533138641575 2360.2611584474025
3564 938.9470788922955 2370.3991187264733
3565 839.7346089485716 2390.6750392846147
3566 765.3252564907784 2405.881979703221
3567 740.5221390048475 2410.950959842756
3568 690.9159040329855 2421.088920121827
3569 666.1127865470545 2426.157900261362
3570 641.3096690611236 2431.2268804008977
3571 616.5065515751925 2436.295860540433
3572 591.7034340892616 2441.3648406799684
3573 542.0971991173996 2451.502800959039
3574 492.49096414553753 2461.6407612381095
3575 418.0816116877445 2476.847701656716
3576 393.2784942018136 2481.916681796251
3577 368.4753767158825 2486.9856619357865
3578 269.26290677215854 2507.261582493928
3579 1154.0658218844428 2285.0984660664476
3580 1079.65646942665 2300.3054064850535
3581 955.6408819969948 2325.6503071827306
3582 930.8377645110638 2330.7192873222657
3583 906.0346470251328 2335.788267461801
3584 881.2315295392018 2340.8572476013364
3585 806.8221770814089 2356.0641880199423
3586 782.0190595954778 2361.133168159478
3587 707.6097071376848 2376.340108578084
3588 682.8065896517537 2381.4090887176194
3589 658.0034721658227 2386.4780688571545
3590 633.2003546798918 2391.5470489966897
3591 533.9878847361678 2411.822969554831
3592 509.18476725023675 2416.8919496943668
3593 459.5785322783747 2427.0299099734375
3594 409.9722973065127 2437.1678702525082
3595 360.3660623346507 2447.3058305315785
3596 335.56294484871967 2452.374810671114
3597 310.75982736278866 2457.4437908106493
3598 285.95670987685764 2462.512770950185
3599 261.15359239092675 2467.58175108972
3600 1195.5627424750733 2235.2806743831693
3601 1121.1533900172801 2250.487614801775
3602 1071.547155045418 2260.625575080846
3603 1021.9409200735562 2270.7635353599167
3604 947.5315676157632 2285.9704757785225
3605 922.728450129832 2291.039455918058
3606 873.12221515797 2301.177416197129
3607 848.3190976720391 2306.246396336664
3608 798.7128627001771 2316.3843566157348
3609 773.9097452142461 2321.45333675527
3610 724.3035102423842 2331.5912970343406
3611 649.894157784591 2346.798237452947
3612 625.0910402986601 2351.867217592482
3613 575.4848053267981 2362.005177871553
3614 550.681687840867 2367.074158011088
3615 525.8785703549361 2372.1431381506236
3616 476.27233538307405 2382.2810984296943
3617 451.46921789714304 2387.3500785692295
3618 426.666100411212 2392.419058708765
3619 352.256747953419 2407.625999127371
3620 327.453630467488 2412.6949792669066
3621 277.84739549562596 2422.832939545977
3622 1187.4534280938415 2195.6008429789613
3623 1113.0440756360485 2210.8077833975676
3624 1088.2409581501174 2215.8767635371028
3625 1063.4378406641865 2220.9457436766384
3626 1038.6347231782554 2226.0147238161735
3627 989.0284882063934 2236.1526840952442
3628 840.2097832908074 2266.5665649324565
3629 790.6035483189454 2276.704525211527
3630 765.8004308330144 2281.7735053510623
3631 740.9973133470834 2286.842485490598
3632 716.1941958611524 2291.911465630133
3633 691.3910783752215 2296.980445769668
3634 666.5879608892903 2302.049425909204
3635 641.7848434033593 2307.118406048739
3636 616.9817259174284 2312.1873861882746
3637 542.5723734596353 2327.3943266068804
3638 517.7692559737044 2332.463306746416
3639 492.9661384877734 2337.532286885951
3640 443.35990351591136 2347.670247165022
3641 393.75366854404933 2357.8082074440927
3642 368.95055105811844 2362.877187583628
3643 344.1474335721873 2367.9461677231634
3644 319.3443160862563 2373.0151478626985
3645 294.5411986003253 2378.084128002234
3646 269.7380811143943 2383.1531081417693
3647 244.93496362846338 2388.222088281305
3648 1154.5409962266788 2160.9899917142893
3649 1129.7378787407479 2166.0589718538245
3650 1055.3285262829547 2181.2659122724303
3651 956.1160563392307 2201.541832830572
3652 931.3129388532998 2206.6108129701074
3653 856.9035863955066 2221.8177533887133
3654 757.6911164517827 2242.093673946855
3655 732.8879989658517 2247.16265408639
3656 683.2817639939897 2257.3006143654607
3657 633.6755290221276 2267.4385746445314
3658 584.0692940502656 2277.576534923602
3659 559.2661765643347 2282.6455150631373
3660 534.4630590784036 2287.714495202673
3661 509.6599415924727 2292.783475342208
3662 435.2505891346797 2307.9904157608144
3663 410.44747164874866 2313.0593959003495
3664 385.64435416281765 2318.128376039885
3665 336.0381191909556 2328.266336318956
3666 286.4318842190936 2338.404296598026
3667 1171.234799331378 2116.241180170546
3668 1146.431681845447 2121.3101603100813
3669 1121.628564359516 2126.379140449617
3670 1096.825446873585 2131.448120589152
3671 1072.022329387654 2136.517100728687
3672 1047.2192119017232 2141.586080868223
3673 1022.416094415792 2146.6550610077584
3674 948.006741957999 2161.8620014263643
3675 923.203624472068 2166.9309815658994
3676 898.400506986137 2171.999961705435
3677 873.597389500206 2177.06894184497
3678 823.9911545283439 2187.206902124041
3679 749.581802070551 2202.413842542647
3680 675.172449612758 2217.620782961253
3681 625.566214640896 2227.758743240324
3682 600.7630971549651 2232.827723379859
3683 575.9599796690339 2237.8967035193946
3684 526.3537446971719 2248.0346637984653
3685 451.944392239379 2263.241604217071
3686 427.141274753448 2268.3105843566063
3687 402.338157267517 2273.379564496142
3688 377.53503978158597 2278.448544635677
3689 303.12568732379293 2293.6554850542834
3690 278.3225698378619 2298.7244651938186
3691 253.5194523519309 2303.7934453333537
3692 228.716334866 2308.8624254728893
3693 1138.3223674642154 2081.6303289058737
3694 1113.5192499782843 2086.699309045409
3695 1063.9130150064223 2096.8372693244796
3696 1039.1098975204914 2101.906249464015
3697 964.7005450626983 2117.113189882621
3698 939.8974275767673 2122.1821700221562
3699 890.2911926049053 2132.320130301227
3700 865.4880751189743 2137.3891104407626
3701 815.8818401471124 2147.5270707198333
3702 791.0787226611812 2152.5960508593685
3703 766.2756051752503 2157.665030998904
3704 741.4724876893192 2162.734011138439
3705 716.6693702033883 2167.802991277975
3706 691.8662527174573 2172.87197141751
3707 667.0631352315263 2177.940951557045
3708 642.2600177455952 2183.0099316965807
3709 543.0475478018712 2203.285852254722
3710 518.2444303159401 2208.3548323942573
3711 493.4413128300092 2213.423812533793
3712 443.8350778581472 2223.5617728128636
3713 419.0319603722162 2228.630752952399
3714 344.62260791442327 2243.8376933710047
3715 319.81949042849214 2248.9066735105403
3716 295.01637294256113 2253.9756536500754
3717 220.6070204847682 2269.1825940686817
3718 3481.753558489631 2584.7809025349793
3719 3431.260675468893 2494.3427076049375
3720 3406.014233958524 2449.1236101399168
3721 3380.7677924481554 2403.9045126748956
3722 3355.5213509377863 2358.685415209875
3723 3305.0284679170486 2268.247220279833
3724 3254.535584896311 2177.809025349791
3725 3229.2891433859418 2132.5899278847705
3726 3204.0427018755727 2087.37083041975
3727 3178.796260365204 2042.151732954729
3728 3153.549818854835 1996.932635489708
3729 3128.303377344466 1951.7135380246873
3730 3077.810494323728 1861.2753430946455
3731 3052.5640528133595 1816.0562456296248
3732 3027.3176113029904 1770.8371481646038
3733 3493.178702118578 2519.0875567719154
3734 3417.439377587471 2383.4302643768524
3735 3392.192936077102 2338.2111669118317
3736 3341.700053056364 2247.77297198179
3737 3316.4536115459955 2202.553874516769
3738 3190.221403994151 1976.4583871916648
3739 3164.974962483782 1931.239289726644
3740 3114.482079463044 1840.8010947966025
3741 3089.235637952675 1795.5819973315815
3742 3063.989196442306 1750.3628998665608
3743 3580.3431702786315 2589.051503403914
3744 3555.0967287682624 2543.832405938893
3745 3529.8502872578933 2498.613308473872
3746 3428.864521216418 2317.7369186137885
3747 3403.618079706049 2272.517821148768
3748 3302.6323136645733 2091.6414312886845
3749 3252.139430643835 2001.2032363586427
3750 3226.8929891334665 1955.9841388936218
3751 3176.4001061127283 1865.5459439635802
3752 3591.768313907578 2523.3581576408496
3753 3566.5218723972093 2478.139060175829
3754 3541.2754308868402 2432.9199627108082
3755 3516.028989376471 2387.700865245787
3756 3465.5361063557334 2297.2626703157457
3757 3440.2896648453648 2252.0435728507246
3758 3389.7967818246266 2161.605377920683
3759 3364.550340314258 2116.386280455662
3760 3339.303898803889 2071.1671829906413
3761 3288.811015783151 1980.7289880605995
3762 3238.3181327624134 1890.2907931305579
3763 3213.0716912520443 1845.071695665537
3764 3187.825249741675 1799.8525982005162
3765 3162.5788082313065 1754.6335007354953
3766 3628.439899046894 2502.883909342807
3767 3552.700574515787 2367.2266169477443
3768 3527.454133005418 2322.007519482723
3769 3476.9612499846803 2231.569324552682
3770 3451.714808474311 2186.3502270876606
3771 3401.2219254535735 2095.9120321576193
3772 3375.9754839432044 2050.692934692598
3773 3325.4826009224666 1960.2547397625565
3774 3300.2361594120975 1915.0356422975356
3775 3199.250393370622 1734.1592524374523
3776 3690.3579256965786 2527.6287585097843
3777 3614.618601165472 2391.971466114722
3778 3513.632835123996 2211.0950762546386
3779 3488.386393613627 2165.875978789618
3780 3437.893510592889 2075.437783859576
3781 3362.154186061782 1939.7804914645135
3782 3311.6613030410444 1849.3422965344716
3783 3210.675536999569 1668.4659066743884
3784 3727.029510835894 2507.1545102117416
3785 3701.783069325525 2461.9354127467204
3786 3676.5366278151564 2416.7163152816997
3787 3651.2901863047873 2371.497217816679
3788 3626.043744794418 2326.278120351658
3789 3575.5508617736805 2235.8399254216165
3790 3550.304420263312 2190.6208279565953
3791 3499.8115372425736 2100.182633026554
3792 3449.318654221836 2009.744438096512
3793 3424.072212711467 1964.5253406314912
3794 3398.825771201098 1919.3062431664703
3795 3373.579329690729 1874.0871457014496
3796 3348.33288818036 1828.8680482364286
3797 3323.0864466699913 1783.6489507714077
3798 3297.8400051596223 1738.429853306387
3799 3247.3471221388845 1647.9916583763452
3800 3738.454654464841 2441.4611644486777
3801 3687.961771444103 2351.022969518636
3802 3612.2224469129965 2215.3656771235733
3803 3586.9760054026274 2170.1465796585526
3804 3561.7295638922583 2124.9274821935314
3805 3511.2366808715205 2034.4892872634898
3806 3485.9902393611515 1989.270189798469
3807 3385.004473319676 1808.3937999383857
3808 3284.0187072782 1627.5174100783022
3809 3800.3726811145257 2466.206013615655
3810 3749.8797980937875 2375.7678186856137
3811 3724.633356583419 2330.5487212205926
3812 3674.1404735626807 2240.110526290551
3813 3648.894032052312 2194.89142882553
3814 3623.647590541943 2149.6723313605094
3815 3598.4011490315743 2104.4532338954887
3816 3573.154707521205 2059.2341364304675
3817 3547.908266010836 2014.0150389654468
3818 3522.6618245004674 1968.795941500426
3819 3472.1689414797293 1878.3577465703843
3820 3446.9224999693606 1833.1386491053631
3821 3421.6760584589915 1787.9195516403424
3822 3320.690292417516 1607.0431617802592
3823 3837.044266253841 2445.7317653176124
3824 3811.797824743472 2400.512667852591
3825 3761.3049417227344 2310.07447292255
3826 3710.8120587019966 2219.636277992508
3827 3685.5656171916276 2174.417180527487
3828 3609.8262926605207 2038.7598881324245
3829 3584.579851150152 1993.5407906674036
3830 3534.086968129414 1903.1025957373618
3831 3508.8405266190452 1857.883498272341
3832 3458.3476435983075 1767.4453033422992
3833 3433.1012020879384 1722.2262058772785
3834 3407.8547605775693 1677.0071084122578
3835 3382.6083190672007 1631.7880109472367
3836 3357.3618775568316 1586.568913482216
3837 3873.7158513931568 2425.257517019569
3838 3848.469409882788 2380.0384195545485
3839 3772.7300853516813 2244.381127159486
3840 3646.4978777998367 2018.2856398343815
3841 3621.2514362894676 1973.0665423693604
3842 3596.0049947790985 1927.8474449043397
3843 3545.512111758361 1837.4092499742978
3844 3520.2656702479917 1792.1901525092771
3845 3495.019228737623 1746.9710550442562
3846 3469.772787227254 1701.7519575792353
3847 3444.5263457168853 1656.5328601142146
3848 3394.033462696147 1566.094665184173
3849 3885.1409950221037 2359.5641712565052
3850 3859.8945535117346 2314.345073791484
3851 3834.648112001366 2269.1259763264634
3852 3809.401670490997 2223.9068788614427
3853 3784.1552289806277 2178.6877813964215
3854 3708.4159044495213 2043.030489001359
3855 3657.923021428783 1952.5922940713174
3856 3607.4301384080454 1862.1540991412758
3857 3582.1836968976763 1816.9350016762548
3858 3506.44437236657 1681.2777092811923
3859 3481.197930856201 1636.0586118161714
3860 3947.0590216717883 2384.3090204234827
3861 3820.8268141199437 2158.2135330983783
3862 3795.5803726095746 2112.9944356333576
3863 3770.333931099206 2067.775338168337
3864 3719.841048078468 1977.337143238295
3865 3694.594606568099 1932.1180457732744
3866 3644.101723547361 1841.6798508432325
3867 3618.8552820369923 1796.4607533782118
3868 3568.362399016254 1706.02255844817
3869 3543.1159575058855 1660.8034609831493
3870 3492.6230744851478 1570.3652660531075
3871 3467.3766329747787 1525.1461685880868
3872 3983.730606811104 2363.83477212544
3873 3958.484165300735 2318.615674660419
3874 3933.237723790366 2273.396577195398
3875 3907.991282279997 2228.177479730377
3876 3882.7448407696284 2182.9583822653562
3877 3857.4983992592593 2137.7392848003356
3878 3832.25195774889 2092.5201873353144
3879 3807.0055162385215 2047.3010898702937
3880 3781.7590747281524 2002.081992405273
3881 3731.2661917074147 1911.6437974752312
3882 3706.0197501970456 1866.4247000102105
3883 3680.773308686677 1821.2056025451895
3884 3579.787542645201 1640.329212685106
3885 3554.5411011348324 1595.1101152200854
3886 4020.40219195042 2343.3605238273967
3887 3995.1557504400507 2298.1414263623756
3888 3944.662867419313 2207.703231432334
3889 3894.1699843985753 2117.2650365022923
3890 3868.923542888206 2072.0459390372716
3891 3843.677101377837 2026.8268415722507
3892 3793.1842183570993 1936.388646642209
3893 3767.9377768467302 1891.1695491771882
3894 3742.6913353363616 1845.9504517121673
3895 3717.4448938259925 1800.7313542471463
3896 3666.9520108052548 1710.2931593171047
3897 3616.459127784517 1619.854964387063
3898 3565.966244763779 1529.4167694570212
3899 3540.71980325341 1484.1976719920006
3900 4057.0737770897354 2322.8862755293535
3901 4031.8273355793663 2277.667178064333
3902 4006.5808940689976 2232.4480805993117
3903 3981.3344525586285 2187.228983134291
3904 3930.841569537891 2096.790788204249
3905 3905.5951280275217 2051.5716907392284
3906 3880.3486865171526 2006.3525932742075
3907 3855.102245006784 1961.1334958091868
3908 3779.362920475677 1825.476203414124
3909 3728.8700374549394 1735.0380084840824
3910 3703.6235959445703 1689.8189110190615
3911 4093.745362229051 2302.4120272313103
3912 4043.252479208313 2211.973832301269
3913 4018.006037697944 2166.7547348362477
3914 3992.7595961875754 2121.535637371227
3915 3967.5131546772063 2076.3165399062063
3916 3942.2667131668377 2031.0974424411854
3917 3891.7738301460995 1940.6592475111438
3918 3866.527388635731 1895.4401500461229
3919 3790.788064104624 1759.78285765106
3920 3740.295181083886 1669.3446627210185
3921 3689.802298063148 1578.9064677909769
3922 3664.555856552779 1533.6873703259562
3923 3639.3094150424104 1488.468272860935
3924 4130.416947368367 2281.9377789332675
3925 4105.170505857997 2236.7186814682464
3926 4079.9240643476287 2191.4995840032257
3927 4029.431181326891 2101.061389073184
3928 4004.184739816522 2055.842291608163
3929 3928.4454152854155 1920.1849992131006
3930 3852.7060907543087 1784.527706818038
3931 3827.4596492439396 1739.3086093530171
3932 3802.213207733571 1694.0895118879962
3933 3776.966766223202 1648.8704144229755
3934 3726.473883202464 1558.4322194929337
3935 3650.7345586713573 1422.7749270978711
3936 4141.842090997314 2216.2444331702036
3937 4066.102766466207 2080.587140775141
3938 4015.6098834454688 1990.1489458450992
3939 3990.3634419351 1944.9298483800783
3940 3939.870558914362 1854.4916534500367
3941 3889.377675893624 1764.0534585199948
3942 3864.131234383255 1718.8343610549741
3943 3838.8847928728865 1673.6152635899532
3944 3788.3919098521483 1583.1770686599116
3945 3712.652585321042 1447.519776264849
3946 3687.406143810673 1402.3006787998281
3947 4203.760117646998 2240.989282337181
3948 4178.513676136629 2195.7701848721604
3949 4128.020793115891 2105.3319899421185
3950 4102.7743516055225 2060.112892477098
3951 4077.5279100951534 2014.893795012077
3952 4052.2814685847843 1969.674697547056
3953 3976.5421440536775 1834.0174051519934
3954 3951.295702543309 1788.7983076869727
3955 3926.0492610329397 1743.5792102219518
3956 3900.802819522571 1698.360112756931
3957 3875.556378012202 1653.1410152919102
3958 3850.309936501833 1607.921917826889
3959 3799.817053481095 1517.4837228968477
3960 3774.5706119707265 1472.2646254318267
3961 3749.3241704603574 1427.0455279668058
3962 3724.0777289499883 1381.8264305017851
3963 4215.185261275945 2175.295936574117
3964 4164.692378255207 2084.8577416440758
3965 4139.445936744838 2039.6386441790546
3966 4114.199495234469 1994.419546714034
3967 4063.706612213731 1903.981351783992
3968 4038.4601707033626 1858.7622543189714
3969 4013.2137291929935 1813.5431568539504
3970 3937.4744046618866 1677.885864458888
3971 3836.488638620411 1497.0094745988044
3972 3811.242197110042 1451.7903771337837
3973 4251.85684641526 2154.8216882760744
3974 4201.363963394522 2064.3834933460325
3975 4100.378197353047 1883.507103485949
3976 4049.885314332309 1793.0689085559075
3977 3999.3924313115713 1702.6307136258656
3978 3948.8995482908335 1612.192518695824
3979 3898.406665270096 1521.7543237657821
3980 3873.1602237597267 1476.5352263007615
3981 3847.9137822493576 1431.3161288357405
3982 3822.667340738989 1386.0970313707196
3983 3797.42089922862 1340.877933905699
3984 1289.0 823.0
3985 1269.6692241838657 812.3995386276921
3986 1250.3384483677312 801.7990772553843
3987 1231.007672551597 791.1986158830764
3988 1153.6845692870593 748.7967703938449
3989 1134.3537934709248 738.196309021537
3990 1115.0230176547905 727.5958476492292
3991 1095.6922418386562 716.9953862769213
3992 1076.3614660225217 706.3949249046134
3993 1057.0306902063874 695.7944635323055
3994 960.3768111257153 642.7921566707662
3995 941.0460353095809 632.1916952984583
3996 921.7152594934465 621.5912339261504
3997 863.7229320450433 589.7898498092268
3998 825.0613804127746 568.5889270646111
3999 767.0690529643714 536.7875429476874
4000 747.738277148237 526.1870815753796
4001 709.0767255159682 504.98615883076377
4002 689.7459496998339 494.3856974584559
4003 670.4151738836995 483.7852360861481
4004 651.0843980675651 473.18477471384017
4005 631.7536222514307 462.5843133415323
4006 612.4228464352963 451.9838519692245
4007 593.092070619162 441.38339059691657
4008 573.7612948030276 430.7829292246087
4009 554.430518986893 420.1824678523008
4010 477.10741572235554 377.7806223630693
4011 1225.227352248779 755.8878321451115
4012 1205.8965764326445 745.2873707728036
4013 1167.2350248003756 724.0864480281879
4014 1147.9042489842413 713.48598665588
4015 1128.5734731681068 702.8855252835722
4016 1109.2426973519725 692.2850639112643
4017 1089.9119215358382 681.6846025389564
4018 1070.5811457197037 671.0841411666485
4019 1031.919594087435 649.8832184220328
4020 954.5964908228975 607.4813729328013
4021 896.6041633744942 575.6799888158777
4022 857.9426117422255 554.479066071262
4023 799.9502842938223 522.6776819543384
4024 761.2887326615535 501.4767592097225
4025 741.9579568454191 490.87629783741465
4026 722.6271810292847 480.27583646510675
4027 683.965629397016 459.07491372049105
4028 664.6348535808816 448.47445234818315
4029 645.3040777647471 437.8739909758753
4030 587.311750316344 406.0726068589517
4031 567.9809745002095 395.4721454866438
4032 548.6501986840751 384.8716841143359
4033 490.657871235672 353.0702999974123
4034 471.3270954195376 342.46983862510444
4035 1316.100911026633 773.579355268686
4036 1296.7701352104984 762.978893896378
4037 1258.1085835782296 741.7779711517624
4038 1238.7778077620953 731.1775097794545
4039 1180.7854803136922 699.3761256625309
4040 1161.4547044975577 688.775664290223
4041 1142.1239286814234 678.1752029179152
4042 1122.793152865289 667.5747415456073
4043 1084.1316012330203 646.3738188009914
4044 1064.8008254168858 635.7733574286837
4045 1006.8084979684827 603.9719733117599
4046 968.1469463362139 582.7710505671442
4047 948.8161705200794 572.1705891948363
4048 929.4853947039451 561.5701278225285
4049 910.1546188878107 550.9696664502205
4050 852.1622914394075 519.1682823332969
4051 813.5007398071388 497.9673595886813
4052 794.1699639910044 487.36689821637333
4053 774.83918817487 476.7664368440655
4054 755.5084123587355 466.16597547175763
4055 716.8468607264668 444.9650527271419
4056 697.5160849103324 434.36459135483403
4057 678.185309094198 423.76412998252613
4058 639.5237574619292 402.56320723791043
4059 620.1929816457949 391.9627458656025
4060 600.8622058296605 381.3622844932947
4061 562.2006541973916 360.16136174867887
4062 542.8698783812573 349.560900376371
4063 523.5391025651229 338.9604390040632
4064 504.2083267489885 328.35997763175527
4065 484.8775509328541 317.7595162594474
4066 1310.320590723815 738.268571530721
4067 1290.9898149076805 727.6681101584131
4068 1271.6590390915462 717.0676487861053
4069 1252.3282632754117 706.4671874137974
4070 1194.3359358270086 674.6658032968738
4071 1136.3436083786055 642.8644191799501
4072 1097.6820567463367 621.6634964353344
4073 1078.3512809302024 611.0630350630265
4074 1039.6897292979334 589.8621123184108
4075 981.6974018495304 558.0607282014872
4076 962.3666260333958 547.4602668291793
4077 943.0358502172616 536.8598054568715
4078 904.3742985849927 515.6588827122557
4079 885.0435227688583 505.05842133994787
4080 788.3896436881863 452.05611447840846
4081 749.7280920559175 430.8551917337927
4082 691.7357646075144 399.0538076168691
4083 672.40498879138 388.45334624456126
4084 653.0742129752456 377.8528848722534
4085 633.7434371591113 367.2524234999455
4086 614.4126613429769 356.65196212763766
4087 575.751109710708 335.45103938302185
4088 537.0895580784393 314.25011663840615
4089 517.7587822623049 303.6496552660982
4090 1343.201822053266 724.1587105373719
4091 1304.540270420997 702.9577877927561
4092 1227.2171671564595 660.5559423035247
4093 1207.886391340325 649.9554809312168
4094 1188.5556155241907 639.3550195589089
4095 1169.2248397080564 628.7545581866011
4096 1130.5632880757876 607.5536354419853
4097 1091.9017364435188 586.3527126973695
4098 1033.9094089951154 554.5513285804459
4099 995.2478573628468 533.3504058358302
4100 975.9170815467123 522.7499444635223
4101 956.586305730578 512.1494830912145
4102 937.2555299144435 501.54902171890654
4103 879.2632024660404 469.74763760198294
4104 859.9324266499061 459.1471762296751
4105 840.6016508337716 448.54671485736725
4106 763.278547569234 406.1448693681357
4107 724.6169959369653 384.94394662352
4108 705.2862201208309 374.3434852512121
4109 685.9554443046965 363.74302387890424
4110 589.3015652240244 310.7407170173648
4111 569.9707894078902 300.140255645057
4112 550.6400135917557 289.5397942727491
4113 531.3092377756213 278.9393329004412
4114 511.97846195948694 268.3388715281334
4115 1356.7522775665823 699.4483881717149
4116 1337.4215017504478 688.847926799407
4117 1318.0907259343135 678.2474654270991
4118 1279.4291743020447 657.0465426824834
4119 1260.0983984859104 646.4460813101755
4120 1240.7676226697758 635.8456199378677
4121 1221.4368468536416 625.2451585655598
4122 1202.106071037507 614.6446971932519
4123 1124.7829677729696 572.2428517040204
4124 1105.4521919568351 561.6423903317125
4125 1008.7983128761632 508.6400834701732
4126 950.80598542776 476.8386993532495
4127 931.4752096116256 466.2382379809417
4128 912.1444337954913 455.6377766086338
4129 892.8136579793569 445.0373152363259
4130 854.1521063470881 423.8363924917102
4131 815.4905547148193 402.6354697470944
4132 796.1597788986849 392.03500837478657
4133 776.8290030825505 381.43454700247867
4134 738.1674514502818 360.23362425786297
4135 718.8366756341474 349.63316288555507
4136 699.505899818013 339.0327015132472
4137 641.5135723696098 307.23131739632356
4138 583.5212449212066 275.42993327939996
4139 544.8596932889378 254.22901053478415
4140 525.5289174728034 243.62854916247636
4141 1370.3027330798986 674.7380658060579
4142 1350.9719572637644 664.13760443375
4143 1331.6411814476298 653.5371430614421
4144 1312.3104056314955 642.9366816891343
4145 1292.979629815361 632.3362203168264
4146 1254.3180781830924 611.1352975722107
4147 1215.6565265508236 589.9343748275949
4148 1176.9949749185548 568.733452082979
4149 1119.0026474701517 536.9320679660555
4150 1099.6718716540172 526.3316065937477
4151 1080.3410958378827 515.7311452214398
4152 1061.0103200217484 505.13068384913186
4153 983.6872167572109 462.72883835990035
4154 925.6948893088077 430.92745424297675
4155 906.3641134926734 420.3269928706689
4156 887.033337676539 409.72653149836106
4157 867.7025618604046 399.12607012605315
4158 848.37178604427 388.52560875374525
4159 829.0410102281357 377.92514738143734
4160 809.7102344120012 367.32468600912955
4161 771.0486827797326 346.12376326451374
4162 751.7179069635981 335.52330189220595
4163 693.725579515195 303.72191777528235
4164 655.0640278829262 282.52099503066654
4165 577.7409246183886 240.11914954143504
4166 558.4101488022543 229.51868816912713
4167 539.0793729861198 218.91822679681934
4168 1383.8531885932152 650.0277434404009
4169 1364.5224127770807 639.427282068093
4170 1345.1916369609464 628.826820695785
4171 1325.860861144812 618.2263593234773
4172 1306.5300853286776 607.6258979511693
4173 1287.199309512543 597.0254365788614
4174 1248.5377578802745 575.8245138342456
4175 1229.20698206414 565.2240524619378
4176 1209.8762062480057 554.6235910896299
4177 1171.214654615737 533.4226683450142
4178 1132.553102983468 512.2217456003984
4179 1113.2223271673338 501.6212842280906
4180 1074.560775535065 480.42036148347484
4181 1055.2299997189305 469.819900111167
4182 1035.8992239027962 459.21943873885914
4183 997.2376722705274 438.01851599424333
4184 977.906896454393 427.4180546219355
4185 900.5837931898554 385.01620913270403
4186 881.253017373721 374.41574776039613
4187 861.9222415575866 363.8152863880882
4188 842.5914657414521 353.2148250157803
4189 803.9299141091833 332.0139022711646
4190 726.6068108446458 289.6120567819331
4191 649.2837075801082 247.21021129270162
4192 591.2913801317051 215.40882717577801
4193 552.6298284994363 194.20790443116232
4194 1397.4036441065316 625.3174210747438
4195 1339.4113166581285 593.5160369578202
4196 1320.080540841994 582.9155755855123
4197 1300.7497650258597 572.3151142132044
4198 1281.4189892097252 561.7146528408966
4199 1223.426661761322 529.9132687239729
4200 1126.7727826806502 476.91096186243357
4201 1068.7804552322468 445.10957774550997
4202 1049.4496794161125 434.5091163732021
4203 1030.1189035999782 423.9086550008942
4204 1010.7881277838437 413.3081936285863
4205 972.1265761515749 392.1072708839706
4206 952.7958003354406 381.5068095116627
4207 933.4650245193062 370.90634813935486
4208 914.1342487031718 360.305886767047
4209 894.8034728870375 349.7054253947391
4210 875.472697070903 339.1049640224312
4211 856.1419212547686 328.5045026501233
4212 817.4803696224998 307.3035799055076
4213 798.1495938063655 296.7031185331997
4214 778.8188179902311 286.1026571608919
4215 740.1572663579623 264.9017344162761
4216 720.8264905418279 254.3012730439683
4217 682.1649389095592 233.1003502993525
4218 643.5033872772902 211.8994275547367
4219 624.172611461156 201.2989661824289
4220 566.1802840127527 169.4975820655053
4221 1410.954099619848 600.6070987090868
4222 1391.6233238037137 590.0066373367789
4223 1352.9617721714449 568.8057145921632
4224 1294.9694447230418 537.0043304752396
4225 1275.6386689069072 526.4038691029316
4226 1256.307893090773 515.8034077306238
4227 1236.9771172746387 505.2029463583159
4228 1217.6463414585041 494.60248498600805
4229 1198.3155656423698 484.0020236137002
4230 1178.9847898262353 473.4015622413923
4231 1140.3232381939665 452.20063949677655
4232 1101.661686561698 430.9997167521608
4233 1082.3309107455634 420.39925537985295
4234 1005.0078074810258 377.99740989062144
4235 985.6770316648915 367.3969485183136
4236 947.0154800326227 346.19602577369784
4237 927.6847042164884 335.59556440139
4238 908.3539284003539 324.9951030290821
4239 889.0231525842195 314.3946416567742
4240 869.6923767680851 303.7941802844663
4241 850.3616009519507 293.1937189121585
4242 811.700049319682 271.9927961675427
4243 773.0384976874132 250.79187342292698
4244 753.7077218712787 240.19141205061908
4245 734.3769460551443 229.5909506783113
4246 715.04617023901 218.99048930600338
4247 695.7153944228756 208.39002793369548
4248 676.3846186067411 197.78956656138757
4249 1424.5045551331646 575.8967763434298
4250 1405.17377931703 565.2963149711219
4251 1347.181451868627 533.4949308541983
4252 1327.8506760524926 522.8944694818904
4253 1231.1967969718205 469.89216262035103
4254 1211.8660211556862 459.2917012480432
4255 1173.2044695234174 438.09077850342743
4256 1115.2121420750143 406.2893943865038
4257 1037.8890388104767 363.88754889727227
4258 999.2274871782079 342.6866261526566
4259 960.565935545939 321.4857034080408
4260 921.9043839136704 300.28478066342507
4261 902.573608097536 289.68431929111716
4262 825.2505048329983 247.28247380188566
4263 805.919729016864 236.68201242957787
4264 786.5889532007295 226.08155105726996
4265 767.2581773845952 215.48108968496206
4266 747.9274015684607 204.88062831265427
4267 728.5966257523264 194.28016694034636
4268 709.2658499361921 183.67970556803846
4269 689.9350741200576 173.07924419573055
4270 651.2735224877888 151.87832145111486
4271 631.9427466716545 141.27786007880695
4272 593.2811950393857 120.07693733419126
4273 1438.055010646481 551.1864539777728
4274 1418.7242348303466 540.5859926054649
4275 1399.393459014212 529.985531233157
4276 1380.0626831980778 519.3850698608492
4277 1341.401131565809 498.18414711623336
4278 1322.0703557496745 487.58368574392546
4279 1264.0780283012714 455.78230162700186
4280 1244.747252485137 445.18184025469395
4281 1225.4164766690026 434.5813788823861
4282 1186.7549250367338 413.38045613777035
4283 1167.4241492205995 402.77999476546245
4284 1109.4318217721964 370.97861064853885
4285 1070.7702701399276 349.77768790392315
4286 1051.439494323793 339.17722653161525
4287 1032.1087185076588 328.57676515930734
4288 993.4471668753899 307.37584241469165
4289 974.1163910592555 296.77538104238374
4290 935.4548394269868 275.57445829776805
4291 916.1240636108523 264.97399692546014
4292 896.7932877947179 254.37353555315224
4293 877.4625119785835 243.77307418084433
4294 858.1317361624491 233.17261280853654
4295 819.4701845301804 211.97169006392073
4296 800.139408714046 201.37122869161294
4297 780.8086328979116 190.77076731930504
4298 742.1470812656429 169.56984457468934
4299 722.8163054495085 158.96938320238144
4300 684.1547538172396 137.76846045776563
4301 664.8239780011053 127.16799908545772
4302 626.1624263688365 105.96707634084203
4303 606.8316505527021 95.36661496853412
4304 1451.6054661597973 526.4761316121158
4305 1432.274690343663 515.8756702398078
4306 1412.9439145275287 505.27520886749994
4307 1393.6131387113942 494.6747474951921
4308 1335.620811262991 462.87336337826844
4309 1316.2900354468566 452.2729020059606
4310 1296.9592596307223 441.67244063365274
4311 1258.2977079984535 420.47151788903693
4312 1238.9669321823192 409.8710565167291
4313 1200.3053805500504 388.67013377211333
4314 1142.3130531016473 356.86874965518973
4315 1122.9822772855127 346.2682882828818
4316 1103.6515014693784 335.667826910574
4317 1084.320725653244 325.06736553826613
4318 1045.6591740209751 303.8664427936503
4319 1006.9976223887064 282.6655200490346
4320 987.666846572572 272.0650586767267
4321 968.3360707564377 261.46459730441893
4322 949.0052949403032 250.86413593211103
4323 929.6745191241688 240.26367455980312
4324 910.3437433080344 229.66321318749522
4325 871.6821916757656 208.46229044287952
4326 813.6898642273625 176.66090632595592
4327 794.3590884112281 166.06044495364802
4328 736.366760962825 134.25906083672442
4329 717.0359851466905 123.65859946441651
4330 697.705209330556 113.0581380921086
4331 678.3744335144218 102.4576767198007
4332 639.7128818821529 81.256753975185
4333 620.3821060660185 70.6562926028771
4334 1445.8251458569794 491.1653478741508
4335 1387.8328184085763 459.36396375722717
4336 1368.502042592442 448.7635023849193
4337 1349.1712667763074 438.1630410126114
4338 1329.8404909601732 427.56257964030357
4339 1291.1789393279043 406.3616568956878
4340 1271.84816351177 395.7611955233799
4341 1252.5173876956355 385.16073415107206
4342 1233.1866118795012 374.5602727787642
4343 1213.8558360633667 363.9598114064563
4344 1194.5250602472324 353.3593500341484
4345 1175.194284431098 342.75888866184056
4346 1117.2019569826948 310.9575045449169
4347 1097.8711811665603 300.3570431726091
4348 1078.540405350426 289.7565818003012
4349 1059.2096295342917 279.1561204279933
4350 1039.8788537181572 268.5556590556855
4351 1020.5480779020229 257.9551976833776
4352 1001.2173020858885 247.3547363110697
4353 981.8865262697541 236.7542749387619
4354 962.5557504536197 226.153813566454
4355 943.2249746374853 215.5533521941461
4356 923.8941988213509 204.9528908218382
4357 904.5634230052165 194.3524294495303
4358 885.2326471890821 183.7519680772225
4359 865.9018713729478 173.1515067049146
4360 827.240319740679 151.9505839602989
4361 807.9095439245446 141.350122587991
4362 788.5787681084101 130.7496612156831
4363 769.2479922922759 120.1491998433753
4364 749.9172164761414 109.5487384710674
4365 711.2556648438725 88.34781572645159
4366 672.5941132116038 67.14689298183589
4367 1478.7063771864302 477.05548688080165
4368 1401.3832739218929 434.65364139157015
4369 1382.0524981057583 424.0531800192623
4370 1362.721722289624 413.4527186469544
4371 1343.3909464734895 402.85225727464655
4372 1324.0601706573552 392.2517959023387
4373 1304.7293948412207 381.6513345300308
4374 1246.7370673928176 349.8499504131072
4375 1227.4062915766833 339.2494890407993
4376 1208.0755157605488 328.6490276684914
4377 1188.7447399444145 318.04856629618354
4378 1169.41396412828 307.4481049238757
4379 1150.0831883121457 296.8476435515678
4380 1130.7524124960114 286.2471821792599
4381 1072.760085047608 254.44579806233628
4382 1053.4293092314738 243.8453366900285
4383 1034.0985334153393 233.24487531772058
4384 976.1062059669362 201.44349120079698
4385 956.7754301508018 190.84302982848908
4386 937.4446543346673 180.24256845618117
4387 918.1138785185329 169.64210708387327
4388 879.4523268862642 148.44118433925757
4389 821.459999437861 116.63980022233397
4390 802.1292236217266 106.03933885002607
4391 744.1368961733234 74.23795473310247
4392 724.806120357189 63.637493360794565
4393 705.4753445410547 53.03703198848666
4394 686.1445687249203 42.43657061617887
4395 666.8137929087859 31.836109243870965
4396 1492.2568326997468 452.34516451514463
4397 1472.9260568836123 441.7447031428368
4398 1434.2645052513435 420.54378039822103
4399 1414.9337294352092 409.9433190259131
4400 1395.602953619075 399.3428576536053
4401 1376.2721778029404 388.7423962812974
4402 1356.941401986806 378.1419349089895
4403 1298.9490745384028 346.34055079206587
4404 1260.2875229061342 325.1396280474502
4405 1240.9567470899997 314.53916667514227
4406 1221.6259712738652 303.93870530283436
4407 1163.633643825462 272.13732118591076
4408 1144.3028680093278 261.53685981360286
4409 1086.3105405609244 229.73547569667926
4410 1066.9797647447901 219.13501432437147
4411 1047.6489889286559 208.53455295206356
4412 1028.3182131125213 197.93409157975566
4413 1008.987437296387 187.33363020744787
4414 950.9951098479837 155.53224609052415
4415 912.3335582157149 134.33132334590846
4416 893.0027823995806 123.73086197360055
4417 873.6720065834463 113.13040060129265
4418 854.3412307673118 102.52993922898486
4419 815.679679135043 81.32901648436905
4420 796.3489033189087 70.72855511206126
4421 777.0181275027744 60.12809373975335
4422 757.6873516866399 49.52763236744545
4423 738.3565758705054 38.927170995137544
4424 719.0258000543711 28.32670962282964
4425 699.6950242382368 17.72624825052185
4426 661.033472605968 -3.4746744940939607
4427 1505.8072882130632 427.6348421494876
4428 1486.476512396929 417.03438077717976
4429 1467.1457365807944 406.43391940487186
4430 1447.81496076466 395.833458032564
4431 1428.4841849485256 385.2329966602561
4432 1389.822633316257 364.03207391564035
4433 1370.4918575001225 353.4316125433325
4434 1312.4995300517194 321.63022842640885
4435 1293.1687542355849 311.029767054101
4436 1273.8379784194506 300.42930568179315
4437 1235.1764267871818 279.22838293717734
4438 1196.514875154913 258.02746019256165
4439 1157.8533235226441 236.82653744794584
4440 1138.5225477065098 226.22607607563805
4441 1099.860996074241 205.02515333102224
4442 1080.5302202581065 194.42469195871445
4443 1061.1994444419722 183.82423058640654
4444 1041.868668625838 173.22376921409864
4445 1022.5378928097035 162.62330784179085
4446 1003.2071169935691 152.02284646948294
4447 983.8763411774346 141.42238509717504
4448 945.2147895451658 120.22146235255923
4449 925.8840137290314 109.62100098025144
4450 887.2224620967627 88.42007823563563
4451 848.5609104644939 67.21915549101993
4452 829.2301346483595 56.61869411871203
4453 809.8993588322252 46.01823274640424
4454 790.5685830160908 35.41777137409633
4455 771.2378071999563 24.817310001788428
4456 732.5762555676876 3.6163872571726188
4457 713.2454797515531 -6.984074115135172
4458 1519.3577437263798 402.9245197838306
4459 1500.0269679102453 392.32405841152274
4460 1422.7038646457077 349.92221292229124
4461 1403.3730888295734 339.32175154998333
4462 1364.7115371973046 318.12082880536764
4463 1326.0499855650357 296.9199060607518
4464 1248.7268823004981 254.51806057152032
4465 1152.0730032198262 201.51575370998103
4466 1132.742227403692 190.91529233767312
4467 1094.080675771423 169.71436959305743
4468 1074.7498999552886 159.11390822074952
4469 1036.08834832302 137.91298547613383
4470 958.7652450584823 95.51113998690221
4471 920.1036934262136 74.31021724228651
4472 881.4421417939448 53.10929449767082
4473 862.1113659778104 42.50883312536291
4474 842.780590161676 31.908371753055008
4475 823.4498143455417 21.307910380747217
4476 804.1190385294072 10.707449008439312
4477 726.7959352648696 -31.694396480792193
4478 707.4651594487352 -42.2948578531001
4479 1532.9081992396962 378.21419741817357
4480 1513.5774234235619 367.6137360458657
4481 1436.2543201590242 325.2118905566342
4482 1416.9235443428897 314.6114291843263
4483 1397.5927685267554 304.0109678120184
4484 1358.9312168944866 282.8100450674027
4485 1339.600441078352 272.2095836950948
4486 1300.9388894460835 251.0086609504791
4487 1281.608113629949 240.4081995781712
4488 1262.2773378138147 229.8077382058633
4489 1242.9465619976802 219.2072768335554
4490 1223.615786181546 208.6068154612476
4491 1204.2850103654114 198.0063540889397
4492 1165.6234587331426 176.805431344324
4493 1146.2926829170083 166.2049699720161
4494 1126.961907100874 155.6045085997082
4495 1107.6311312847395 145.0040472274004
4496 1088.3003554686052 134.4035858550925
4497 1068.9695796524707 123.8031244827846
4498 1030.308028020202 102.6022017381689
4499 1010.9772522040676 92.001740365861
4500 972.3157005717987 70.80081762124519
4501 933.65414893953 49.59989487662949
4502 914.3233731233956 38.99943350432159
4503 894.9925973072612 28.398972132013796
4504 817.6694940427237 -14.002873357217709
4505 759.6771665943205 -45.80425747414142
4506 740.3463907781861 -56.404718846449214
4507 721.0156149620517 -67.00518021875712
4508 1527.1278789368782 342.90341368020864
4509 1507.7971031207437 332.30295230790074
4510 1488.4663273046094 321.7024909355929
4511 1469.135551488475 311.102029563285
4512 1411.1432240400718 279.3006454463614
4513 1391.8124482239375 268.7001840740535
4514 1372.481672407803 258.0997227017456
4515 1333.8201207755342 236.89879995712988
4516 1275.827793327131 205.09741584020628
4517 1256.4970175109966 194.49695446789838
4518 1198.5046900625935 162.69557035097478
4519 1140.5123626141904 130.89418623405118
4520 1101.8508109819215 109.69326348943537
4521 1063.1892593496527 88.49234074481967
4522 1043.8584835335184 77.89187937251177
4523 1024.527707717384 67.29141800020386
4524 1005.1969319012496 56.69095662789596
4525 985.8661560851151 46.090495255588166
4526 966.5353802689808 35.49003388328026
4527 927.873828636712 14.289111138664566
4528 908.5430528205777 3.6886497663566615
4529 869.8815011883089 -17.512272978259034
4530 850.5507253721746 -28.11273435056694
4531 753.8968462915025 -81.11504121210623
4532 715.2352946592337 -102.31596395672204
4533 1560.0091102663291 328.7935526868595
4534 1540.6783344501946 318.1930913145517
4535 1521.3475586340603 307.5926299422438
4536 1482.6860070017915 286.3917071976281
4537 1444.0244553695227 265.19078445301227
4538 1405.3629037372539 243.98986170839657
4539 1386.0321279211196 233.38940033608867
4540 1308.709024656582 190.98755484685717
4541 1289.3782488404474 180.38709347454926
4542 1212.05514557591 137.98524798531776
4543 1173.3935939436412 116.78432524070206
4544 1154.0628181275067 106.18386386839416
4545 1134.7320423113724 95.58340249608636
4546 1115.401266495238 84.98294112377846
4547 1096.0704906791036 74.38247975147056
4548 1076.7397148629693 63.782018379162764
4549 1057.4089390468348 53.18155700685486
4550 960.7550599661629 0.17925014531545003
4551 941.4242841500285 -10.421211226992455
4552 883.4319567016253 -42.222595343916055
4553 864.101180885491 -52.823056716223846
4554 806.1088534370876 -84.62444083314756
4555 786.7780776209534 -95.22490220545546
4556 728.7857501725501 -127.02628632237906
4557 1573.5595657796455 304.08323032120245
4558 1554.2287899635112 293.48276894889455
4559 1534.8980141473767 282.88230757658675
4560 1515.5672383312424 272.28184620427885
4561 1476.9056866989736 251.08092345966304
4562 1457.574910882839 240.48046208735525
4563 1399.582583434436 208.67907797043154
4564 1380.2518076183017 198.07861659812374
4565 1360.9210318021671 187.47815522581584
4566 1322.2594801698983 166.27723248120014
4567 1302.928704353764 155.67677110889224
4568 1283.5979285376295 145.07630973658434
4569 1244.9363769053607 123.87538699196864
4570 1225.6056010892264 113.27492561966073
4571 1186.9440494569576 92.07400287504493
4572 1167.6132736408233 81.47354150273713
4573 1128.9517220085545 60.272618758121325
4574 1070.9593945601514 28.471234641197725
4575 1051.6286187440169 17.87077326888982
4576 1032.2978429278824 7.270311896581916
4577 993.6362912956137 -13.93061084803378
4578 954.974739663345 -35.131533592649475
4579 935.6439638472106 -45.73199496495738
4580 916.3131880310762 -56.332456337265285
4581 819.6593089504041 -109.3347631988047
4582 800.3285331342698 -119.93522457111249
4583 780.9977573181354 -130.53568594342028
4584 742.3362056858666 -151.73660868803609
4585 1567.7792454768276 268.7724465832375
4586 1548.4484696606933 258.17198521092973
4587 1509.7869180284242 236.97106246631392
4588 1490.45614221229 226.37060109400602
4589 1471.1253663961556 215.77013972169823
4590 1451.7945905800211 205.16967834939032
4591 1413.1330389477523 183.96875560477451
4592 1393.802263131618 173.36829423246672
4593 1374.4714873154835 162.76783286015882
4594 1355.1407114993492 152.16737148785091
4595 1335.809935683215 141.56691011554312
4596 1316.4791598670804 130.96644874323522
4597 1239.1560566025428 88.56460325400371
4598 1219.8252807864085 77.96414188169581
4599 1161.8329533380052 46.16275776477221
4600 1142.5021775218709 35.562296392464305
4601 1103.840625889602 14.361373647848609
4602 1065.1790742573332 -6.8395490967672
4603 1045.848298441199 -17.440010469075105
4604 1026.5175226250644 -28.040471841382896
4605 1007.1867468089301 -38.6409332136908
4606 987.8559709927958 -49.241394585998705
4607 929.8636435443925 -81.0427787029223
4608 910.5328677282582 -91.6432400752301
4609 891.2020919121239 -102.243701447538
4610 871.8713160959894 -112.8441628198459
4611 852.5405402798549 -123.4446241921537
4612 813.8789886475863 -144.6455469367695
4613 794.5482128314518 -155.2460083090773
4614 872.0464685483247 3397.9419632924446
4615 812.1858741932989 3430.7678531697775
4616 792.2323427416236 3441.709816462222
4617 772.2788112899484 3452.651779754666
4618 712.4182169349226 3485.4776696319996
4619 692.4646854832473 3496.4196329244437
4620 652.5576225798967 3518.3035595093324
4621 612.6505596765462 3540.187486094221
4622 572.7434967731956 3562.07141267911
4623 552.7899653215204 3573.0133759715545
4624 532.8364338698451 3583.9553392639987
4625 512.8829024181698 3594.8973025564433
4626 492.92937096649456 3605.8392658488874
4627 472.9758395148193 3616.781229141332
4628 453.02230806314407 3627.723192433776
4629 433.06877661146876 3638.6651557262207
4630 413.11524515979346 3649.607119018665
4631 393.1617137081182 3660.5490823111095
4632 373.2081822564429 3671.4910456035536
4633 333.3011193530924 3693.3749721884424
4634 313.3475879014171 3704.316935480887
4635 273.4405249980666 3726.2008620657757
4636 253.48699354639132 3737.14282535822
4637 213.5799306430407 3759.0267519431086
4638 193.6263991913654 3769.968715235553
4639 153.71933628801503 3791.852641820442
4640 850.1684324959876 3310.7168435356975
4641 830.2149010443123 3321.6588068281417
4642 790.3078381409618 3343.5427334130304
4643 770.3543066892865 3354.484696705475
4644 690.5401808825854 3398.2525498752525
4645 670.5866494309101 3409.194513167697
4646 610.7260550758843 3442.02040304503
4647 590.772523624209 3452.9623663374746
4648 570.8189921725339 3463.9043296299187
4649 550.8654607208586 3474.8462929223633
4650 530.9119292691832 3485.7882562148075
4651 491.0048663658327 3507.672182799696
4652 471.05133491415745 3518.614146092141
4653 451.09780346248215 3529.556109384585
4654 431.1442720108069 3540.4980726770295
4655 351.33014620410586 3584.265925846807
4656 331.37661475243056 3595.207889139251
4657 291.46955184908006 3617.09181572414
4658 231.60895749405427 3649.9177056014732
4659 191.70189459070366 3671.801632186362
4660 171.74836313902836 3682.743595478806
4661 151.79483168735305 3693.6855587712507
4662 131.84130023567786 3704.627522063695
4663 111.88776878400267 3715.5694853561395
4664 808.3368649919752 3234.433687071395
4665 768.4298020886247 3256.317613656284
4666 748.4762706369494 3267.259576948728
4667 728.5227391852741 3278.2015402411726
4668 668.6621448302483 3311.0274301185054
4669 648.7086133785731 3321.96939341095
4670 628.7550819268978 3332.911356703394
4671 568.8944875718719 3365.7372465807275
4672 509.0338932168462 3398.5631364580604
4673 469.1268303134956 3420.4470630429496
4674 449.1732988618203 3431.3890263353937
4675 429.2197674101451 3442.330989627838
4676 369.3591730551193 3475.156879505171
4677 349.405641603444 3486.098842797616
4678 329.4521101517687 3497.04080609006
4679 289.5450472484181 3518.9247326749487
4680 269.5915157967428 3529.8666959673933
4681 249.6379843450676 3540.8086592598374
4682 229.6844528933923 3551.750622552282
4683 209.7309214417171 3562.692585844726
4684 189.7773899900418 3573.634549137171
4685 129.9167956350159 3606.4604390145037
4686 109.96326418334058 3617.4024023069483
4687 90.0097327316654 3628.3443655993924
4688 70.0562012799902 3639.286328891837
4689 766.5052974879628 3158.1505306070926
4690 746.5517660362875 3169.0924938995367
4691 706.644703132937 3190.9764204844255
4692 686.6911716812617 3201.91838377687
4693 666.7376402295864 3212.8603470693142
4694 626.8305773262359 3234.744273654203
4695 606.8770458745606 3245.6862369466476
4696 547.0164515195348 3278.5121268239805
4697 527.0629200678595 3289.454090116425
4698 507.1093886161843 3300.396053408869
4699 487.15585716450903 3311.338016701314
4700 467.2023257128338 3322.279979993758
4701 407.34173135780793 3355.1058698710913
4702 367.4346684544573 3376.98979645598
4703 327.52760555110683 3398.8737230408688
4704 307.5740740994315 3409.8156863333134
4705 287.6205426477562 3420.7576496257575
4706 247.71347974440573 3442.6415762106462
4707 227.75994829273043 3453.583539503091
4708 187.85288538937994 3475.4674660879796
4709 167.89935393770475 3486.4094293804237
4710 127.99229103435414 3508.2933559653125
4711 88.08522813100353 3530.177282550201
4712 68.13169667932823 3541.119245842646
4713 48.17816522765304 3552.06120913509
4714 1822.1601260499506 2501.5133848820533
4715 1791.2401890749259 2468.27007732308
4716 1760.3202520999012 2435.0267697641066
4717 1667.560441174827 2335.296847087186
4718 1605.7205672247776 2268.8102319692393
4719 1543.880693274728 2202.3236168512926
4720 1512.9607562997035 2169.080309292319
4721 1451.1208823496538 2102.593694174372
4722 1420.200945374629 2069.3503866153987
4723 1358.3610714245797 2002.863771497452
4724 1905.7926025009003 2547.730479746811
4725 1843.952728550851 2481.2438646288642
4726 1813.0327915758262 2448.000557069891
4727 1782.1128546008015 2414.757249510917
4728 1751.1929176257768 2381.5139419519437
4729 1689.3530436757273 2315.027326833997
4730 1596.593232750653 2215.297404157077
4731 1565.6732957756285 2182.0540965981036
4732 1534.7533588006036 2148.81078903913
4733 1503.833421825579 2115.567481480157
4734 1472.9134848505541 2082.324173921183
4735 1441.9935478755294 2049.0808663622097
4736 1411.0736109005047 2015.8375588032363
4737 1287.3938630004059 1882.8643285673427
4738 1927.5852050018007 2527.460959493622
4739 1865.7453310517512 2460.974344375675
4740 1834.8253940767265 2427.731036816702
4741 1803.9054571017018 2394.4877292577285
4742 1772.985520126677 2361.2444216987546
4743 1742.0655831516524 2328.0011141397813
4744 1680.225709201603 2261.5144990218346
4745 1649.3057722265783 2228.271191462861
4746 1556.5459613015041 2128.5412687859407
4747 1494.7060873514545 2062.054653667994
4748 1463.7861503764298 2028.8113461090206
4749 1432.866213401405 1995.5680385500473
4750 1918.4578705276763 2473.9481316814595
4751 1825.6980596026021 2374.218209004539
4752 1763.8581856525527 2307.7315938865922
4753 1732.938248677528 2274.488286327619
4754 1702.0183117025033 2241.2449787686455
4755 1671.0983747274786 2208.001671209672
4756 1640.1784377524539 2174.758363650699
4757 1609.2585007774292 2141.5150560917255
4758 1547.4186268273797 2075.0284409737787
4759 1454.6588159023054 1975.2985182968582
4760 1423.738878927281 1942.0552107378849
4761 1392.818941952256 1908.8119031789115
4762 1361.8990049772312 1875.568595619938
4763 1971.1704100036013 2486.9219189872438
4764 1878.4105990785272 2387.1919963103237
4765 1847.4906621035025 2353.94868875135
4766 1816.5707251284778 2320.7053811923765
4767 1723.8109142034036 2220.9754585154565
4768 1692.890977228379 2187.732150956483
4769 1661.9710402533542 2154.4888433975098
4770 1631.0511032783295 2121.245535838536
4771 1569.21122932828 2054.7589207205892
4772 1538.2912923532554 2021.5156131616159
4773 1507.3713553782304 1988.2723056026425
4774 1445.5314814281812 1921.7856904846958
4775 1414.6115444531565 1888.5423829257224
4776 1352.7716705031069 1822.0557678077755
4777 1992.9630125045016 2466.6523987340547
4778 1962.043075529477 2433.4090911750814
4779 1869.2832646044028 2333.679168498161
4780 1838.363327629378 2300.4358609391875
4781 1807.4433906543534 2267.192553380214
4782 1776.5234536793287 2233.9492458212408
4783 1683.7636427542545 2134.2193231443207
4784 1621.923768804205 2067.732708026374
4785 1560.0838948541555 2001.2460929084268
4786 1498.244020904106 1934.75947779048
4787 1374.5642730040072 1801.7862475545865
4788 1921.9958040803278 2346.6529558039456
4789 1891.0758671053031 2313.409648244972
4790 1829.2359931552537 2246.923033127025
4791 1798.316056180229 2213.6797255680517
4792 1705.5562452551549 2113.9498028911316
4793 1674.6363082801302 2080.706495332158
4794 1643.7163713051054 2047.4631877731847
4795 1612.7964343300807 2014.2198802142113
4796 1550.956560380031 1947.7332650962644
4797 1489.1166864299819 1881.2466499783177
4798 2036.5482175063023 2426.1133582276766
4799 1912.8684696062035 2293.1401279917827
4800 1881.9485326311788 2259.8968204328094
4801 1851.028595656154 2226.653512873836
4802 1820.1086586811293 2193.4102053148627
4803 1789.1887217061046 2160.1668977558893
4804 1758.26878473108 2126.923590196916
4805 1665.5089738060058 2027.1936675199956
4806 1634.589036830981 1993.9503599610223
4807 1603.6690998559561 1960.7070524020487
4808 1572.7491628809316 1927.4637448430753
4809 1541.8292259059067 1894.220437284102
4810 1479.9893519558575 1827.7338221661553
4811 1449.0694149808328 1794.4905146071817
4812 2058.3408200072026 2405.8438379744875
4813 1996.5009460571532 2339.357222856541
4814 1934.6610721071038 2272.8706077385937
4815 1872.8211981570544 2206.383992620647
4816 1810.981324207005 2139.8973775027002
4817 1780.0613872319802 2106.654069943727
4818 1656.3816393318814 1973.6808397078332
4819 1625.4617023568567 1940.4375321488596
4820 1594.5417653818317 1907.1942245898863
4821 1470.862017481733 1774.2209943539926
4822 2049.2134855330783 2352.331010162325
4823 1987.3736115830288 2285.844395044378
4824 1956.4536746080041 2252.6010874854046
4825 1925.5337376329794 2219.3577799264312
4826 1894.6138006579547 2186.114472367458
4827 1832.7739267079053 2119.627857249511
4828 1801.8539897328806 2086.384549690538
4829 1740.0141157828311 2019.8979345725909
4830 1709.0941788078064 1986.6546270136175
4831 1678.1742418327817 1953.4113194546442
4832 1647.254304857757 1920.1680118956706
4833 1492.6546199826334 1753.9514741008036
4834 1461.7346830076085 1720.7081665418302
4835 2101.9260250090033 2365.3047974681094
4836 2071.006088033979 2332.061489909136
4837 2040.0861510589539 2298.8181823501627
4838 2009.1662140839292 2265.5748747911894
4839 1947.3263401338797 2199.088259673242
4840 1916.406403158855 2165.844952114269
4841 1885.4864661838303 2132.6016445552955
4842 1823.646592233781 2066.1150294373488
4843 1792.7266552587562 2032.8717218783752
4844 1730.8867813087068 1966.3851067604285
4845 1699.966844333682 1933.1417992014551
4846 1576.2870964335832 1800.1685689655615
4847 1483.527285508509 1700.4386462886412
4848 2092.798690534879 2311.791969655947
4849 2061.8787535598544 2278.548662096973
4850 2030.9588165848295 2245.305354538
4851 1969.11894263478 2178.818739420053
4852 1938.1990056597554 2145.57543186108
4853 1814.5192577596565 2012.6022016251861
4854 1783.5993207846318 1979.3588940662128
4855 1752.679383809607 1946.1155865072392
4856 1690.8395098595577 1879.6289713892925
4857 1659.919572884533 1846.3856638303191
4858 1598.0796989344835 1779.8990487123724
4859 1567.1597619594588 1746.6557411533988
4860 1505.3198880094092 1680.1691260354519
4861 2083.6713560607545 2258.2791418437846
4862 2021.831482110705 2191.7925267258374
4863 1929.071671185631 2092.0626040489174
4864 1867.2317972355816 2025.5759889309707
4865 1805.3919232855321 1959.0893738130237
4866 1774.4719863105074 1925.8460662540501
4867 1743.5520493354827 1892.6027586950768
4868 1681.7121753854333 1826.11614357713
4869 1619.8723014353839 1759.6295284591833
4870 1588.9523644603591 1726.3862209002098
4871 1558.0324274853342 1693.1429133412362
4872 1527.1124905103097 1659.8996057822628
4873 2105.463958561655 2238.0096215905955
4874 2043.6240846116057 2171.5230064726484
4875 1919.9443367115066 2038.549776236755
4876 1889.0243997364819 2005.3064686777816
4877 1765.344651836383 1872.333238441888
4878 1734.4247148613583 1839.0899308829144
4879 1703.5047778863336 1805.846623323941
4880 1672.584840911309 1772.6033157649676
4881 1579.8250299862348 1672.8733930880474
4882 1548.90509301121 1639.630085529074
4883 2096.3366240875307 2184.496793778433
4884 2003.5768131624563 2084.7668711015126
4885 1941.736939212407 2018.280255983566
4886 1910.8170022373824 1985.0369484245925
4887 1879.8970652623575 1951.793640865619
4888 1848.9771282873328 1918.5503333066456
4889 1818.057191312308 1885.3070257476722
4890 1787.1372543372834 1852.0637181886989
4891 1694.3774434122092 1752.3337955117786
4892 1601.617632487135 1652.6038728348583
4893 1570.6976955121104 1619.360565275885
4894 2210.889037513505 2263.957196202164
4895 2179.9691005384802 2230.713888643191
4896 2149.0491635634557 2197.4705810842174
4897 2118.129226588431 2164.2272735252436
4898 1994.449478688332 2031.2540432893502
4899 1932.6096047382825 1964.7674281714035
4900 1870.7697307882331 1898.2808130534565
4901 1839.8497938132084 1865.0375054944832
4902 1808.9298568381837 1831.7941979355098
4903 1747.0899828881343 1765.307582817563
4904 1685.2501089380848 1698.8209676996162
4905 1623.4102349880354 1632.3343525816692
4906 2201.761703039381 2210.4443683900017
4907 2170.841766064356 2177.2010608310284
4908 2139.9218290893314 2143.9577532720546
4909 2109.0018921143064 2110.714445713081
4910 2078.081955139282 2077.471138154108
4911 2047.162018164257 2044.2278305951345
4912 1954.402207239183 1944.4979079182142
4913 1892.5623332891334 1878.0112928002675
4914 1799.8025223640593 1778.2813701233472
4915 1614.282900513911 1578.8215247695066
4916 2223.554305540281 2190.1748481368127
4917 2192.6343685652564 2156.931540577839
4918 2161.7144315902315 2123.6882330188655
4919 2130.794494615207 2090.444925459892
4920 2099.874557640182 2057.201617900919
4921 2068.9546206651576 2023.9583103419454
4922 2007.114746715108 1957.4716952239987
4923 1976.1948097400832 1924.2283876650251
4924 1914.3549357900338 1857.7417725470784
4925 1852.5150618399844 1791.2551574291315
4926 1821.5951248649596 1758.0118498701581
4927 1790.675187889935 1724.7685423111848
4928 1759.7552509149102 1691.5252347522114
4929 1728.8353139398855 1658.281927193238
4930 1697.9153769648608 1625.0386196342645
4931 1666.995439989836 1591.795312075291
4932 2276.2668450162064 2203.148635442597
4933 2245.3469080411815 2169.9053278836236
4934 2183.507034091132 2103.4187127656764
4935 2059.827286191033 1970.445482529783
4936 1905.2276013159094 1804.2289447349158
4937 1812.4677903908353 1704.4990220579957
4938 1781.5478534158106 1671.2557144990224
4939 1719.7079794657611 1604.7690993810754
4940 2298.0594475171065 2182.879115189408
4941 2236.219573567057 2116.3925000714607
4942 2174.3796996170076 2049.905884953514
4943 2143.4597626419827 2016.6625773945407
4944 2112.539825666958 1983.4192698355673
4945 2081.6198886919333 1950.175962276594
4946 2050.699951716909 1916.9326547176206
4947 2019.7800147418839 1883.689347158647
4948 1988.8600777668591 1850.4460395996737
4949 1957.9401407918344 1817.2027320407003
4950 1927.0202038168097 1783.9594244817267
4951 1834.2603928917356 1684.2295018048067
4952 1803.3404559167109 1650.9861942458333
4953 1679.660708016612 1518.0129640099394
4954 2319.8520500180066 2162.609594936219
4955 2258.0121760679576 2096.122979818272
4956 2134.3324281678583 1963.1497495823783
4957 2072.492554217809 1896.6631344644316
4958 2010.6526802677595 1830.1765193464846
4959 1948.81280631771 1763.6899042285377
4960 1886.9729323676606 1697.203289110591
4961 1856.052995392636 1663.9599815516176
4962 1825.1330584176112 1630.7166739926442
4963 1732.373247492537 1530.9867513157237
4964 1701.4533105175124 1497.7434437567504
4965 2341.644652518907 2142.34007468303
4966 2310.7247155438827 2109.0967671240564
4967 2279.8047785688577 2075.8534595650826
4968 2217.9649046188083 2009.366844447136
4969 2187.0449676437834 1976.1235368881626
4970 2156.125030668759 1942.8802293291892
4971 2125.205093693734 1909.6369217702158
4972 2094.2851567187095 1876.3936142112425
4973 2063.3652197436845 1843.150306652269
4974 2032.44528276866 1809.9069990932956
4975 2001.525345793635 1776.6636915343222
4976 1877.8455978935363 1643.6904612984285
4977 1846.9256609185115 1610.4471537394552
4978 1816.0057239434868 1577.2038461804818
4979 1785.0857869684623 1543.9605386215082
4980 1754.1658499934374 1510.7172310625347
4981 1831.2397839704404 4993.987854747587
4982 1881.7193519113214 5045.963564242762
4983 1906.959135881762 5071.951418990349
4984 1932.1989198522024 5097.939273737937
4985 2033.1580557339644 5201.890692728285
4986 2083.6376236748456 5253.86640222346
4987 2108.877407645286 5279.854256971047
4988 2134.1171916157264 5305.842111718634
4989 2159.3569755861668 5331.829966466222
4990 2184.596759556607 5357.817821213809
4991 2209.836543527048 5383.805675961396
4992 2235.0763274974884 5409.793530708984
4993 2260.3161114679287 5435.78138545657
4994 2336.0354633792504 5513.744949699332
4995 2361.2752473496907 5539.7328044469195
4996 1787.5769913018987 4985.892695035507
4997 1838.0565592427797 5037.868404530681
4998 1913.775911154101 5115.831968773443
4999 1939.0156951245417 5141.81982352103
5000 1964.255479094982 5167.807678268618
5001 2014.735047035863 5219.783387763792
5002 2065.214614976744 5271.759097258967
5003 2090.4543989471845 5297.746952006554
5004 2115.694182917625 5323.734806754141
5005 2191.4135348289465 5401.698370996903
5006 2241.8931027698272 5453.674080492077
5007 2342.8522386515897 5557.625499482427
5008 1794.3937665742378 5029.773244818601
5009 1819.6335505446782 5055.761099566188
5010 1844.8733345151188 5081.748954313775
5011 1895.3529024559998 5133.72466380895
5012 1920.5926864264402 5159.712518556537
5013 1945.8324703968806 5185.700373304125
5014 1971.0722543673212 5211.688228051711
5015 1996.3120383377616 5237.6760827992985
5016 2021.5518223082022 5263.663937546886
5017 2072.0313902490834 5315.6396470420605
5018 2122.510958189964 5367.615356537235
5019 2147.7507421604046 5393.6032112848225
5020 2172.990526130845 5419.59106603241
5021 2198.230310101286 5445.578920779997
5022 2248.7098780421666 5497.554630275172
5023 1750.730973905696 5021.6780851065205
5024 1775.9707578761363 5047.665939854108
5025 1851.690109787458 5125.629504096869
5026 1876.9298937578983 5151.617358844456
5027 1927.4094616987793 5203.593068339631
5028 1977.8890296396603 5255.568777834806
5029 2003.1288136101007 5281.556632582393
5030 2028.3685975805413 5307.54448732998
5031 2053.608381550982 5333.532342077568
5032 2104.0879494918627 5385.508051572742
5033 2129.327733462303 5411.495906320329
5034 2179.8073014031843 5463.471615815503
5035 2255.526653314506 5541.435180058265
5036 2280.7664372849463 5567.423034805853
5037 1732.3079652075944 5039.570780142027
5038 1757.547749178035 5065.558634889614
5039 1782.7875331484754 5091.546489637201
5040 1808.027317118916 5117.534344384789
5041 1833.2671010893564 5143.522199132376
5042 1858.506885059797 5169.510053879963
5043 1883.7466690302374 5195.497908627551
5044 1984.7058049119994 5299.449327617899
5045 2009.94558888244 5325.4371823654865
5046 2060.425156823321 5377.412891860661
5047 2110.904724764202 5429.388601355836
5048 2161.3842927050828 5481.3643108510105
5049 2186.624076675523 5507.352165598598
5050 1713.8849565094931 5057.463475177534
5051 1739.1247404799335 5083.451329925121
5052 1814.8440923912551 5161.414894167883
5053 1865.3236603321361 5213.390603663057
5054 1890.5634443025765 5239.378458410644
5055 1915.803228273017 5265.366313158232
5056 1966.282796213898 5317.342022653406
5057 2117.721500036541 5473.269151138929
5058 2142.9612840069813 5499.257005886517
5059 2168.201067977422 5525.244860634104
5060 2243.9204198887437 5603.208424876866
5061 2269.160203859184 5629.196279624453
5062 1695.4619478113916 5075.35617021304
5063 1745.9415157522726 5127.331879708215
5064 1771.1812997227132 5153.319734455802
5065 1922.6200035453562 5309.246862941326
5066 1947.8597875157966 5335.234717688913
5067 1998.3393554566776 5387.210427184087
5068 2023.5791394271182 5413.1982819316745
5069 2048.8189233975586 5439.186136679262
5070 2074.058707367999 5465.173991426849
5071 2099.29849133844 5491.1618461744365
5072 2124.53827530888 5517.149700922024
5073 2149.7780592793206 5543.137555669611
5074 2175.017843249761 5569.1254104171985
5075 1677.0389391132903 5093.248865248547
5076 1702.2787230837307 5119.2367199961345
5077 1752.7582910246117 5171.212429491309
5078 1803.2378589654927 5223.188138986484
5079 1853.7174269063737 5275.163848481658
5080 1878.9572108768143 5301.151703229245
5081 1904.1969948472547 5327.139557976832
5082 1929.4367788176953 5353.12741272442
5083 1954.6765627881357 5379.115267472007
5084 2005.1561307290167 5431.090976967182
5085 2055.6356986698975 5483.066686462356
5086 2106.1152666107787 5535.042395957531
5087 2131.355050581219 5561.030250705118
5088 2181.8346185221003 5613.005960200292
5089 2207.0744024925407 5638.993814947879
5090 1658.615930415189 5111.141560284054
5091 1683.8557143856294 5137.129415031642
5092 1734.3352823265104 5189.105124526815
5093 1835.2944182082724 5293.056543517165
5094 2011.9729060013558 5474.971526750275
5095 2037.2126899717964 5500.9593814978625
5096 2112.9320418831176 5578.9229457406245
5097 2138.1718258535584 5604.910800488212
5098 2188.651393794439 5656.8865099833865
5099 1640.1929217170875 5129.0342553195605
5100 1690.6724896579685 5181.009964814735
5101 1715.9122736284091 5206.997819562323
5102 1741.1520575988495 5232.98567430991
5103 1791.6316255397305 5284.961383805085
5104 1842.1111934806115 5336.937093300259
5105 1867.350977451052 5362.924948047847
5106 1892.5907614214925 5388.912802795433
5107 1968.310113332814 5466.876367038195
5108 1993.5498973032545 5492.864221785782
5109 2018.789681273695 5518.85207653337
5110 2044.0294652441355 5544.839931280957
5111 2094.5090331850165 5596.815640776132
5112 2170.2283850963377 5674.779205018893
5113 2195.4681690667785 5700.76705976648
5114 1647.0096969894266 5172.914805102655
5115 1672.2494809598672 5198.902659850242
5116 1697.4892649303076 5224.89051459783
5117 1722.7290489007482 5250.878369345416
5118 1747.9688328711886 5276.866224093003
5119 1823.6881847825102 5354.829788335765
5120 1848.9279687529506 5380.817643083353
5121 1874.167752723391 5406.80549783094
5122 1899.4075366938316 5432.793352578527
5123 1924.6473206642722 5458.781207326115
5124 2050.8462405164746 5588.720481064051
5125 2101.3258084573554 5640.696190559225
5126 2151.8053763982366 5692.6719000544
5127 1603.3469043208847 5164.819645390574
5128 1628.5866882913253 5190.807500138161
5129 1653.8264722617657 5216.795354885749
5130 1679.0662562322063 5242.783209633336
5131 1704.3060402026467 5268.771064380923
5132 1729.5458241730873 5294.758919128511
5133 1754.7856081435277 5320.746773876098
5134 1805.2651760844087 5372.722483371273
5135 1830.5049600548493 5398.71033811886
5136 1880.9845279957303 5450.686047614034
5137 1906.2243119661707 5476.673902361621
5138 1931.464095936611 5502.661757109208
5139 1956.7038799070517 5528.649611856796
5140 1981.943663877492 5554.637466604383
5141 2007.1834478479327 5580.62532135197
5142 2032.423231818373 5606.613176099558
5143 2057.6630157888135 5632.601030847145
5144 2082.902799759254 5658.588885594732
5145 2108.1425837296947 5684.57674034232
5146 2133.382367700135 5710.564595089907
5147 1610.1636795932238 5208.700195173668
5148 1635.4034635636644 5234.688049921256
5149 1660.6432475341048 5260.675904668843
5150 1685.8830315045454 5286.66375941643
5151 1736.3625994454264 5338.639468911604
5152 1761.6023834158668 5364.6273236591915
5153 1812.0819513567478 5416.603033154366
5154 1862.5615192976288 5468.578742649541
5155 1913.0410872385098 5520.5544521447155
5156 1938.2808712089502 5546.542306892303
5157 1963.5206551793908 5572.53016163989
5158 1988.7604391498312 5598.5180163874775
5159 2014.0002231202718 5624.505871135065
5160 2064.479791061153 5676.481580630239
5161 2089.719575031593 5702.469435377826
5162 2140.1991429724744 5754.445144873001
5163 1616.980454865563 5252.580744956762
5164 1642.2202388360035 5278.568599704349
5165 1692.6998067768845 5330.544309199524
5166 1717.939590747325 5356.532163947111
5167 1743.1793747177655 5382.520018694699
5168 1768.419158688206 5408.507873442286
5169 1818.898726629087 5460.483582937461
5170 1869.378294569968 5512.459292432635
5171 1919.857862510849 5564.435001927809
5172 1945.0976464812893 5590.422856675396
5173 1970.33743045173 5616.410711422984
5174 1995.5772144221705 5642.398566170571
5175 2020.816998392611 5668.386420918158
5176 2046.0567823630513 5694.374275665746
5177 2121.776134274373 5772.337839908508
5178 1573.317662197021 5244.485585244682
5179 1623.7972301379023 5296.461294739856
5180 1724.756366019664 5400.412713730206
5181 1775.235933960545 5452.3884232253795
5182 1800.4757179309856 5478.376277972967
5183 1876.195069842307 5556.339842215729
5184 1926.674637783188 5608.3155517109035
5185 1951.9144217536286 5634.303406458491
5186 1977.154205724069 5660.291261206078
5187 2002.3939896945094 5686.2791159536655
5188 2027.63377366495 5712.266970701252
5189 2052.8735576353906 5738.254825448839
5190 2078.113341605831 5764.242680196427
5191 1529.6548695284791 5236.3904255326015
5192 1554.8946534989198 5262.378280280189
5193 1580.1344374693604 5288.366135027776
5194 1605.3742214398007 5314.353989775363
5195 1630.6140054102411 5340.34184452295
5196 1681.0935733511221 5392.317554018125
5197 1706.3333573215627 5418.305408765712
5198 1731.5731412920031 5444.293263513299
5199 1756.8129252624437 5470.281118260887
5200 1782.0527092328841 5496.268973008474
5201 1908.2516290850867 5626.20824674641
5202 1983.9709809964081 5704.171810989172
5203 2009.2107649668485 5730.159665736759
5204 2059.6903329077295 5782.135375231934
5205 1536.4716448008185 5280.270975315695
5206 1561.7114287712589 5306.258830063282
5207 1586.9512127416995 5332.24668481087
5208 1612.1909967121398 5358.234539558457
5209 1662.6705646530208 5410.210249053632
5210 1687.9103486234612 5436.198103801219
5211 1738.3899165643425 5488.173813296393
5212 1763.6297005347828 5514.16166804398
5213 1864.5888364165448 5618.1130870343295
5214 1889.8286203869852 5644.100941781917
5215 1965.5479722983068 5722.064506024679
5216 2016.0275402391876 5774.0402155198535
5217 2041.2673242096282 5800.028070267441
5218 1492.8088521322766 5272.175815603615
5219 1518.048636102717 5298.163670351202
5220 1568.528204043598 5350.139379846377
5221 1593.7679880140386 5376.127234593963
5222 1669.48733992536 5454.090798836725
5223 1694.7271238958006 5480.078653584313
5224 1820.926043748003 5610.017927322249
5225 1871.405611688884 5661.993636817424
5226 1896.6453956593243 5687.981491565011
5227 1921.885179629765 5713.969346312599
5228 1947.1249636002053 5739.957201060185
5229 1972.3647475706457 5765.945055807772
5230 1997.6045315410863 5791.93291055536
5231 2022.844315511527 5817.920765302947
5232 1524.865411375056 5342.044220134296
5233 1550.1051953454967 5368.032074881883
5234 1625.824547256818 5445.995639124645
5235 1651.0643312272587 5471.983493872232
5236 1676.304115197699 5497.97134861982
5237 1726.78368313858 5549.947058114994
5238 1827.742819020342 5653.898477105343
5239 1852.9826029907824 5679.88633185293
5240 1903.4621709316634 5731.862041348105
5241 1928.701954902104 5757.849896095692
5242 1979.181522842985 5809.825605590867
5243 2029.661090783866 5861.801315086041
5244 1556.9219706178358 5411.912624664978
5245 1607.4015385587168 5463.888334160152
5246 1632.6413225291572 5489.876188907739
5247 1733.6004584109191 5593.827607898088
5248 1758.8402423813595 5619.815462645675
5249 1784.0800263518001 5645.803317393263
5250 1834.5595942926811 5697.779026888437
5251 1859.7993782631215 5723.766881636025
5252 1935.5187301744431 5801.730445878786
5253 1462.7796100084129 5351.841755457723
5254 1488.0193939788533 5377.829610205309
5255 1513.2591779492939 5403.817464952896
5256 1563.7387458901749 5455.793174448071
5257 1614.2183138310559 5507.768883943246
5258 1664.6978817719369 5559.74459343842
5259 1715.1774497128179 5611.720302933595
5260 1740.4172336832582 5637.708157681182
5261 1765.6570176536989 5663.696012428769
5262 1790.8968016241392 5689.683867176356
5263 1841.3763695650202 5741.659576671531
5264 1917.0957214763416 5819.623140914293
5265 1942.3355054467822 5845.61099566188
5266 1967.5752894172228 5871.598850409468
5267 1992.8150733876632 5897.586705157055
5268 1419.116817339871 5343.746595745642
5269 1494.8361692511926 5421.710159988404
5270 1520.075953221633 5447.698014735991
5271 1545.3157371920734 5473.685869483578
5272 1570.555521162514 5499.673724231166
5273 1621.035089103395 5551.649433726339
5274 1646.2748730738354 5577.637288473927
5275 1696.7544410147163 5629.612997969101
5276 1772.4737929260377 5707.576562211863
5277 1797.7135768964783 5733.564416959451
5278 1848.1931448373593 5785.540126454625
5279 1873.4329288077997 5811.527981202213
5280 1898.6727127782403 5837.5158359498
5281 1949.1522807191213 5889.491545444975
5282 1400.6938086417697 5361.639290781149
5283 1425.93359261221 5387.627145528736
5284 1451.1733765826507 5413.6150002763225
5285 1476.413160553091 5439.60285502391
5286 1526.892728493972 5491.5785645190845
5287 1552.1325124644127 5517.566419266672
5288 1577.372296434853 5543.554274014259
5289 1653.0916483461745 5621.517838257021
5290 1678.331432316615 5647.5056930046085
5291 1728.811000257496 5699.481402499783
5292 1754.0507842279364 5725.4692572473705
5293 1779.290568198377 5751.457111994957
5294 1804.5303521688174 5777.444966742544
5295 1829.770136139258 5803.432821490132
5296 1855.0099201096984 5829.420676237719
5297 1905.4894880505794 5881.396385732894
5298 1930.72927202102 5907.384240480481
5299 1955.9690559914604 5933.372095228068
5300 4436.0 4604.0
5301 4404.947677620024 4628.681931027666
5302 4249.6860657201405 4752.091586165994
5303 4187.581420960188 4801.455448221326
5304 4125.476776200234 4850.819310276657
5305 4032.3198090603046 4924.865103359654
5306 3970.2151643003513 4974.228965414986
5307 3939.1628419203744 4998.910896442652
5308 3877.0581971604215 5048.274758497983
5309 3846.005874780445 5072.956689525649
5310 3783.9012300204918 5122.3205515809805
5311 3752.848907640515 5147.0024826086465
5312 3690.744262880562 5196.366344663978
5313 4409.7417439655255 4570.964504089874
5314 4378.689421585549 4595.646435117539
5315 4285.532454445619 4669.692228200536
5316 4254.4801320656425 4694.374159228202
5317 4223.427809685666 4719.056090255868
5318 4192.37548730569 4743.738021283534
5319 4130.270842545736 4793.101883338865
5320 4099.218520165759 4817.783814366531
5321 4037.113875405806 4867.147676421862
5322 3943.9569082658763 4941.19346950486
5323 3850.7999411259466 5015.239262587857
5324 3819.74761874597 5039.9211936155225
5325 3695.538329226064 5138.648917726186
5326 3664.486006846087 5163.330848753852
5327 4383.483487931051 4537.929008179747
5328 4352.431165551074 4562.610939207413
5329 4321.378843171097 4587.292870235079
5330 4290.326520791121 4611.974801262744
5331 4259.274198411144 4636.65673229041
5332 4228.221876031168 4661.338663318076
5333 4135.064908891238 4735.384456401073
5334 4104.012586511261 4760.066387428739
5335 4072.960264131285 4784.748318456404
5336 4041.907941751308 4809.43024948407
5337 4010.8556193713316 4834.112180511736
5338 3917.698652231402 4908.157973594733
5339 3855.594007471449 4957.5218356500645
5340 3793.4893627114957 5006.8856977053965
5341 3762.437040331519 5031.5676287330625
5342 3731.3847179515424 5056.249559760728
5343 3700.332395571566 5080.931490788394
5344 3669.280073191589 5105.61342181606
5345 3638.2277508116126 5130.295352843726
5346 4357.225231896576 4504.893512269621
5347 4264.068264756646 4578.939305352618
5348 4201.9636199966935 4628.303167407949
5349 4139.85897523674 4677.667029463281
5350 4108.806652856763 4702.348960490947
5351 4077.754330476787 4727.030891518612
5352 4015.6496857168336 4776.394753573944
5353 3953.5450409568803 4825.7586156292755
5354 3922.492718576904 4850.4405466569415
5355 3891.4403961969274 4875.1224776846075
5356 3829.335751436974 4924.486339739939
5357 3798.283429056997 4949.168270767605
5358 3674.074139537091 5047.895994878268
5359 3643.0218171571146 5072.577925905933
5360 3611.9694947771377 5097.259856933599
5361 4299.914653482125 4496.53994738716
5362 4268.862331102148 4521.221878414826
5363 4175.705363962218 4595.267671497823
5364 4144.653041582242 4619.949602525489
5365 4020.4437520623355 4718.677326636152
5366 3958.339107302382 4768.0411886914835
5367 3927.286784922406 4792.7231197191495
5368 3865.1821401624525 4842.086981774481
5369 3834.129817782476 4866.768912802147
5370 3803.077495402499 4891.450843829813
5371 3772.0251730225227 4916.132774857478
5372 3678.868205882593 4990.178567940476
5373 3647.815883502616 5014.860498968141
5374 3616.7635611226397 5039.542429995807
5375 3585.711238742663 5064.224361023473
5376 4304.708719827627 4438.822520449368
5377 4273.65639744765 4463.504451477034
5378 4211.5517526876965 4512.868313532365
5379 4118.394785547767 4586.9141066153625
5380 4087.342463167791 4611.5960376430285
5381 4056.290140787814 4636.2779686706945
5382 4025.2378184078375 4660.95989969836
5383 3994.1854960278606 4685.641830726026
5384 3963.133173647884 4710.3237617536915
5385 3901.0285288879313 4759.687623809023
5386 3869.9762065079544 4784.369554836689
5387 3838.923884127978 4809.051485864355
5388 3776.8192393680247 4858.415347919686
5389 3683.662272228095 4932.461141002683
5390 3590.505305088165 5006.506934085681
5391 3559.4529827081888 5031.188865113346
5392 4733.0 3344.0
5393 4780.859792374834 3406.8525279828727
5394 4828.719584749667 3469.705055965746
5395 4876.579377124501 3532.5575839486187
5396 4924.439169499335 3595.410111931492
5397 4972.298961874168 3658.2626399143646
5398 5020.1587542490015 3721.1151678972374
5399 5068.0185466238345 3783.9676958801106
5400 5163.738131373502 3909.6727518458565
5401 4764.019558084064 3419.675721298493
5402 4811.8793504588975 3482.528249281366
5403 4859.7391428337305 3545.3807772642385
5404 4907.598935208564 3608.2333052471117
5405 4955.458727583398 3671.0858332299845
5406 5003.318519958231 3733.9383612128577
5407 5146.897897082732 3922.4959451614764
5408 4747.179323793294 3432.498914614113
5409 4795.039116168127 3495.3514425969856
5410 4842.898908542961 3558.203970579859
5411 4986.478285667462 3746.7615545284775
5412 5082.197870417129 3872.4666104942235
5413 4682.479297127691 3382.46957994686
5414 4730.339089502524 3445.3221079297327
5415 4826.058674252192 3571.0271638954787
5416 4873.918466627025 3633.8796918783514
5417 5065.3576361263595 3885.2898038098433
5418 4665.639062836921 3395.29277326248
5419 4761.358647586588 3520.997829228226
5420 4809.218439961422 3583.8503572110985
5421 4857.0782323362555 3646.7028851939713
5422 4904.9380247110885 3709.5554131768445
5423 4952.797817085922 3772.407941159717
5424 5000.657609460756 3835.2604691425904
5425 5048.517401835589 3898.112997125463
5426 5096.377194210423 3960.965525108336
5427 4648.7988285461515 3408.1159665780997
5428 4696.6586209209845 3470.968494560973
5429 4744.518413295818 3533.8210225438456
5430 4840.237998045485 3659.5260785095916
5431 4935.957582795152 3785.231134475337
5432 4983.817375169986 3848.0836624582103
5433 4679.818386630215 3483.7916878765927
5434 4727.678179005049 3546.6442158594655
5435 4775.537971379882 3609.4967438423387
5436 4871.257556129549 3735.201799808084
5437 4615.118359964612 3433.76235320934
5438 4710.837944714279 3559.467409175086
5439 4806.557529463946 3685.1724651408313
5440 4854.41732183878 3748.0249931237045
5441 4902.2771142136135 3810.877521106577
5442 4646.137918048676 3509.4380745078324
5443 4741.8575027983425 3635.1431304735784
5444 4933.296672297677 3886.5532424050703
5445 4981.15646467251 3949.405770387943
5446 5029.016257047344 4012.258298370816
5447 4581.437891383072 3459.4087398405795
5448 4629.297683757906 3522.2612678234527
5449 4772.877060882406 3710.8188517720714
5450 4820.73685325724 3773.671379754944
5451 4868.596645632074 3836.5239077378174
5452 4564.597657092302 3472.2319331562
5453 4612.457449467136 3535.0844611390726
5454 4660.31724184197 3597.9369891219453
5455 4708.177034216803 3660.7895171048185
5456 4803.896618966471 3786.494573070564
5457 4851.756411341304 3849.347101053437
5458 4899.6162037161375 3912.19962903631
5459 4947.475996090971 3975.052157019183
5460 4995.335788465804 4037.904685002056
5461 4547.757422801533 3485.0551264718197
5462 4595.617215176367 3547.9076544546924
5463 4691.336799926034 3673.6127104204384
5464 4739.1965923008665 3736.465238403311
5465 4787.0563846757 3799.3177663861843
5466 4674.496565635263 3686.435903736058
5467 4818.075942759764 3874.993487684677
5468 4865.935735134598 3937.84601566755
5469 4913.795527509432 4000.698543650423
5470 4961.655319884265 4063.5510716332956
5471 4514.076954219993 3510.7015131030594
5472 4657.656331344494 3699.2590970516785
5473 4753.375916094161 3824.964153017424
5474 4896.955293218662 4013.5217369660427
5475 4944.8150855934955 4076.374264948916
5476 4497.236719929224 3523.5247064186797
5477 4545.096512304057 3586.3772344015524
5478 4688.675889428558 3774.934818350171
5479 4736.5356818033915 3837.7873463330443
5480 4880.115058927892 4026.3449302816625
5481 4927.974851302725 4089.1974582645357
5482 4480.396485638454 3536.3478997342995
5483 4528.256278013288 3599.2004277171723
5484 4623.975862762954 3724.905483682918
5485 4671.835655137788 3787.758011665791
5486 4767.555239887455 3913.463067631537
5487 4863.274824637122 4039.168123597283
5488 4911.134617011956 4102.020651580156
5489 4702.855213221852 3863.433732964284
5490 4846.434590346353 4051.9913169129027
5491 4446.716017056914 3561.994286365539
5492 4494.575809431748 3624.8468143484124
5493 4638.155186556249 3813.404398297031
5494 4733.874771305916 3939.109454262777
5495 4781.7345636807495 4001.96198224565
5496 4877.454148430416 4127.667038211395
5497 4525.595367515812 3700.522535646905
5498 4669.174744640312 3889.0801195955237
5499 4764.894329389979 4014.7851755612696
5500 4860.613914139647 4140.490231527016
5501 1012.0 3168.0
5502 1041.4146053435209 3182.2088741143
5503 1070.8292106870415 3196.4177482286004
5504 1100.2438160305624 3210.6266223429006
5505 1129.658421374083 3224.835496457201
5506 1159.0730267176039 3239.044370571501
5507 1188.4876320611247 3253.2532446858013
5508 1247.3168427481662 3281.6709929144017
5509 1335.5606587787286 3324.297615257302
5510 1423.804474809291 3366.9242376002026
5511 1453.2190801528116 3381.133111714503
5512 1482.6336854963324 3395.341985828803
5513 1512.048290839853 3409.550859943103
5514 1541.4628961833741 3423.7597340574034
5515 1600.2921068704154 3452.177482286004
5516 1629.7067122139365 3466.386356400304
5517 1659.1213175574571 3480.5952305146043
5518 1688.5359229009778 3494.8041046289045
5519 1031.890360027637 3201.9255606658157
5520 1120.1341760581993 3244.5521830087164
5521 1178.9633867452408 3272.969931237317
5522 1384.8656241498861 3372.432050037418
5523 1414.280229493407 3386.640924151718
5524 1473.1094401804485 3415.0586723803185
5525 1502.5240455239693 3429.2675464946187
5526 1561.3532562110108 3457.685294723219
5527 1590.7678615545317 3471.8941688375194
5528 1679.011677585094 3514.52079118042
5529 1708.426282928615 3528.72966529472
5530 992.9515093682323 3207.433373103031
5531 1051.7807200552738 3235.8511213316315
5532 1081.1953253987947 3250.0599954459317
5533 1140.0245360858362 3278.477743674532
5534 1169.439141429357 3292.6866177888323
5535 1228.2683521163985 3321.1043660174323
5536 1257.6829574599194 3335.3132401317325
5537 1287.09756280344 3349.5221142460327
5538 1316.512168146961 3363.730988360333
5539 1375.3413788340024 3392.1487365889334
5540 1434.170589521044 3420.566484817534
5541 1551.829010895127 3477.4019812747347
5542 1640.0728269256895 3520.0286036176353
5543 1669.4874322692103 3534.2374777319355
5544 1071.6710800829107 3269.776681997447
5545 1101.0856854264316 3283.9855561117474
5546 1130.5002907699525 3298.1944302260476
5547 1159.914896113473 3312.403304340348
5548 1218.7441068005146 3340.821052568948
5549 1248.1587121440355 3355.029926683248
5550 1336.4025281745978 3397.6565490261487
5551 1424.6463442051602 3440.2831713690493
5552 1454.060949548681 3454.4920454833496
5553 1483.4755548922017 3468.7009195976498
5554 1659.9631869533264 3553.9541642834506
5555 1003.3176240799854 3261.0756203203623
5556 1032.7322294235062 3275.2844944346625
5557 1062.146834767027 3289.4933685489627
5558 1209.2198614846309 3360.5377391204634
5559 1238.6344668281517 3374.7466132347636
5560 1356.2928882022347 3431.5821096919644
5561 1415.1220988892762 3459.999857920565
5562 1444.536704232797 3474.208732034865
5563 1473.9513095763177 3488.4176061491653
5564 1591.6097309504012 3545.253102606366
5565 1621.0243362939218 3559.461976720666
5566 1023.2079841076223 3295.001180986178
5567 1052.622589451143 3309.2100551004783
5568 1082.037194794664 3323.4189292147785
5569 1111.4518001381848 3337.6278033290787
5570 1140.8664054817054 3351.836677443379
5571 1170.2810108252263 3366.0455515576787
5572 1199.695616168747 3380.254425671979
5573 1229.1102215122678 3394.463299786279
5574 1258.5248268557887 3408.6721739005793
5575 1287.9394321993095 3422.8810480148795
5576 1317.3540375428302 3437.0899221291797
5577 1376.1832482298717 3465.50767035778
5578 1435.0124589169131 3493.9254185863806
5579 1493.8416696039549 3522.343166814981
5580 1523.2562749474755 3536.5520409292812
5581 1552.6708802909964 3550.7609150435815
5582 1640.9146963215587 3593.3875373864817
5583 1670.3293016650796 3607.596411500782
5584 984.2691334482178 3300.5089934233933
5585 1013.6837387917385 3314.7178675376936
5586 1072.51294947878 3343.135615766294
5587 1101.9275548223009 3357.3444898805938
5588 1160.7567655093424 3385.762238109194
5589 1190.1713708528632 3399.9711122234944
5590 1219.585976196384 3414.1799863377946
5591 1249.0005815399047 3428.388860452095
5592 1307.8297922269462 3456.8066086806953
5593 1337.244397570467 3471.0154827949955
5594 1366.659002913988 3485.2243569092957
5595 1396.0736082575086 3499.433231023596
5596 1425.4882136010294 3513.642105137896
5597 1454.9028189445503 3527.8509792521963
5598 1513.7320296315918 3556.2687274807968
5599 1572.5612403186333 3584.686475709397
5600 1601.9758456621541 3598.895349823697
5601 1631.390451005675 3613.104223937997
5602 1660.8050563491956 3627.3130980522974
5603 945.3302827888132 3306.0168058606087
5604 974.7448881323339 3320.225679974909
5605 1004.1594934758547 3334.434554089209
5606 1062.9887041628963 3362.8523023178095
5607 1092.403309506417 3377.0611764321093
5608 1121.8179148499378 3391.2700505464095
5609 1210.0617308805001 3433.89667288931
5610 1239.476336224021 3448.1055470036104
5611 1268.8909415675416 3462.3144211179106
5612 1298.3055469110625 3476.523295232211
5613 1327.7201522545834 3490.732169346511
5614 1415.9639682851457 3533.3587916894116
5615 1445.3785736286663 3547.567665803712
5616 1474.7931789721872 3561.776539918012
5617 1563.0369950027496 3604.4031622609127
5618 1621.866205689791 3632.8209104895127
5619 1651.2808110333117 3647.029784603813
5620 935.8060374729293 3325.733492412124
5621 994.6352481599708 3354.1512406407246
5622 1024.0498535034917 3368.360114755025
5623 1082.8790641905332 3396.777862983625
5624 1141.7082748775747 3425.1956112122252
5625 1171.1228802210956 3439.4044853265254
5626 1200.5374855646164 3453.6133594408257
5627 1229.952090908137 3467.822233555126
5628 1259.366696251658 3482.031107669426
5629 1318.1959069386994 3510.4488558980265
5630 1377.025117625741 3538.866604126627
5631 1524.0981443433448 3609.9109746981276
5632 1553.5127496868658 3624.1198488124282
5633 1612.341960373907 3652.537597041028
5634 926.2817921570455 3345.4501789636397
5635 985.111002844087 3373.86792719224
5636 1014.5256081876078 3388.0768013065403
5637 1043.9402135311286 3402.2856754208406
5638 1132.184029561691 3444.9122977637408
5639 1161.5986349052116 3459.121171878041
5640 1220.4278455922533 3487.5389201066414
5641 1308.6716616228155 3530.165542449542
5642 1367.5008723098572 3558.5832906781425
5643 1485.1592936839402 3615.4187871353433
5644 1514.573899027461 3629.627661249643
5645 1573.4031097145025 3658.0454094782435
5646 1602.8177150580234 3672.2542835925437
5647 916.7575468411617 3365.166865515155
5648 1034.4159682152447 3422.002361972356
5649 1063.8305735587655 3436.211236086656
5650 1122.659784245807 3464.6289843152563
5651 1152.074389589328 3478.8378584295565
5652 1210.9036002763694 3507.255606658157
5653 1240.3182056198903 3521.464480772457
5654 1357.9766269939732 3578.299977229658
5655 1416.8058376810147 3606.7177254582584
5656 1475.6350483680565 3635.135473686859
5657 1534.464259055098 3663.5532219154593
5658 1593.2934697421397 3691.9709701440593
5659 1622.7080750856603 3706.1798442583595
5660 966.0625122123193 3413.301300295271
5661 995.4771175558401 3427.510174409571
5662 1024.891722899361 3441.7190485238716
5663 1054.3063282428816 3455.9279226381714
5664 1083.7209335864025 3470.1367967524716
5665 1113.1355389299233 3484.345670866772
5666 1201.3793549604857 3526.9722932096724
5667 1260.2085656475272 3555.390041438273
5668 1289.6231709910478 3569.598915552573
5669 1319.0377763345687 3583.8077896668733
5670 1348.4523816780893 3598.0166637811735
5671 1377.8669870216102 3612.2255378954737
5672 1407.281592365131 3626.434412009774
5673 1466.1108030521725 3654.8521602383744
5674 1583.7692244262557 3711.687656695575
5675 956.5382668964355 3433.0179868467867
5676 1044.7820829269979 3475.644609189687
5677 1103.6112936140394 3504.0623574182873
5678 1133.0258989575602 3518.2712315325875
5679 1162.440504301081 3532.4801056468878
5680 1191.8551096446017 3546.688979761188
5681 1221.2697149881226 3560.897853875488
5682 1250.6843203316432 3575.1067279897884
5683 1427.1719523927682 3660.3599726755892
5684 1603.6595844538926 3745.6132173613905
5685 917.5994162370309 3438.525799284002
5686 1005.8432322675933 3481.1524216269027
5687 1094.0870482981557 3523.779043969803
5688 1152.9162589851971 3552.1967921984033
5689 1182.3308643287178 3566.4056663127035
5690 1211.7454696722386 3580.6145404270037
5691 1270.5746803592801 3609.032288655604
5692 1299.989285702801 3623.2411627699043
5693 1329.4038910463219 3637.4500368842046
5694 1388.2331017333634 3665.867785112805
5695 1417.6477070768842 3680.0766592271048
5696 1447.0623124204049 3694.2855333414054
5697 1476.4769177639257 3708.494407455705
5698 1564.720733794488 3751.121029798606
5699 937.4897762646679 3472.4513599498177
5700 996.3189869517093 3500.8691081784177
5701 1025.7335922952302 3515.077982292718
5702 1055.1481976387508 3529.286856407018
5703 1113.9774083257926 3557.7046046356186
5704 1143.3920136693132 3571.913478749919
5705 1172.806619012834 3586.122352864219
5706 1202.221224356355 3600.331226978519
5707 1231.6358296998756 3614.5401010928194
5708 1290.4650403869173 3642.95784932142
5709 1319.879645730438 3657.16672343572
5710 1349.2942510739588 3671.3755975500203
5711 1378.7088564174794 3685.5844716643205
5712 1408.1234617610003 3699.7933457786203
5713 1525.7818831350835 3756.628842235821
5714 1584.611093822125 3785.0465904644216
5715 869.1363202617424 3463.750298272733
5716 927.965530948784 3492.1680465013333
5717 957.3801362923048 3506.376920615633
5718 986.7947416358256 3520.5857947299337
5719 1016.2093469793464 3534.7946688442335
5720 1045.6239523228671 3549.0035429585337
5721 1104.4531630099086 3577.421291187134
5722 1133.8677683534295 3591.6301653014343
5723 1163.2823736969503 3605.8390394157345
5724 1192.696979040471 3620.0479135300347
5725 1251.5261897275125 3648.465661758635
5726 1310.355400414554 3676.8834099872356
5727 1369.1846111015957 3705.301158215836
5728 1398.5992164451166 3719.510032330136
5729 1428.0138217886372 3733.7189064444365
5730 1486.843032475679 3762.136654673037
5731 1516.2576378191995 3776.3455287873367
5732 918.4412856329002 3511.884733052849
5733 947.8558909764209 3526.0936071671485
5734 1036.0997070069834 3568.720229510049
5735 1124.3435230375458 3611.34685185295
5736 1153.7581283810664 3625.55572596725
5737 1212.587339068108 3653.9734741958505
5738 1242.0019444116288 3668.1823483101507
5739 1271.4165497551494 3682.391222424451
5740 1300.8311550986703 3696.600096538751
5741 1330.245760442191 3710.808970653051
5742 1359.6603657857117 3725.0178447673516
5743 1389.0749711292326 3739.2267188816513
5744 1418.4895764727535 3753.435592995952
5745 1447.904181816274 3767.6444671102518
5746 1506.7333925033158 3796.062215338852
5747 1536.1479978468365 3810.2710894531524
5748 1565.5626031903573 3824.4799635674526
5749 850.0878296299747 3503.183671375764
5750 879.5024349734956 3517.3925454900636
5751 908.9170403170164 3531.6014196043643
5752 938.3316456605371 3545.810293718664
5753 967.746251004058 3560.0191678329643
5754 1055.9900670346203 3602.645790175865
5755 1144.2338830651825 3645.2724125187656
5756 1173.6484884087033 3659.481286633066
5757 1232.4776990957448 3687.899034861666
5758 1320.7215151263072 3730.5256572045664
5759 1408.9653311568695 3773.1522795474675
5760 1438.3799365003904 3787.3611536617673
5761 1467.7945418439112 3801.570027776068
5762 1556.0383578744734 3844.196650118968
5763 840.563584314091 3522.9003579272794
5764 899.3927950011325 3551.31810615588
5765 928.8074003446533 3565.5269802701796
5766 987.6366110316949 3593.94472849878
5767 1017.0512163752156 3608.1536026130802
5768 1164.1242430928196 3679.1979731845813
5769 1281.7826644669026 3736.033469641782
5770 1311.1972698104234 3750.242343756082
5771 1340.611875153944 3764.4512178703826
5772 1370.026480497465 3778.6600919846824
5773 1458.2702965280273 3821.2867143275835
5774 1487.6849018715482 3835.4955884418832
5775 1517.0995072150688 3849.7044625561834
5776 1546.5141125585897 3863.9133366704837
5777 831.0393389982071 3542.617044478795
5778 860.453944341728 3556.8259185930947
5779 919.2831550287694 3585.243666821695
5780 948.6977603722903 3599.4525409359953
5781 978.112365715811 3613.6614150502955
5782 1007.5269710593318 3627.8702891645958
5783 1036.9415764028527 3642.079163278896
5784 1066.3561817463733 3656.288037393196
5785 1125.185392433415 3684.7057856217966
5786 1154.5999977769357 3698.914659736097
5787 1184.0146031204565 3713.123533850397
5788 1213.4292084639771 3727.3324079646973
5789 1242.843813807498 3741.541282078997
5790 1272.2584191510186 3755.7501561932977
5791 1360.5022351815812 3798.376778536198
5792 1389.9168405251019 3812.585652650498
5793 1448.7460512121436 3841.0034008790985
5794 1507.575261899185 3869.421149107699
5795 1536.9898672427057 3883.630023221999
5796 821.5150936823233 3562.3337310303104
5797 880.3443043693649 3590.751479258911
5798 909.7589097128856 3604.9603533732106
5799 939.1735150564064 3619.169227487511
5800 1056.8319364304896 3676.0047239447117
5801 1086.2465417740102 3690.213598059012
5802 1115.661147117531 3704.422472173312
5803 1145.075752461052 3718.6313462876124
5804 1233.319568491614 3761.257968630513
5805 1262.734173835135 3775.466842744813
5806 1292.1487791786558 3789.675716859113
5807 1321.5633845221764 3803.8845909734137
5808 1409.8072005527388 3846.511213316314
5809 1468.6364112397805 3874.9289615449143
5810 1527.4656219268218 3903.3467097735147
5811 929.6492697405226 3638.8859140390264
5812 959.0638750840434 3653.0947881533266
5813 988.4784804275641 3667.303662267627
5814 1017.8930857710849 3681.512536381927
5815 1047.3076911146056 3695.7214104962272
5816 1076.7222964581265 3709.9302846105275
5817 1106.1369018016471 3724.1391587248277
5818 1135.551507145168 3738.348032839128
5819 1164.9661124886889 3752.556906953428
5820 1194.3807178322095 3766.7657810677283
5821 1223.7953231757303 3780.974655182028
5822 1253.2099285192512 3795.1835292963287
5823 1282.6245338627718 3809.3924034106285
5824 1370.8683498933342 3852.019025753529
5825 1459.1121659238966 3894.64564809643
5826 802.4666030505556 3601.7671041333415
5827 920.1250244246387 3658.602600590542
5828 978.9542351116803 3687.0203488191423
5829 1008.368840455201 3701.2292229334425
5830 1037.783445798722 3715.4380970477428
5831 1067.1980511422425 3729.646971162043
5832 1096.6126564857634 3743.855845276343
5833 1126.0272618292843 3758.0647193906434
5834 1155.441867172805 3772.2735935049436
5835 1184.8564725163258 3786.482467619244
5836 1214.2710778598464 3800.6913417335436
5837 1243.6856832033673 3814.9002158478443
5838 1273.100288546888 3829.109089962144
5839 1302.5148938904088 3843.3179640764447
5840 1390.7587099209711 3885.944586419345
5841 1449.5879206080126 3914.3623346479453
5842 792.9423577346718 3621.483790684857
5843 881.1861737652341 3664.110413027757
5844 910.6007791087549 3678.3192871420574
5845 940.0153844522756 3692.5281612563576
5846 998.8445951393172 3720.945909484958
5847 1028.259200482838 3735.1547835992583
5848 1057.6738058263588 3749.3636577135585
5849 1145.9176218569212 3791.990280056459
5850 1175.3322272004418 3806.1991541707594
5851 1204.7468325439627 3820.408028285059
5852 1263.5760432310042 3848.8257765136595
5853 1322.4052539180457 3877.24352474226
5854 1410.649069948608 3919.8701470851606
5855 1469.4782806356498 3948.287895313761
5856 1498.8928859791704 3962.4967694280613
5857 783.418112418788 3641.200477236372
5858 842.2473231058295 3669.6182254649725
5859 871.6619284493503 3683.8270995792727
5860 901.076533792871 3698.035973693573
5861 930.4911391363919 3712.244847807873
5862 959.9057444799126 3726.4537219221734
5863 1018.7349551669543 3754.871470150774
5864 1048.149560510475 3769.080344265074
5865 1077.5641658539957 3783.2892183793742
5866 1165.807981884558 3825.915840722275
5867 1195.2225872280787 3840.1247148365746
5868 1224.6371925715996 3854.3335889508753
5869 1254.0517979151205 3868.542463065175
5870 1312.881008602162 3896.9602112937755
5871 1342.2956139456828 3911.1690854080757
5872 1489.3686406632867 3982.213455979577
5873 773.8938671029041 3660.9171637878876
5874 862.1376831334665 3703.5437861307882
5875 891.5522884769873 3717.7526602450885
5876 920.9668938205081 3731.9615343593887
5877 950.3814991640288 3746.170408473689
5878 979.7961045075496 3760.379282587989
5879 1009.2107098510703 3774.5881567022893
5880 1068.0399205381118 3803.0059049308898
5881 1273.9421579427574 3902.468023730991
5882 1303.3567632862782 3916.676897845291
5883 1332.7713686297989 3930.8857719595912
5884 1362.1859739733197 3945.0946460738915
5885 1421.0151846603612 3973.512394302492
5886 852.6134378175826 3723.2604726823038
5887 911.4426485046241 3751.678220910904
5888 940.8572538481449 3765.8870950252044
5889 970.2718591916657 3780.0959691395046
5890 999.6864645351865 3794.304843253805
5891 1029.1010698787072 3808.513717368105
5892 1117.3448859092696 3851.1403397110057
5893 1146.7594912527902 3865.349213825306
5894 1205.588701939832 3893.7669620539064
5895 1264.4179126268734 3922.184710282507
5896 1323.247123313915 3950.6024585111068
5897 1352.6617286574358 3964.811332625407
5898 1382.0763340009566 3979.020206739707
5899 1411.4909393444773 3993.2290808540074
5900 1470.320150031519 4021.646829082608
5901 784.2599818146572 3714.559411005219
5902 813.6745871581779 3728.7682851195195
5903 843.0891925016988 3742.9771592338193
5904 931.3330085322611 3785.60378157672
5905 1048.9914299063441 3842.439278033921
5906 1078.406035249865 3856.648152148221
5907 1107.8206405933856 3870.8570262625212
5908 1196.064456623948 3913.483648605422
5909 1225.4790619674689 3927.6925227197216
5910 1254.8936673109897 3941.9013968340223
5911 1343.137483341552 3984.5280191769225
5912 1372.5520886850727 3998.7368932912227
5913 1431.3812993721144 4027.154641519823
5914 1460.795904715635 4041.3635156341234
5915 833.564947185815 3762.693845785335
5916 892.3941578728565 3791.1115940139352
5917 921.8087632163772 3805.3204681282355
5918 951.2233685598981 3819.5293422425357
5919 980.6379739034188 3833.738216356836
5920 1039.4671845904604 3862.155964585436
5921 1068.881789933981 3876.3648386997365
5922 1098.296395277502 3890.5737128140363
5923 1127.7110006210228 3904.782586928337
5924 1157.1256059645434 3918.9914610426367
5925 1186.5402113080643 3933.200335156937
5926 1274.7840273386266 3975.8269574998376
5927 1304.1986326821475 3990.035831614138
5928 1392.4424487127098 4032.6624539570385
5929 1421.8570540562305 4046.8713280713387
5930 1451.2716593997511 4061.080202185639
5931 765.2114911828896 3753.99278410825
5932 794.6260965264104 3768.20165822255
5933 824.0407018699311 3782.4105323368503
5934 912.2845179004935 3825.037154679751
5935 971.113728587535 3853.4549029083514
5936 1000.5283339310558 3867.6637770226516
5937 1029.9429392745765 3881.8726511369514
5938 1059.3575446180973 3896.081525251252
5939 1088.7721499616182 3910.290399365552
5940 1147.6013606486597 3938.7081475941523
5941 1177.0159659921806 3952.9170217084525
5942 1265.259782022743 3995.543644051353
5943 1294.6743873662635 4009.7525181656533
5944 1324.0889927097844 4023.9613922799535
5945 1353.5035980533053 4038.1702663942538
5946 1382.918203396826 4052.379140508554
5947 3152.8100470725617 5071.991164625699
5948 3269.3500784542694 5191.985274376164
5949 3444.1601255268306 5371.976439001863
5950 3502.4301412176846 5431.973493877095
5951 3560.7001569085382 5491.970548752328
5952 3618.9701725993923 5551.967603627561
5953 3013.10207082921 4974.498101191926
5954 3071.372086520064 5034.495156067159
5955 3129.6421022109175 5094.492210942392
5956 3187.9121179017716 5154.489265817625
5957 3304.4521492834792 5274.48337556809
5958 3479.2621963560405 5454.474540193789
5959 3595.8022277377486 5574.468649944254
5960 2931.664110276712 4937.002092633387
5961 2989.934125967566 4996.99914750862
5962 3106.474157349274 5116.993257259086
5963 3164.744173040128 5176.990312134319
5964 3281.284204421835 5296.984421884784
5965 3397.824235803543 5416.97853163525
5966 3456.0942514943968 5476.975586510483
5967 3514.364267185251 5536.972641385715
5968 3572.6342828761044 5596.969696260949
5969 2908.4961654150684 4959.503138950081
5970 3025.036196796776 5079.497248700546
5971 3199.8462438693377 5259.488413326245
5972 3374.656290941899 5439.479577951944
5973 2885.3282205534247 4982.004185266775
5974 2943.5982362442783 5042.001240142007
5975 3001.8682519351323 5101.99829501724
5976 3060.138267625986 5161.995349892473
5977 3118.40828331684 5221.992404767706
5978 3409.7583617711093 5521.97767914387
5979 3468.028377461963 5581.9747340191025
5980 3526.298393152817 5641.971788894336
5981 2862.160275691781 5004.505231583468
5982 2978.7003070734886 5124.499341333933
5983 3036.970322764342 5184.496396209167
5984 3153.51035414605 5304.490505959632
5985 3211.780369836904 5364.487560834865
5986 3328.3204012186116 5484.481670585331
5987 3386.590416909465 5544.4787254605635
5988 3013.8023779026985 5206.997442525861
5989 3072.072393593552 5266.994497401093
5990 3246.882440666114 5446.985662026791
5991 3363.4224720478214 5566.979771777257
5992 2874.0944016593467 5109.504379092088
5993 2932.3644173502007 5169.501433967321
5994 3048.9044487319084 5289.495543717787
5995 3165.444480113616 5409.489653468252
5996 3223.71449580447 5469.486708343486
5997 3281.9845114953237 5529.483763218718
5998 3340.2545271861777 5589.480818093951
5999 3398.5245428770313 5649.477872969183
6000 2850.926456797703 5132.005425408782
6001 2967.4664881794106 5251.999535159248
6002 3025.7365038702646 5311.9965900344805
6003 3142.2765352519723 5431.990699784946
6004 3258.81656663368 5551.984809535412
6005 3375.3565980153876 5671.978919285877
6006 2769.488496245205 5094.509416850243
6007 2944.298543317767 5274.5005814759415
6008 3060.8385746994745 5394.494691226407
6009 3235.6486217720358 5574.4858558521055
6010 3293.91863746289 5634.482910727338
6011 2746.3205513835615 5117.0104631669365
6012 3037.670629837831 5416.9957375431
6013 3329.0207082920997 5716.981011919264
6014 2781.4226222127713 5199.508564358863
6015 2956.232669285333 5379.499728984561
6016 3014.5026849761866 5439.496783859794
6017 3072.7727006670407 5499.493838735027
6018 3189.3127320487483 5619.487948485493
6019 3305.852763430456 5739.482058235958
6020 2699.984661660274 5162.012555800324
6021 2874.7947087328353 5342.0037204260225
6022 3224.414802877958 5701.986049677419
6023 2735.086732489484 5244.51065699225
6024 2851.6267638711915 5364.504766742716
6025 3084.706826634607 5604.4929862436475
6026 3259.5168737071685 5784.484150869345
6027 3317.786889398022 5844.481205744578
6028 2653.648771936986 5207.014648433711
6029 2711.91878762784 5267.011703308944
6030 2886.7288347004014 5447.002867934642
6031 3003.268866082109 5566.996977685108
6032 3061.538881772963 5626.99403256034
6033 3236.3489288455244 5806.985197186039
6034 3294.6189445363784 5866.9822520612715
6035 2688.750842766196 5289.512749625637
6036 2805.2908741479037 5409.506859376103
6037 2863.5608898387577 5469.503914251336
6038 2921.8309055296113 5529.500969126569
6039 2980.1009212204654 5589.498024001801
6040 3038.370936911319 5649.495078877035
6041 3096.640952602173 5709.492133752267
6042 3154.9109682930266 5769.4891886275
6043 3213.1809839838807 5829.486243502733
6044 3271.4509996747347 5889.483298377965
6045 2607.3128822136987 5252.016741067098
6046 2665.5828979045523 5312.013795942331
6047 2723.852913595406 5372.010850817564
6048 2782.12292928626 5432.007905692797
6049 2840.392944977114 5492.00496056803
6050 2898.6629606679676 5552.002015443262
6051 2956.9329763588216 5611.999070318495
6052 3073.4730077405293 5731.993180068961
6053 3131.743023431383 5791.990234944194
6054 3190.013039122237 5851.987289819426
6055 3248.2830548130905 5911.984344694659
6056 2642.4149530429086 5334.514842259025
6057 2758.954984424616 5454.508952009491
6058 2817.22500011547 5514.506006884723
6059 3050.305062878885 5754.494226385655
6060 3108.575078569739 5814.491281260887
6061 2560.976992490411 5297.018833700486
6062 2619.2470081812644 5357.015888575718
6063 2677.5170238721184 5417.012943450951
6064 2794.057055253826 5537.007053201417
6065 2910.5970866355337 5657.001162951882
6066 2968.867102326388 5716.998217827115
6067 3143.677149398949 5896.9893824528135
6068 3201.947165089803 5956.986437328047
6069 2596.0790633196207 5379.516934892412
6070 2654.3490790104743 5439.5139897676445
6071 2712.6190947013283 5499.511044642878
6072 2887.42914177389 5679.502209268576
6073 3003.9691731555977 5799.496319019042
6074 3062.2391888464513 5859.493373894275
6075 2572.911118457977 5402.0179812091055
6076 2631.1811341488306 5462.015036084338
6077 2864.261196912246 5702.0032555852695
6078 2980.8012282939535 5821.997365335736
6079 3039.0712439848076 5881.994420210968
6080 3097.3412596756616 5941.991475086201
6081 3155.611275366515 6001.988529961434
6082 2491.473157905479 5364.521972650567
6083 2549.743173596333 5424.519027525799
6084 2608.013189287187 5484.516082401032
6085 2666.283204978041 5544.513137276265
6086 2841.093252050602 5724.504301901963
6087 2899.363267741456 5784.501356777197
6088 2957.63328343231 5844.498411652429
6089 3074.1733148140174 5964.492521402894
6090 3132.4433305048715 6024.489576278127
6091 2526.575228734689 5447.020073842493
6092 2643.1152601163967 5567.014183592959
6093 2701.3852758072508 5627.011238468192
6094 2876.195322879812 5807.002403093889
6095 2934.465338570666 5866.999457969123
6096 2992.7353542615197 5926.9965128443555
6097 3051.0053699523737 5986.993567719588
6098 3109.2753856432273 6046.990622594822
6099 2503.4072838730453 5469.5211201591865
6100 2561.677299563899 5529.518175034419
6101 2619.947315254753 5589.515229909653
6102 2853.0273780181683 5829.503449410584
6103 2911.297393709022 5889.5005042858165
6104 2969.567409399876 5949.497559161049
6105 3086.1074407815836 6069.491668911514
6106 2655.049386083963 5672.013331101579
6107 2713.319401774817 5732.010385976811
6108 2771.5894174656705 5792.007440852044
6109 2946.399464538232 5971.998605477743
6110 3004.669480229086 6031.995660352975
6111 2398.801378458904 5454.526157917341
6112 2457.071394149758 5514.523212792574
6113 2573.611425531465 5634.517322543039
6114 2748.421472604027 5814.508487168738
6115 2864.9615039857345 5934.502596919203
6116 2923.2315196765885 5994.499651794436
6117 2981.501535367442 6054.496706669669
6118 2375.63343359726 5477.027204234035
6119 2433.9034492881137 5537.024259109267
6120 2841.7935591240907 5957.0036432358975
6121 2900.0635748149443 6017.00069811113
6122 2352.465488735616 5499.528250550728
6123 2410.73550442647 5559.525305425961
6124 2469.0055201173236 5619.522360301194
6125 2702.085582880739 5859.510579802125
6126 2760.355598571593 5919.5076346773585
6127 2818.6256142624466 5979.50468955259
6128 2876.8956299533006 6039.501744427824
6129 2935.165645644154 6099.498799303056
6130 2751.0 3053.0
6131 2888.410707244705 2999.7034486427024
6132 2957.116060867057 2973.055172964054
6133 3025.8214144894096 2946.406897285405
6134 3094.526768111762 2919.758621606756
6135 3231.9374753564666 2866.462070249459
6136 3369.3481826011716 2813.1655188921613
6137 3506.758889845876 2759.8689675348637
6138 3575.4642434682287 2733.220691856215
6139 2759.4148888357254 3074.695509312616
6140 2896.82559608043 3021.3989579553186
6141 3034.236303325135 2968.102406598021
6142 3171.6470105698395 2914.8058552407238
6143 3240.352364192192 2888.157579562075
6144 3309.057717814544 2861.509303883426
6145 3446.468425059249 2808.212752526129
6146 3515.1737786816016 2781.56447684748
6147 3583.879132303954 2754.9162011688313
6148 2905.2404849161553 3043.0944672679348
6149 3042.65119216086 2989.797915910637
6150 3111.3565457832124 2963.1496402319885
6151 3180.061899405565 2936.50136455334
6152 3248.767253027917 2909.853088874691
6153 3454.8833138949744 2829.9082618387447
6154 3660.9993747620315 2749.9634348027985
6155 2776.2446665071757 3118.086527937848
6156 2913.6553737518802 3064.789976580551
6157 2982.3607273742327 3038.141700901902
6158 3051.0660809965852 3011.4934252232533
6159 3119.7714346189377 2984.8451495446047
6160 3188.47678824129 2958.1968738659557
6161 3257.1821418636423 2931.548598187307
6162 3325.887495485995 2904.9003225086585
6163 3532.003556353052 2824.9554954727123
6164 3600.7089099754044 2798.3072197940633
6165 3669.414263597757 2771.6589441154147
6166 2853.364908965253 3113.1337615718157
6167 2922.0702625876056 3086.4854858931667
6168 2990.775616209958 3059.837210214518
6169 3059.48096983231 3033.1889345358695
6170 3128.1863234546627 3006.540658857221
6171 3196.891677077015 2979.892383178572
6172 3265.5970306993677 2953.2441074999233
6173 3471.7130915664247 2873.299280463977
6174 3540.4184451887772 2846.651004785328
6175 2861.7797978009785 3134.829270884432
6176 2930.4851514233305 3108.180995205783
6177 3067.8958586680355 3054.8844438484857
6178 3136.601212290388 3028.2361681698367
6179 3205.3065659127406 3001.587892491188
6180 3274.0119195350926 2974.9396168125395
6181 3411.4226267797976 2921.643065455242
6182 3548.833334024502 2868.3465140979442
6183 3617.5386876468547 2841.6982384192956
6184 2801.4893330143514 3183.1730558756967
6185 2870.1946866367034 3156.5247801970477
6186 2938.900040259056 3129.876504518399
6187 3007.6053938814084 3103.2282288397505
6188 3076.310747503761 3076.5799531611015
6189 3145.016101126113 3049.931677482453
6190 3213.7214547484655 3023.2834018038043
6191 3282.426808370818 2996.6351261251552
6192 3351.1321619931705 2969.9868504465067
6193 3419.8375156155225 2943.338574767858
6194 3488.542869237875 2916.690299089209
6195 3625.9535764825796 2863.393747731912
6196 3694.658930104932 2836.745472053263
6197 2809.9042218500763 3204.868565188313
6198 2878.609575472429 3178.220289509664
6199 3016.0202827171333 3124.9237381523667
6200 3084.725636339486 3098.2754624737177
6201 3153.4309899618383 3071.627186795069
6202 3359.5470508288954 2991.682359759123
6203 3428.252404451248 2965.0340840804743
6204 3496.9577580736004 2938.385808401825
6205 3565.6631116959525 2911.7375327231766
6206 3634.368465318305 2885.089257044528
6207 2818.3191106858017 3226.5640745009287
6208 3161.8458787975633 3093.3226961076853
6209 3505.3726469093253 2960.0813177144414
6210 3574.078000531678 2933.433042035793
6211 3642.7833541540303 2906.784766357144
6212 3711.4887077763824 2880.136490678495
6213 2895.439353143879 3221.6113081348963
6214 3032.850060388584 3168.3147567775986
6215 3101.555414010936 3141.66648109895
6216 3170.2607676332887 3115.018205420301
6217 3238.966121255641 3088.3699297416524
6218 3307.671474877993 3061.721654063004
6219 3445.082182122698 3008.425102705706
6220 3513.7875357450507 2981.7768270270576
6221 2903.8542419796045 3243.3068174475125
6222 3109.9703028466615 3163.3619904115662
6223 3316.0863637137186 3083.41716337562
6224 3384.791717336071 3056.768887696971
6225 3453.4970709584236 3030.1206120183224
6226 3522.202424580776 3003.472336339674
6227 2843.5637771929773 3291.6506024387772
6228 2912.2691308153294 3265.002326760128
6229 2980.974484437682 3238.3540510814796
6230 3049.6798380600344 3211.705775402831
6231 3187.090545304739 3158.4092240455334
6232 3324.501252549444 3105.1126726882358
6233 3393.206606171796 3078.464397009587
6234 3461.9119597941485 3051.8161213309386
6235 3530.617313416501 3025.1678456522895
6236 3599.3226670388535 2998.519569973641
6237 3668.028020661206 2971.8712942949924
6238 3126.800080518112 3206.753009036798
6239 3195.5054341404643 3180.1047333581496
6240 3401.6214950075214 3100.1599063222034
6241 3470.326848629874 3073.5116306435543
6242 3539.0322022522264 3046.8633549649057
6243 3607.737555874579 3020.215079286257
6244 3676.442909496931 2993.566803607608
6245 3745.1482631192835 2966.9185279289595
6246 2860.3935548644276 3335.041621064009
6247 2929.0989084867797 3308.3933453853606
6248 2997.804262109132 3281.745069706712
6249 3272.6256765985418 3175.1519669921167
6250 3341.3310302208943 3148.503691313468
6251 3478.741737465599 3095.2071399561705
6252 3616.152444710304 3041.9105885988733
6253 3684.8577983326563 3015.2623129202243
6254 2937.513797322505 3330.088854697977
6255 3006.2191509448576 3303.4405790193277
6256 3143.6298581895626 3250.1440276620306
6257 3281.040565434267 3196.847476304733
6258 3349.7459190566196 3170.1992006260843
6259 3418.4512726789717 3143.5509249474353
6260 3624.567333546029 3063.606097911489
6261 3693.2726871683817 3036.9578222328405
6262 3014.6340397805825 3325.136088331944
6263 3152.0447470252875 3271.8395369746468
6264 3289.4554542699925 3218.542985617349
6265 3358.1608078923446 3191.8947099387005
6266 3495.5715151370496 3138.598158581403
6267 3564.2768687594016 3111.9498829027543
6268 3701.6875760041066 3058.6533315454567
6269 3770.392929626459 3032.005055866808
6270 2885.6382213716033 3400.1281490018578
6271 2954.3435749939554 3373.4798733232087
6272 3023.048928616308 3346.83159764456
6273 3160.459635861013 3293.5350462872625
6274 3297.8703431057174 3240.2384949299653
6275 3366.57569672807 3213.5902192513163
6276 3435.2810503504224 3186.9419435726677
6277 3503.9864039727745 3160.293667894019
6278 3572.691757595127 3133.64539221537
6279 3641.3971112174795 3106.9971165367215
6280 3710.1024648398316 3080.348840858073
6281 3168.874524696738 3315.2305555998787
6282 3306.285231941443 3261.934004242581
6283 3443.6959391861474 3208.637452885284
6284 3512.4012928085 3181.989177206635
6285 3581.1066464308524 3155.3409015279863
6286 3649.8120000532044 3128.6926258493377
6287 2902.4679990430536 3443.5191676270897
6288 2971.173352665406 3416.870891948441
6289 3039.878706287758 3390.2226162697925
6290 3177.289413532463 3336.926064912495
6291 3245.9947671548152 3310.2777892338463
6292 3314.7001207771677 3283.6295135551973
6293 3452.1108280218727 3230.3329621979
6294 3520.8161816442253 3203.684686519251
6295 3589.5215352665773 3177.0364108406025
6296 3658.22688888893 3150.388135161954
6297 3726.9322425112823 3123.739859483305
6298 3795.6375961336344 3097.0915838046562
6299 2910.8828878787785 3465.214676939706
6300 3048.2935951234836 3411.9181255824083
6301 3116.998948745836 3385.2698499037597
6302 3323.115009612893 3305.3250228678135
6303 3391.820363235245 3278.676747189165
6304 3597.9364241023027 3198.7319201532187
6305 3666.641777724655 3172.0836444745696
6306 3735.3471313470072 3145.435368795921
6307 3804.0524849693597 3118.7870931172724
6308 2988.0031303368564 3460.261910573673
6309 3125.413837581561 3406.965359216376
6310 3262.824544826266 3353.6688078590782
6311 3331.529898448618 3327.0205321804297
6312 3468.940605693323 3273.723980823132
6313 3537.6459593156756 3247.0757051444834
6314 3675.05666656038 3193.779153787186
6315 3743.7620201827326 3167.130878108537
6316 3133.8287264172864 3428.660868528992
6317 3339.9447872843434 3348.716041493046
6318 3408.650140906696 3322.067765814397
6319 3477.355494529048 3295.419490135748
6320 3820.88226264081 3162.1781117425044
6321 2936.127554385954 3530.301204877554
6322 3142.2436152530117 3450.356377841608
6323 3279.6543224977163 3397.0598264843106
6324 3417.065029742421 3343.763275127013
6325 3485.7703833647734 3317.1149994483644
6326 3554.475736987126 3290.4667237697154
6327 3760.591797854183 3210.521896733769
6328 3829.2971514765354 3183.8736210551206
6329 2944.5424432216796 3551.99671419017
6330 3013.2477968440317 3525.3484385115216
6331 3081.953150466384 3498.700162832873
6332 3219.363857711089 3445.4036114755754
6333 3356.7745649557937 3392.107060118278
6334 3494.1852722004987 3338.8105087609806
6335 3562.890625822851 3312.1622330823316
6336 3769.0066866899083 3232.2174060463853
6337 3021.662685679757 3547.0439478241374
6338 3227.778746546814 3467.0991207881916
6339 3296.4841001691666 3440.4508451095426
6340 3365.189453791519 3413.802569430894
6341 3433.8948074138716 3387.1542937522454
6342 3571.305514658576 3333.8577423949478
6343 3640.0108682809287 3307.209466716299
6344 3777.4215755256337 3253.9129153590015
6345 3098.7829281378345 3542.091181458105
6346 3579.7204034943015 3355.553251707564
6347 3648.4257571166536 3328.9049760289154
6348 3717.131110739006 3302.2567003502663
6349 3785.8364643613586 3275.6084246716177
6350 3854.541817983711 3248.960148992969
6351 2969.7871097288553 3617.0832421280184
6352 3107.19781697356 3563.786690770721
6353 3175.9031705959123 3537.138415092072
6354 3244.6085242182644 3510.4901394134235
6355 3313.313877840617 3483.841863734775
6356 3382.0192314629694 3457.193588056126
6357 3519.4299387076744 3403.8970366988287
6358 3588.1352923300265 3377.2487610201797
6359 3656.840645952379 3350.600485341531
6360 3725.5459995747315 3323.9522096628825
6361 3794.2513531970835 3297.3039339842335
6362 2978.20199856458 3638.7787514406346
6363 3046.9073521869327 3612.130475761986
6364 3115.612705809285 3585.4822000833374
6365 3253.0234130539898 3532.1856487260397
6366 3390.434120298695 3478.889097368742
6367 3733.9608884104564 3345.6477189754987
6368 3871.3715956551614 3292.351167618201
6369 2986.6168874003056 3660.4742607532507
6370 3124.02759464501 3607.1777093959536
6371 3192.7329482673626 3580.5294337173045
6372 3261.438301889715 3553.881158038656
6373 3398.84900913442 3500.5846066813583
6374 3467.554362756772 3473.9363310027097
6375 3536.2597163791247 3447.288055324061
6376 3673.6704236238293 3393.9915039667635
6377 3811.0811308685343 3340.694952609466
6378 3879.7864844908863 3314.0466769308173
6379 2995.0317762360305 3682.169770065867
6380 3063.737129858383 3655.521494387218
6381 3132.4424834807355 3628.8732187085693
6382 3201.147837103088 3602.2249430299207
6383 3338.5585443477926 3548.928391672623
6384 3407.263897970145 3522.2801159939745
6385 3613.379958837202 3442.3352889580283
6386 3682.0853124595546 3415.6870132793792
6387 3072.1520186941084 3677.217003699834
6388 3140.857372316461 3650.5687280211855
6389 3346.973433183518 3570.6239009852393
6390 3415.67878680587 3543.9756253065907
6391 3553.089494050575 3490.679073949293
6392 3690.50020129528 3437.3825225919954
6393 3759.205554917632 3410.734246913347
6394 3827.9109085399846 3384.0859712346983
6395 3011.8615539074813 3725.560788691099
6396 3149.272261152186 3672.2642373338012
6397 3217.9776147745383 3645.6159616551527
6398 3286.682968396891 3618.967685976504
6399 3355.388322019243 3592.319410297855
6400 3424.0936756415954 3565.6711346192064
6401 3492.799029263948 3539.022858940558
6402 3561.5043828863 3512.3745832619093
6403 3630.209736508653 3485.72630758326
6404 3767.6204437533574 3432.429756225963
6405 3905.031150998062 3379.1332048686654
6406 3020.276442743206 3747.256298003715
6407 3157.687149987911 3693.9597466464174
6408 3226.3925036102637 3667.311470967769
6409 3295.0978572326158 3640.6631952891203
6410 3432.5085644773208 3587.3666439318226
6411 3569.9192717220253 3534.0700925745255
6412 3707.3299789667303 3480.773541217228
6413 3776.035332589083 3454.1252655385792
6414 3913.4460398337874 3400.8287141812816
6415 3028.6913315789316 3768.9518073163313
6416 3097.396685201284 3742.3035316376827
6417 3303.512746068341 3662.3587046017365
6418 3440.9234533130457 3609.062153244439
6419 3509.628806935398 3582.4138775657902
6420 3578.3341605577507 3555.765601887141
6421 3784.4502214248078 3475.820774851195
6422 3853.1555750471603 3449.1724991725464
6423 3921.8609286695128 3422.524223493898
6424 3037.1062204146565 3790.6473166289475
6425 3174.5169276593615 3737.35076527165
6426 3311.9276349040665 3684.0542139143527
6427 3518.0436957711236 3604.1093868784064
6428 3724.1597566381806 3524.16455984246
6429 3792.8651102605327 3497.516284163811
6430 3861.5704638828856 3470.8680084851626
6431 3045.521109250382 3812.3428259415637
6432 3114.2264628727344 3785.694550262915
6433 3182.9318164950864 3759.046274584266
6434 3320.3425237397914 3705.749723226969
6435 3389.047877362144 3679.10144754832
6436 3457.7532309844964 3652.453171869671
6437 3595.163938229201 3599.1566205123736
6438 3663.8692918515535 3572.508344833725
6439 3732.5746454739055 3545.8600691550764
6440 3869.9853527186106 3492.563517797779
6441 3938.690706340963 3465.91524211913
6442 3191.346705330812 3780.741783896882
6443 3260.0520589531643 3754.093508218233
6444 3466.1681198202214 3674.148681182287
6445 3534.873473442574 3647.5004055036384
6446 3603.5788270649264 3620.85212982499
6447 3672.2841806872784 3594.2038541463407
6448 3809.6948879319834 3540.9073027890436
6449 3062.350886921832 3855.7338445667956
6450 3199.761594166537 3802.4372932094984
6451 3268.4669477888892 3775.7890175308494
6452 3405.8776550335942 3722.492466173552
6453 3474.5830086559467 3695.844190494903
6454 3543.2883622782992 3669.1959148162546
6455 3680.699069523004 3615.899363458957
6456 4323.435274338403 1011.1931325529329
6457 4372.305823015211 1047.5793976587986
6458 4396.741097353614 1065.7725302117315
6459 4421.176371692018 1083.9656627646643
6460 4445.611646030422 1102.1587953175972
6461 4470.046920368825 1120.35192787053
6462 4543.352743384036 1174.9313255293287
6463 4567.78801772244 1193.1244580822618
6464 4592.223292060844 1211.3175906351944
6465 4616.658566399247 1229.5107231881273
6466 4665.529115076054 1265.8969882939932
6467 4714.399663752862 1302.283253399859
6468 4763.270212429669 1338.6695185057247
6469 4787.705486768073 1356.8626510586575
6470 4836.576035444879 1393.2489161645233
6471 4861.011309783284 1411.4420487174561
6472 4909.88185846009 1447.8283138233219
6473 4934.317132798495 1466.0214463762547
6474 4958.752407136898 1484.2145789291876
6475 4305.101374288578 1035.8174723199807
6476 4329.536648626982 1054.0106048729135
6477 4353.971922965386 1072.2037374258464
6478 4402.842471642192 1108.5900025317121
6479 4476.148294657403 1163.1694001905107
6480 4500.583568995808 1181.3625327434436
6481 4525.018843334211 1199.5556652963764
6482 4573.889392011018 1235.9419304022422
6483 4598.324666349422 1254.135062955175
6484 4647.195215026229 1290.521328061041
6485 4671.630489364633 1308.7144606139736
6486 4720.50103804144 1345.1007257198396
6487 4769.371586718247 1381.4869908257053
6488 4793.806861056651 1399.6801233786382
6489 4842.677409733458 1436.066388484504
6490 4867.112684071862 1454.2595210374368
6491 4940.418507087073 1508.8389186962354
6492 4964.853781425476 1527.0320512491683
6493 4286.767474238753 1060.4418120870284
6494 4311.202748577156 1078.6349446399613
6495 4335.63802291556 1096.8280771928942
6496 4360.073297253964 1115.021209745827
6497 4384.508571592367 1133.21434229876
6498 4408.943845930771 1151.4074748516928
6499 4433.379120269175 1169.6006074046256
6500 4457.814394607578 1187.7937399575585
6501 4482.249668945982 1205.9868725104914
6502 4555.555491961192 1260.56627016929
6503 4579.9907662995965 1278.7594027222228
6504 4604.426040638 1296.9525352751557
6505 4628.861314976403 1315.1456678280888
6506 4653.2965893148075 1333.3388003810214
6507 4677.731863653211 1351.5319329339545
6508 4702.167137991614 1369.7250654868874
6509 4775.472961006825 1424.304463145686
6510 4799.908235345229 1442.4975956986189
6511 4824.343509683633 1460.6907282515517
6512 4848.778784022036 1478.8838608044846
6513 4922.084607037247 1533.4632584632832
6514 4243.998299850524 1066.8730193011434
6515 4268.433574188927 1085.0661518540762
6516 4292.868848527331 1103.259284407009
6517 4317.304122865735 1121.452416959942
6518 4341.739397204138 1139.6455495128748
6519 4366.174671542542 1157.8386820658077
6520 4463.915768896157 1230.6112122775392
6521 4512.7863175729635 1266.997477383405
6522 4586.0921405881745 1321.5768750422035
6523 4610.527414926578 1339.7700075951366
6524 4634.962689264981 1357.9631401480692
6525 4659.3979636033855 1376.1562727010023
6526 4708.268512280192 1412.542537806868
6527 4732.7037866185965 1430.735670359801
6528 4781.574335295403 1467.1219354656666
6529 4830.444883972211 1503.5082005715324
6530 4854.880158310614 1521.7013331244652
6531 4250.099674139102 1109.690491621124
6532 4347.840771492716 1182.4630218328555
6533 4396.711320169524 1218.8492869387212
6534 4470.017143184735 1273.4286845975198
6535 4543.322966199946 1328.0080822563184
6536 4567.758240538349 1346.2012148092513
6537 4616.628789215156 1382.587479915117
6538 4641.06406355356 1400.78061246805
6539 4689.934612230367 1437.1668775739158
6540 4714.369886568771 1455.3600101268485
6541 4738.8051609071745 1473.5531426797816
6542 4763.240435245578 1491.7462752327144
6543 4812.1109839223855 1528.13254033858
6544 4860.981532599192 1564.5188054444457
6545 4256.20104842768 1152.5079639411047
6546 4280.636322766084 1170.7010964940375
6547 4305.071597104487 1188.8942290469704
6548 4329.506871442891 1207.0873615999033
6549 4378.377420119698 1243.473626705769
6550 4402.812694458102 1261.6667592587019
6551 4427.247968796505 1279.8598918116347
6552 4451.683243134909 1298.0530243645676
6553 4476.118517473313 1316.2461569175007
6554 4524.98906615012 1352.6324220233662
6555 4549.424340488524 1370.825554576299
6556 4598.2948891653305 1407.2118196821648
6557 4622.730163503735 1425.4049522350979
6558 4671.600712180541 1461.7912173409636
6559 4696.035986518946 1479.9843498938963
6560 4842.647632549367 1589.1431452114934
6561 4867.082906887771 1607.3362777644265
6562 4188.996599701048 1140.7460386022867
6563 4213.431874039451 1158.9391711552196
6564 4286.737697054662 1213.5185688140182
6565 4335.608245731469 1249.904833919884
6566 4360.043520069873 1268.0979664728168
6567 4384.478794408276 1286.2910990257496
6568 4408.91406874668 1304.4842315786825
6569 4457.784617423487 1340.8704966845485
6570 4482.219891761891 1359.063629237481
6571 4506.655166100294 1377.256761790414
6572 4531.090440438698 1395.4498943433468
6573 4555.525714777102 1413.64302689628
6574 4579.960989115505 1431.8361594492126
6575 4653.266812130716 1486.4155571080114
6576 4726.572635145927 1540.99495476681
6577 4751.00790948433 1559.1880873197429
6578 4848.749006837946 1631.9606175314743
6579 4170.662699651222 1165.3703783693345
6580 4243.968522666433 1219.949776028133
6581 4317.274345681643 1274.5291736869317
6582 4366.144894358451 1310.9154387927974
6583 4390.580168696854 1329.1085713457303
6584 4415.015443035259 1347.3017038986632
6585 4439.450717373662 1365.4948364515963
6586 4463.885991712065 1383.687969004529
6587 4488.321266050469 1401.8811015574618
6588 4512.756540388873 1420.0742341103946
6589 4561.62708906568 1456.4604992162604
6590 4586.062363404084 1474.6536317691935
6591 4610.497637742487 1492.846764322126
6592 4659.368186419295 1529.2330294279918
6593 4683.803460757698 1547.426161980925
6594 4708.238735096102 1565.6192945338578
6595 4732.674009434505 1583.8124270867906
6596 4757.109283772909 1602.0055596397233
6597 4781.544558111313 1620.1986921926564
6598 4805.979832449716 1638.391824745589
6599 4830.41510678812 1656.584957298522
6600 4854.850381126524 1674.778089851455
6601 4201.199348278204 1226.380983242248
6602 4274.505171293415 1280.9603809010466
6603 4323.375719970222 1317.3466460069124
6604 4347.810994308626 1335.5397785598452
6605 4372.246268647029 1353.732911112778
6606 4421.116817323837 1390.1191762186438
6607 4445.55209166224 1408.3123087715767
6608 4494.422640339048 1444.6985738774424
6609 4518.857914677451 1462.8917064303753
6610 4567.728463354259 1499.277971536241
6611 4616.599012031065 1535.6642366421067
6612 4641.034286369469 1553.8573691950396
6613 4689.904835046276 1590.2436343009056
6614 4714.34010938468 1608.4367668538384
6615 4738.775383723084 1626.629899406771
6616 4763.210658061487 1644.8230319597042
6617 4787.645932399891 1663.0161645126368
6618 4812.081206738294 1681.20929706557
6619 4133.9948995515715 1214.61905790343
6620 4182.865448228378 1251.0053230092958
6621 4231.735996905186 1287.3915881151615
6622 4256.171271243589 1305.5847206680944
6623 4305.041819920397 1341.9709857739601
6624 4353.912368597204 1378.3572508798259
6625 4427.218191612415 1432.9366485386245
6626 4451.653465950818 1451.1297810915573
6627 4524.959288966029 1505.709178750356
6628 4549.394563304432 1523.902311303289
6629 4598.26511198124 1560.2885764091548
6630 4622.700386319643 1578.4817089620874
6631 4744.876758011662 1669.447371726752
6632 4769.312032350065 1687.6405042796846
6633 4793.747306688469 1705.8336368326177
6634 4818.182581026873 1724.0267693855506
6635 4188.966822516956 1293.8227953292765
6636 4237.837371193764 1330.2090604351422
6637 4262.272645532167 1348.402192988075
6638 4335.578468547378 1402.9815906468737
6639 4360.0137428857815 1421.1747231998065
6640 4433.3195659009925 1475.7541208586051
6641 4482.1901145778 1512.1403859644709
6642 4506.6253889162035 1530.3335185174037
6643 4555.495937593011 1566.7197836232694
6644 4604.366486269818 1603.1060487291352
6645 4775.413406638643 1730.4579765996655
6646 4146.197648128727 1300.2540025433914
6647 4170.632922467131 1318.4471350963242
6648 4195.068196805535 1336.640267649257
6649 4268.374019820745 1391.2196653080557
6650 4292.809294159149 1409.4127978609886
6651 4317.244568497553 1427.6059304139214
6652 4390.550391512764 1482.18532807272
6653 4414.985665851167 1500.378460625653
6654 4439.420940189571 1518.5715931785858
6655 4463.856214527975 1536.7647257315186
6656 4488.291488866378 1554.9578582844515
6657 4512.7267632047815 1573.1509908373844
6658 4537.162037543186 1591.3441233903172
6659 4561.597311881589 1609.53725594325
6660 4586.0325862199925 1627.730388496183
6661 4659.3384092352035 1682.3097861549818
6662 4683.773683573607 1700.5029187079144
6663 4732.6442322504145 1736.8891838137802
6664 4781.514780927222 1773.2754489196461
6665 4078.993199402095 1288.4920772045734
6666 4176.73429675571 1361.264607416305
6667 4201.169571094113 1379.4577399692378
6668 4225.604845432516 1397.6508725221706
6669 4274.475394109324 1434.0371376280364
6670 4372.216491462938 1506.8096678397678
6671 4396.651765801342 1525.0028003927007
6672 4445.522314478149 1561.3890654985664
6673 4469.957588816553 1579.5821980514993
6674 4543.263411831764 1634.161595710298
6675 4592.13396050857 1670.5478608161638
6676 4641.004509185378 1706.9341259220296
6677 4689.875057862186 1743.3203910278953
6678 4714.310332200589 1761.513523580828
6679 4738.745606538992 1779.706656133761
6680 4763.180880877397 1797.899788686694
6681 4085.094573690673 1331.3095495245539
6682 4133.96512236748 1367.6958146304196
6683 4182.835671044288 1404.0820797362856
6684 4207.270945382691 1422.2752122892184
6685 4231.706219721094 1440.4683448421513
6686 4256.141494059499 1458.6614773950841
6687 4329.44731707471 1513.2408750538827
6688 4427.188414428324 1586.0134052656142
6689 4451.623688766727 1604.206537818547
6690 4500.494237443535 1640.5928029244128
6691 4524.929511781938 1658.7859354773457
6692 4598.235334797149 1713.3653331361443
6693 4622.670609135553 1731.5584656890771
6694 4647.105883473956 1749.75159824201
6695 4720.411706489167 1804.3309959008088
6696 4744.846980827571 1822.5241284537415
6697 4066.7606736408475 1355.9338892916019
6698 4091.1959479792513 1374.1270218445347
6699 4237.807594009673 1483.285817162132
6700 4262.242868348077 1501.4789497150648
6701 4335.548691363288 1556.0583473738634
6702 4359.983965701691 1574.2514799267963
6703 4384.419240040094 1592.4446124797291
6704 4408.854514378499 1610.637745032662
6705 4433.289788716902 1628.8308775855949
6706 4457.725063055305 1647.0240101385277
6707 4482.16033739371 1665.2171426914606
6708 4506.595611732113 1683.4102752443935
6709 4531.030886070516 1701.6034077973263
6710 4555.46616040892 1719.7965403502594
6711 4604.336709085727 1756.1828054561252
6712 4628.771983424131 1774.3759380090578
6713 4653.207257762535 1792.5690705619909
6714 4702.077806439342 1828.9553356678566
6715 4726.513080777746 1847.1484682207895
6716 4023.9914992526183 1362.3650965057168
6717 4048.426773591022 1380.5582290586497
6718 4097.297322267829 1416.9444941645154
6719 4170.60314528304 1471.523891823314
6720 4195.038419621444 1489.7170243762469
6721 4268.344242636655 1544.2964220350455
6722 4317.214791313462 1580.6826871409112
6723 4341.650065651866 1598.875819693844
6724 4366.085339990269 1617.068952246777
6725 4414.955888667077 1653.4552173526426
6726 4439.39116300548 1671.6483499055755
6727 4463.826437343883 1689.8414824585084
6728 4561.567534697499 1762.61401267024
6729 4586.002809035902 1780.807145223173
6730 4610.438083374305 1799.0002777761056
6731 4683.743906389516 1853.5796754349044
6732 4005.657599202793 1386.9894362727646
6733 4030.0928735411967 1405.1825688256972
6734 4078.963422218004 1441.568833931563
6735 4103.398696556407 1459.761966484496
6736 4176.704519571618 1514.3413641432946
6737 4201.139793910022 1532.5344966962275
6738 4250.010342586829 1568.9207618020932
6739 4274.445616925233 1587.113894355026
6740 4323.31616560204 1623.5001594608918
6741 4372.186714278847 1659.8864245667576
6742 4421.057262955655 1696.2726896726233
6743 4445.492537294058 1714.4658222255562
6744 4469.927811632462 1732.658954778489
6745 4518.798360309269 1769.0452198843548
6746 4543.233634647673 1787.2383524372876
6747 4567.6689089860765 1805.4314849902205
6748 4592.10418332448 1823.6246175431534
6749 4616.539457662884 1841.8177500960865
6750 4640.9747320012875 1860.010882649019
6751 4665.410006339691 1878.2040152019522
6752 4689.845280678094 1896.3971477548848
6753 3987.3236991529675 1411.6137760398124
6754 4011.7589734913713 1429.806908592745
6755 4036.1942478297747 1448.000041145678
6756 4109.500070844986 1502.5794388044767
6757 4158.370619521793 1538.9657039103424
6758 4182.805893860196 1557.1588364632753
6759 4231.676442537004 1593.545101569141
6760 4280.546991213811 1629.9313666750068
6761 4353.8528142290215 1684.5107643338054
6762 4378.288088567426 1702.7038968867382
6763 4451.593911582637 1757.2832945455368
6764 4476.02918592104 1775.4764270984697
6765 4500.4644602594435 1793.6695596514026
6766 4549.335008936251 1830.0558247572683
6767 4573.7702832746545 1848.2489573102011
6768 4598.205557613058 1866.4420898631342
6769 4622.640831951462 1884.6352224160669
6770 4647.0761062898655 1902.828354969
6771 4671.511380628269 1921.0214875219326
6772 4017.8603477799493 1472.6243809127259
6773 4042.295622118353 1490.8175134656587
6774 4066.7308964567565 1509.0106460185916
6775 4091.1661707951603 1527.2037785715245
6776 4140.036719471967 1563.5900436773902
6777 4164.471993810371 1581.783176230323
6778 4188.907268148775 1599.976308783256
6779 4213.342542487178 1618.1694413361888
6780 4237.777816825582 1636.3625738891217
6781 4311.083639840793 1690.9419715479203
6782 4359.9541885176 1727.328236653786
6783 4408.824737194407 1763.7145017596517
6784 4433.260011532811 1781.9076343125846
6785 4457.695285871215 1800.1007668655175
6786 4482.130560209618 1818.2938994184506
6787 4506.565834548022 1836.4870319713834
6788 4555.436383224829 1872.873297077249
6789 4579.8716575632325 1891.066429630182
6790 4653.1774805784435 1945.6458272889806
6791 3950.6558990533167 1460.862455573908
6792 3975.0911733917205 1479.0555881268406
6793 4048.396996406931 1533.6349857856394
6794 4072.832270745335 1551.828118338572
6795 4097.267545083739 1570.0212508915051
6796 4170.57336809895 1624.6006485503037
6797 4195.008642437353 1642.7937811032366
6798 4219.443916775756 1660.9869136561695
6799 4243.87919111416 1679.1800462091023
6800 4268.314465452564 1697.3731787620352
6801 4317.185014129371 1733.759443867901
6802 4366.055562806178 1770.1457089737667
6803 4390.490837144582 1788.3388415266995
6804 4414.926111482986 1806.5319740796324
6805 4439.361385821389 1824.7251066325653
6806 4463.796660159793 1842.9182391854981
6807 4488.231934498197 1861.111371738431
6808 4512.6672088366 1879.3045042913639
6809 4537.102483175004 1897.4976368442967
6810 4561.537757513407 1915.6907693972298
6811 4585.973031851811 1933.8839019501625
6812 4634.843580528618 1970.2701670560282
6813 4030.0630963571057 1558.2593255526872
6814 4078.933645033913 1594.645590658553
6815 4103.368919372317 1612.8387232114858
6816 4127.80419371072 1631.0318557644187
6817 4152.239468049124 1649.2249883173515
6818 4176.674742387528 1667.4181208702844
6819 4201.110016725931 1685.6112534232172
6820 4225.545291064334 1703.8043859761501
6821 4249.980565402739 1721.997518529083
6822 4347.721662756353 1794.7700487408144
6823 4396.592211433161 1831.1563138466802
6824 4421.027485771564 1849.349446399613
6825 4445.462760109967 1867.542578952546
6826 4469.898034448371 1885.7357115054788
6827 4494.333308786775 1903.9288440584116
6828 4518.768583125178 1922.1219766113445
6829 4543.203857463582 1940.3151091642776
6830 4592.074406140389 1976.7013742701433
6831 4616.509680478793 1994.894506823076
6832 4839.0 1232.0
6833 5025.635772259227 1068.3077551830818
6834 5212.271544518454 904.6155103661636
6835 5336.695392691273 795.4873471548848
6836 5461.119240864091 686.359183943606
6837 5585.543089036909 577.2310207323272
6838 4973.817502966824 1260.2180825697635
6839 5098.241351139642 1151.0899193584848
6840 5160.453275226051 1096.5258377528453
6841 5222.66519931246 1041.961756147206
6842 5347.089047485278 932.8335929359273
6843 5471.512895658096 823.7054297246484
6844 5658.148667917323 660.0131849077302
6845 5046.423081847238 1343.0002467451666
6846 5108.635005933647 1288.4361651395272
6847 5233.058854106465 1179.3080019282484
6848 5295.270778192874 1124.743920322609
6849 5357.482702279283 1070.1798387169697
6850 5481.906550452101 961.0516755056908
6851 5606.330398624919 851.923512294412
6852 5730.754246797737 742.7953490831333
6853 5119.028660727652 1425.7824109205696
6854 5243.45250890047 1316.6542477092908
6855 5367.876357073289 1207.526084498012
6856 5430.0882811596975 1152.9620028923728
6857 5492.300205246107 1098.3979212867332
6858 5741.147901591743 880.1415948641757
6859 5803.359825678152 825.5775132585363
6860 5316.058087780885 1399.4364118846938
6861 5378.270011867294 1344.8723302790545
6862 5440.481935953703 1290.308248673415
6863 5564.905784126521 1181.1800854621363
6864 5689.329632299339 1072.0519222508574
6865 5751.541556385749 1017.4878406452181
6866 5813.753480472157 962.9237590395785
6867 5875.965404558567 908.3596774339392
6868 5264.239818488481 1591.3467392713756
6869 5388.663666661299 1482.218576060097
6870 5450.875590747708 1427.6544944544573
6871 5513.087514834117 1373.090412848818
6872 5575.299438920527 1318.5263312431787
6873 5699.723287093345 1209.3981680318998
6874 5761.935211179753 1154.8340864262605
6875 5824.147135266163 1100.2700048206211
6876 5336.845397368896 1674.1289034467786
6877 5399.057321455305 1619.5648218411393
6878 5523.481169628123 1510.4366586298604
6879 5585.693093714532 1455.872577024221
6880 5647.905017800941 1401.3084954185817
6881 5710.116941887351 1346.7444138129422
6882 5772.328865973759 1292.1803322073029
6883 5834.540790060168 1237.6162506016635
6884 5896.752714146577 1183.0521689960242
6885 6021.176562319395 1073.9240057847453
6886 5347.239052162901 1811.475149227821
6887 5409.45097624931 1756.9110676221817
6888 5596.086748508537 1593.2188228052635
6889 5658.298672594947 1538.654741199624
6890 5720.510596681355 1484.0906595939846
6891 5907.146368940583 1320.3984147770664
6892 6093.78214119981 1156.7061699601481
6893 5419.8446310433155 1894.257313403224
6894 5544.2684792161335 1785.1291501919452
6895 5793.1161755617695 1566.8728237693877
6896 5855.328099648179 1512.3087421637483
6897 5917.5400237345875 1457.7446605581088
6898 5979.751947820997 1403.1805789524694
6899 6166.387720080224 1239.4883341355512
6900 5492.45020992373 1977.0394775786272
6901 5679.085982182957 1813.3472327617087
6902 5741.297906269366 1758.7831511560694
6903 5865.721754442184 1649.6549879447907
6904 5990.145602615003 1540.5268247335118
6905 6052.357526701411 1485.9627431278725
6906 6114.569450787821 1431.398661522233
6907 6176.78137487423 1376.8345799165936
6908 4597.0 1108.0
6909 4584.551781585024 1080.8001465366926
6910 4559.655344755074 1026.400439610078
6911 4534.758907925123 972.0007326834633
6912 4522.310689510147 944.8008792201559
6913 4497.414252680197 890.4011722935412
6914 4484.966034265221 863.2013188302338
6915 4447.6213790202955 781.6017584403119
6916 4435.17316060532 754.4019049770045
6917 4422.724942190344 727.2020515136971
6918 4397.828505360394 672.8023445870824
6919 4385.380286945418 645.602491123775
6920 4372.932068530443 618.4026376604677
6921 4360.483850115467 591.2027841971604
6922 4348.035631700493 564.0029307338531
6923 4310.690976455566 482.403370343931
6924 4680.873848083474 938.0270011743407
6925 4668.425629668498 910.8271477110334
6926 4643.529192838548 856.4274407844186
6927 4631.080974423572 829.2275873211113
6928 4618.6327560085965 802.0277338578039
6929 4581.288100763671 720.4281734678818
6930 4568.839882348695 693.2283200045745
6931 4556.391663933719 666.0284665412671
6932 4543.943445518745 638.8286130779599
6933 4519.0470086887935 584.4289061513451
6934 4494.150571858843 530.0291992247305
6935 4469.254135028892 475.6294922981158
6936 4864.33344348675 985.6528300551402
6937 4851.885225071775 958.4529765918328
6938 4826.988788241824 904.0532696652181
6939 4802.092351411873 849.6535627386033
6940 4764.747696166947 768.0540023486814
6941 4752.299477751972 740.854148885374
6942 4727.403040922021 686.4544419587593
6943 4702.50660409207 632.0547350321445
6944 4677.61016726212 577.6550281055299
6945 4652.713730432169 523.2553211789152
6946 4640.265512017193 496.05546771560785
6947 4627.817293602218 468.8556142523006
6948 4998.000165230125 924.4792450827102
6949 4985.551946815151 897.2793916194029
6950 4973.103728400175 870.0795381560955
6951 4960.655509985199 842.8796846927881
6952 4935.759073155248 788.4799777661735
6953 4873.517981080372 652.4807104496367
6954 4861.069762665396 625.2808569863294
6955 4848.621544250421 598.081003523022
6956 4798.828670590519 489.28158966979265
6957 4749.035796930618 380.4821758165633
6958 4736.587578515642 353.28232235325595
6959 4953.0 4334.0
6960 4977.5155541157055 4346.763063323994
6961 5002.03110823141 4359.526126647987
6962 5026.546662347116 4372.289189971982
6963 5075.577770578526 4397.815316619969
6964 5100.093324694231 4410.578379943962
6965 5124.608878809937 4423.3414432679565
6966 5149.1244329256415 4436.10450659195
6967 5198.1555411570525 4461.630633239937
6968 5271.702203504168 4499.919823211919
6969 5296.217757619873 4512.682886535913
6970 5345.248865851283 4538.2090131839
6971 5394.279974082694 4563.735139831888
6972 5443.311082314104 4589.261266479875
6973 5467.82663642981 4602.024329803869
6974 5590.4044070083355 4665.839646423838
6975 5614.919961124041 4678.602709747832
6976 5639.435515239746 4691.365773071825
6977 5688.466623471157 4716.8918997198125
6978 5712.982177586861 4729.654963043807
6979 5811.0443940496825 4780.707216339782
6980 4936.705791948751 4365.298249418069
6981 4961.221346064456 4378.061312742063
6982 5010.252454295866 4403.58743939005
6983 5108.3146707586875 4454.639692686025
6984 5132.830224874392 4467.402756010019
6985 5181.861333105802 4492.928882658007
6986 5255.407995452918 4531.218072629988
6987 5304.439103684329 4556.744199277975
6988 5353.470211915739 4582.270325925963
6989 5377.985766031445 4595.033389249957
6990 5427.016874262855 4620.559515897944
6991 5476.047982494265 4646.0856425459315
6992 5500.5635366099705 4658.848705869926
6993 5525.079090725676 4671.611769193919
6994 5598.625753072792 4709.9009591659005
6995 5623.141307188496 4722.664022489895
6996 5647.656861304202 4735.427085813888
6997 5721.2035236513175 4773.71627578587
6998 5745.719077767023 4786.479339109863
6999 5770.234631882728 4799.242402433857
7000 5794.750185998433 4812.00546575785
7001 5819.265740114139 4824.7685290818445
7002 5018.473800360322 4447.648752132113
7003 5042.989354476027 4460.4118154561065
7004 5092.020462707437 4485.937942104094
7005 5116.536016823143 4498.701005428088
7006 5141.051570938848 4511.464068752082
7007 5165.567125054553 4524.227132076076
7008 5214.598233285964 4549.753258724063
7009 5239.113787401669 4562.516322048057
7010 5288.14489563308 4588.042448696045
7011 5337.17600386449 4613.568575344032
7012 5410.722666211605 4651.857765316014
7013 5435.238220327311 4664.620828640007
7014 5557.815990905837 4728.436145259976
7015 5582.331545021541 4741.199208583969
7016 5631.362653252952 4766.725335231957
7017 5680.393761484363 4792.251461879945
7018 5729.424869715773 4817.7775885279325
7019 5753.940423831478 4830.540651851926
7020 5778.455977947184 4843.30371517592
7021 5802.971532062888 4856.066778499913
7022 4904.117375846252 4427.894748254207
7023 4928.6329299619565 4440.657811578201
7024 4977.664038193368 4466.183938226189
7025 5002.179592309072 4478.947001550182
7026 5051.210700540483 4504.473128198169
7027 5075.726254656188 4517.236191522164
7028 5124.757362887599 4542.762318170151
7029 5149.2729170033035 4555.525381494144
7030 5198.304025234715 4581.051508142133
7031 5222.819579350419 4593.814571466126
7032 5247.335133466125 4606.57763479012
7033 5271.850687581829 4619.340698114113
7034 5345.397349928946 4657.629888086095
7035 5369.9129040446505 4670.392951410088
7036 5418.944012276061 4695.919078058076
7037 5566.037336970292 4772.497458002039
7038 5639.583999317408 4810.78664797402
7039 5664.099553433113 4823.549711298014
7040 5713.130661664523 4849.075837946001
7041 5762.161769895934 4874.601964593989
7042 5786.677324011639 4887.365027917983
7043 4887.8231677950025 4459.192997672276
7044 4961.369830142118 4497.4821876442575
7045 5010.400938373528 4523.008314292245
7046 5059.4320466049385 4548.534440940232
7047 5083.947600720644 4561.2975042642265
7048 5132.978708952054 4586.823630912214
7049 5157.49426306776 4599.586694236207
7050 5182.009817183464 4612.349757560201
7051 5255.55647953058 4650.638947532183
7052 5304.587587761991 4676.16507418017
7053 5329.103141877696 4688.928137504164
7054 5353.618695993401 4701.691200828158
7055 5378.134250109107 4714.454264152151
7056 5402.649804224811 4727.217327476145
7057 5427.165358340517 4739.980390800139
7058 5451.680912456222 4752.743454124133
7059 5476.196466571927 4765.506517448126
7060 5500.7120206876325 4778.26958077212
7061 5525.227574803338 4791.032644096114
7062 5549.743128919043 4803.795707420108
7063 5574.258683034748 4816.558770744102
7064 5598.774237150454 4829.321834068095
7065 5623.289791266158 4842.084897392089
7066 5647.805345381864 4854.8479607160825
7067 5672.320899497569 4867.611024040077
7068 5696.836453613274 4880.37408736407
7069 5721.3520077289795 4893.137150688064
7070 4871.528959743752 4490.4912470903455
7071 4896.044513859458 4503.254310414339
7072 4920.560067975163 4516.017373738333
7073 4994.106730322279 4554.306563710314
7074 5018.622284437984 4567.069627034308
7075 5067.653392669395 4592.595753682295
7076 5092.168946785099 4605.3588170062885
7077 5116.684500900805 4618.121880330283
7078 5190.23116324792 4656.411070302264
7079 5239.262271479331 4681.937196950252
7080 5263.777825595036 4694.700260274245
7081 5288.293379710742 4707.463323598239
7082 5312.808933826446 4720.226386922232
7083 5337.324487942152 4732.989450246227
7084 5361.840042057857 4745.752513570221
7085 5410.8711502892675 4771.278640218208
7086 5435.386704404973 4784.0417035422015
7087 5459.902258520678 4796.804766866196
7088 5484.417812636383 4809.567830190189
7089 5533.448920867793 4835.093956838176
7090 5557.964474983499 4847.857020162171
7091 5606.995583214909 4873.383146810158
7092 5631.5111373306145 4886.146210134151
7093 5656.026691446319 4898.909273458145
7094 5680.542245562025 4911.67233678214
7095 5705.05779967773 4924.435400106133
7096 5729.573353793436 4937.198463430127
7097 4855.234751692503 4521.789496508414
7098 4928.7814140396185 4560.078686480396
7099 4953.296968155324 4572.841749804389
7100 4977.81252227103 4585.604813128383
7101 5002.328076386734 4598.367876452377
7102 5026.84363050244 4611.130939776371
7103 5075.87473873385 4636.657066424358
7104 5124.905846965261 4662.183193072346
7105 5149.421401080966 4674.946256396339
7106 5173.936955196671 4687.709319720333
7107 5198.452509312377 4700.472383044327
7108 5222.968063428081 4713.2354463683205
7109 5247.483617543787 4725.998509692315
7110 5345.545834006608 4777.0507629882895
7111 5370.061388122313 4789.813826312283
7112 5394.576942238018 4802.576889636277
7113 5419.092496353724 4815.33995296027
7114 5443.608050469428 4828.103016284264
7115 5566.185821047955 4891.9183329042335
7116 5590.70137516366 4904.681396228227
7117 5639.73248339507 4930.207522876215
7118 5688.763591626481 4955.733649524202
7119 5713.279145742185 4968.496712848196
7120 4863.456097756959 4565.850809250477
7121 4912.487205988369 4591.376935898465
7122 4937.002760104075 4604.139999222458
7123 4986.033868335485 4629.666125870446
7124 5035.064976566896 4655.192252518434
7125 5108.611638914012 4693.481442490414
7126 5133.127193029716 4706.2445058144085
7127 5157.642747145422 4719.007569138402
7128 5182.158301261126 4731.770632462396
7129 5206.673855376832 4744.533695786389
7130 5231.189409492537 4757.296759110383
7131 5255.704963608242 4770.059822434378
7132 5280.2205177239475 4782.822885758371
7133 5304.736071839653 4795.585949082365
7134 5329.251625955358 4808.349012406358
7135 5378.282734186769 4833.875139054346
7136 5402.798288302473 4846.63820237834
7137 5427.313842418179 4859.401265702333
7138 5451.829396533884 4872.164329026327
7139 5500.8605047652945 4897.690455674315
7140 5525.376058881 4910.453518998309
7141 5574.40716711241 4935.979645646296
7142 4847.16188970571 4597.149058668546
7143 4945.22410616853 4648.201311964521
7144 4969.7396602842355 4660.964375288515
7145 4994.255214399941 4673.727438612508
7146 5067.801876747057 4712.01662858449
7147 5092.317430862761 4724.779691908484
7148 5116.832984978467 4737.542755232477
7149 5239.410755556993 4801.358071852446
7150 5263.926309672698 4814.12113517644
7151 5312.957417904108 4839.647261824428
7152 5337.472972019814 4852.410325148421
7153 5361.988526135519 4865.173388472414
7154 5411.0196343669295 4890.699515120403
7155 5435.535188482635 4903.462578444396
7156 5460.05074259834 4916.22564176839
7157 5484.566296714045 4928.9887050923835
7158 5533.597404945455 4954.514831740371
7159 5558.112959061161 4967.277895064365
7160 5582.628513176865 4980.040958388359
7161 5631.6596214082765 5005.567085036347
7162 5656.175175523982 5018.33014836034
7163 4806.352127538755 4615.684244762621
7164 4830.86768165446 4628.447308086615
7165 4855.383235770165 4641.210371410609
7166 4904.414344001576 4666.736498058596
7167 4928.929898117281 4679.49956138259
7168 4953.445452232986 4692.262624706584
7169 5026.992114580102 4730.551814678565
7170 5100.538776927217 4768.841004650546
7171 5149.569885158628 4794.367131298533
7172 5174.085439274333 4807.130194622528
7173 5198.600993390039 4819.893257946522
7174 5223.116547505743 4832.656321270515
7175 5296.663209852859 4870.945511242497
7176 5370.209872199975 4909.234701214478
7177 5443.75653454709 4947.523891186459
7178 5468.272088662796 4960.286954510453
7179 5492.787642778501 4973.050017834446
7180 5517.303196894206 4985.813081158441
7181 5541.8187510099115 4998.576144482434
7182 5566.334305125616 5011.339207806428
7183 5664.396521588437 5062.391461102403
7184 4790.057919487505 4646.98249418069
7185 4814.573473603211 4659.745557504684
7186 4863.604581834621 4685.271684152672
7187 4888.120135950327 4698.034747476665
7188 4912.635690066031 4710.797810800659
7189 4937.151244181737 4723.560874124652
7190 5084.244568875968 4800.139254068616
7191 5157.791231223084 4838.428444040596
7192 5206.822339454494 4863.954570688584
7193 5255.853447685904 4889.480697336572
7194 5280.36900180161 4902.243760660565
7195 5353.915664148725 4940.532950632547
7196 5451.977880611546 4991.585203928522
7197 5476.493434727251 5004.348267252515
7198 5550.040097074367 5042.637457224497
7199 5574.555651190072 5055.400520548491
7200 5599.071205305778 5068.163583872484
7201 5648.102313537188 5093.689710520472
7202 5672.617867652893 5106.452773844466
7203 4798.279265551961 4691.043806922753
7204 4822.794819667666 4703.806870246747
7205 4847.310373783372 4716.56993357074
7206 4871.825927899076 4729.332996894735
7207 4945.372590246192 4767.622186866715
7208 5067.950360824719 4831.437503486684
7209 5092.465914940423 4844.2005668106785
7210 5116.981469056129 4856.963630134672
7211 5141.497023171834 4869.726693458666
7212 5166.012577287539 4882.489756782659
7213 5215.04368551895 4908.015883430647
7214 5313.10590198177 4959.0681367266225
7215 5337.621456097476 4971.831200050616
7216 5362.137010213181 4984.59426337461
7217 5386.652564328886 4997.357326698603
7218 5411.1681184445915 5010.120390022597
7219 5460.199226676002 5035.646516670585
7220 5484.714780791707 5048.409579994578
7221 5558.261443138823 5086.69876996656
7222 5607.292551370233 5112.224896614547
7223 5631.8081054859385 5124.987959938541
7224 5656.323659601643 5137.7510232625345
7225 4806.500611616417 4735.105119664816
7226 4855.531719847827 4760.631246312803
7227 4880.0472739635325 4773.3943096367975
7228 4904.562828079238 4786.157372960791
7229 4929.078382194943 4798.920436284785
7230 4953.593936310648 4811.683499608778
7231 4978.109490426354 4824.446562932772
7232 5027.140598657764 4849.97268958076
7233 5051.656152773469 4862.735752904753
7234 5100.6872610048795 4888.261879552741
7235 5125.202815120585 4901.024942876735
7236 5198.749477467701 4939.314132848716
7237 5223.265031583405 4952.07719617271
7238 5247.780585699111 4964.840259496704
7239 5370.358356277637 5028.655576116673
7240 5394.873910393342 5041.418639440666
7241 5419.389464509048 5054.18170276466
7242 5443.905018624752 5066.9447660886535
7243 5590.998343318984 5143.523146032616
7244 5615.513897434689 5156.28620935661
7245 4741.175295333757 4740.877242434897
7246 4765.690849449462 4753.640305758891
7247 4888.268620027989 4817.45562237886
7248 4937.299728259399 4842.981749026848
7249 4961.815282375104 4855.744812350841
7250 4986.330836490809 4868.507875674835
7251 5035.361944722219 4894.034002322823
7252 5059.877498837925 4906.797065646816
7253 5084.39305295363 4919.56012897081
7254 5108.908607069335 4932.323192294803
7255 5256.001931763566 5008.901572238767
7256 5305.033039994977 5034.427698886754
7257 5354.064148226387 5059.953825534742
7258 5427.610810573503 5098.243015506723
7259 5452.1263646892085 5111.006078830716
7260 5501.157472920619 5136.532205478704
7261 5525.673027036324 5149.295268802698
7262 5550.188581152029 5162.058332126691
7263 5599.21968938344 5187.584458774679
7264 5623.735243499144 5200.347522098673
7265 4724.881087282508 4772.175491852966
7266 4798.427749629624 4810.464681824948
7267 4847.458857861034 4835.990808472935
7268 4896.489966092444 4861.516935120922
7269 4945.521074323854 4887.04306176891
7270 4970.0366284395595 4899.806125092904
7271 4994.552182555265 4912.569188416897
7272 5043.583290786675 4938.095315064886
7273 5068.098844902381 4950.858378388879
7274 5092.614399018085 4963.621441712873
7275 5141.645507249496 4989.1475683608605
7276 5166.161061365201 5001.910631684854
7277 5190.676615480907 5014.673695008848
7278 5264.223277828022 5052.962884980829
7279 5288.738831943728 5065.725948304823
7280 5313.254386059432 5078.489011628817
7281 5337.769940175138 5091.25207495281
7282 5362.285494290843 5104.0151382768045
7283 5386.801048406548 5116.778201600798
7284 5411.316602522254 5129.541264924792
7285 5435.832156637959 5142.304328248785
7286 5460.347710753664 5155.067391572779
7287 5509.378818985075 5180.593518220767
7288 5582.9254813321895 5218.882708192748
7289 5607.441035447895 5231.645771516742
7290 4733.102433346963 4816.236804595029
7291 4757.617987462669 4828.999867919023
7292 4782.133541578373 4841.762931243016
7293 4806.649095694079 4854.5259945670105
7294 4831.164649809784 4867.289057891005
7295 4904.7113121569 4905.578247862985
7296 4929.226866272605 4918.3413111869795
7297 4953.74242038831 4931.104374510973
7298 4978.257974504016 4943.867437834967
7299 5002.77352861972 4956.63050115896
7300 5027.289082735426 4969.393564482954
7301 5051.804636851131 4982.156627806948
7302 5100.8357450825415 5007.682754454936
7303 5149.866853313952 5033.208881102923
7304 5174.382407429657 5045.971944426917
7305 5198.897961545363 5058.735007750911
7306 5223.413515661067 5071.498071074904
7307 5272.444623892478 5097.024197722892
7308 5296.960178008183 5109.787261046886
7309 5321.4757321238885 5122.550324370879
7310 5345.991286239594 5135.313387694873
7311 5395.022394471004 5160.839514342861
7312 5444.053502702414 5186.365640990848
7313 5468.56905681812 5199.128704314842
7314 5517.60016504953 5224.65483096283
7315 5542.1157191652355 5237.417894286823
7316 5591.146827396646 5262.94402093481
7317 4692.292671180008 4834.771990689104
7318 4716.808225295714 4847.5350540130985
7319 4741.323779411419 4860.298117337092
7320 4839.38599587424 4911.350370633067
7321 4912.932658221355 4949.639560605048
7322 4937.448212337061 4962.402623929042
7323 4961.963766452766 4975.165687253036
7324 4986.479320568471 4987.92875057703
7325 5035.510428799882 5013.454877225017
7326 5060.025982915587 5026.217940549011
7327 5158.088199378408 5077.270193844986
7328 5182.603753494113 5090.03325716898
7329 5207.119307609818 5102.796320492973
7330 5231.6348617255235 5115.559383816967
7331 5280.665969956934 5141.0855104649545
7332 5305.181524072639 5153.848573788949
7333 5354.212632304049 5179.374700436936
7334 5403.243740535459 5204.900827084924
7335 5427.759294651165 5217.663890408918
7336 5452.2748487668705 5230.426953732911
7337 5476.790402882575 5243.190017056905
7338 5525.821511113986 5268.716143704893
7339 5550.337065229691 5281.479207028886
7340 4675.998463128759 4866.070240107174
7341 4700.514017244464 4878.833303431167
7342 4725.02957136017 4891.596366755161
7343 4749.545125475875 4904.359430079155
7344 4823.09178782299 4942.648620051136
7345 4921.154004285811 4993.700873347111
7346 4970.185112517222 5019.226999995099
7347 5068.247328980043 5070.2792532910735
7348 5117.278437211453 5095.805379939061
7349 5141.793991327158 5108.568443263055
7350 5166.309545442863 5121.331506587048
7351 5190.825099558569 5134.0945699110425
7352 5215.340653674274 5146.857633235037
7353 5239.856207789979 5159.62069655903
7354 5288.88731602139 5185.146823207017
7355 5313.402870137094 5197.909886531012
7356 5337.9184242528 5210.672949855005
7357 5411.465086599916 5248.9621398269865
7358 5485.011748947031 5287.251329798968
7359 5509.527303062736 5300.014393122961
7360 5558.558411294147 5325.540519770949
7361 4659.7042550775095 4897.368489525243
7362 4708.73536330892 4922.89461617323
7363 4733.250917424625 4935.657679497223
7364 4782.282025656035 4961.183806145211
7365 4880.3442421188565 5012.236059441187
7366 4904.859796234562 5024.99912276518
7367 4929.375350350267 5037.762186089174
7368 4953.890904465972 5050.525249413167
7369 5027.437566813088 5088.814439385149
7370 5076.468675044498 5114.340566033136
7371 5100.9842291602035 5127.103629357131
7372 5125.499783275909 5139.866692681124
7373 5150.015337391614 5152.629756005118
7374 5272.59310797014 5216.445072625087
7375 5370.655324432961 5267.497325921062
7376 5395.170878548666 5280.260389245055
7377 5444.201986780076 5305.786515893043
7378 5493.2330950114865 5331.31264254103
7379 4643.41004702626 4928.666738943311
7380 4667.925601141966 4941.429802267306
7381 4716.956709373376 4966.955928915293
7382 4741.472263489081 4979.718992239286
7383 4790.5033717204915 5005.245118887274
7384 4864.050034067607 5043.534308859255
7385 4888.565588183313 5056.2973721832495
7386 4937.596696414723 5081.823498831237
7387 4962.112250530428 5094.58656215523
7388 4986.627804646133 5107.349625479224
7389 5011.1433587618385 5120.112688803218
7390 5060.174466993249 5145.638815451206
7391 5133.721129340364 5183.928005423187
7392 5182.7522375717745 5209.454132071174
7393 5231.7833458031855 5234.980258719162
7394 5256.298899918891 5247.743322043156
7395 5280.814454034596 5260.506385367149
7396 5305.330008150301 5273.269448691143
7397 5329.845562266006 5286.032512015137
7398 5354.361116381711 5298.795575339131
7399 5378.876670497417 5311.558638663124
7400 5427.907778728827 5337.084765311112
7401 5452.4233328445325 5349.8478286351055
7402 5476.938886960237 5362.6108919591
7403 5525.969995191648 5388.137018607087
7404 4627.115838975011 4959.96498836138
7405 4676.146947206421 4985.4911150093685
7406 4700.662501322126 4998.254178333362
7407 4749.693609553537 5023.780304981349
7408 4798.724717784948 5049.306431629337
7409 4823.240271900652 5062.069494953331
7410 4872.271380132063 5087.595621601318
7411 4994.849150710589 5151.410938221286
7412 5019.364704826294 5164.174001545281
7413 5043.880258941999 5176.937064869275
7414 5068.395813057705 5189.700128193268
7415 5092.911367173409 5202.463191517262
7416 5141.9424754048205 5227.98931816525
7417 5166.458029520525 5240.752381489243
7418 5190.973583636231 5253.515444813237
7419 5215.489137751936 5266.278508137231
7420 5264.520245983346 5291.804634785218
7421 5289.035800099052 5304.567698109212
7422 5313.551354214756 5317.330761433206
7423 5362.5824624461675 5342.856888081194
7424 5411.613570677578 5368.383014729181
7425 5509.675787140399 5419.435268025156
7426 4610.821630923761 4991.26323777945
7427 4659.852739155172 5016.789364427437
7428 4708.883847386582 5042.315491075425
7429 4733.399401502287 5055.078554399419
7430 4757.914955617993 5067.841617723412
7431 4831.461617965108 5106.130807695394
7432 4905.008280312224 5144.419997667374
7433 4929.523834427929 5157.183060991369
7434 4954.039388543634 5169.946124315362
7435 5003.070496775044 5195.47225096335
7436 5125.648267353571 5259.287567583318
7437 5174.679375584981 5284.813694231306
7438 5248.226037932097 5323.102884203287
7439 5272.741592047802 5335.865947527282
7440 5321.772700279213 5361.392074175268
7441 5346.288254394917 5374.155137499262
7442 5419.834916742034 5412.444327471244
7443 5444.350470857738 5425.207390795238
7444 5468.866024973444 5437.970454119231
7445 1375.0 1250.0
7446 1358.6685165304712 1283.029103847046
7447 1342.3370330609423 1316.0582076940918
7448 1326.0055495914135 1349.0873115411378
7449 1309.6740661218848 1382.1164153881837
7450 1277.0110991828271 1448.1746230822757
7451 1260.6796157132983 1481.2037269293216
7452 1228.0166487742406 1547.2619346234135
7453 1195.3536818351831 1613.3201423175053
7454 1179.0221983656543 1646.3492461645515
7455 1162.6907148961254 1679.3783500115974
7456 1097.3647810180103 1811.494765399781
7457 1064.7018140789526 1877.5529730938729
7458 1048.3703306094237 1910.5820769409188
7459 1032.0388471398949 1943.6111807879647
7460 983.0443967313084 2042.6984923291027
7461 950.3814297922509 2108.7567000231948
7462 1253.844887428713 1313.4069410800482
7463 1237.5134039591842 1346.4360449270941
7464 1204.8504370201265 1412.4942526211862
7465 1188.5189535505979 1445.5233564682321
7466 1172.187470081069 1478.552460315278
7467 1155.8559866115402 1511.581564162324
7468 1106.8615362029536 1610.6688757034617
7469 1074.198569263896 1676.7270833975535
7470 1041.5356023248385 1742.7852910916456
7471 992.5411519162519 1841.8726026327834
7472 959.8781849771942 1907.9308103268754
7473 943.5467015076655 1940.9599141739213
7474 927.2152180381368 1973.9890180209673
7475 910.8837345686079 2007.0181218680132
7476 894.5522510990791 2040.047225715059
7477 878.2207676295502 2073.076329562105
7478 1230.678675674599 1178.639259077821
7479 1198.0157087355412 1244.6974667719128
7480 1132.689774857426 1376.8138821600965
7481 1100.0268079183684 1442.8720898541885
7482 1083.6953244488395 1475.9011937012344
7483 1067.3638409793107 1508.9302975482801
7484 1051.0323575097818 1541.9594013953263
7485 1018.3693905707242 1608.017609089418
7486 969.3749401621378 1707.104920630556
7487 936.7119732230802 1773.163128324648
7488 920.3804897535514 1806.1922321716938
7489 887.7175228144937 1872.2504398657857
7490 871.386039344965 1905.2795437128316
7491 838.7230724059073 1971.3377514069234
7492 822.3915889363785 2004.3668552539693
7493 806.0601054668497 2037.3959591010153
7494 1158.5180135118983 1142.9588886167312
7495 1142.1865300423694 1175.9879924637773
7496 1125.8550465728406 1209.0170963108233
7497 1109.5235631033117 1242.0462001578692
7498 1093.1920796337831 1275.075304004915
7499 1060.5291126947254 1341.133511699007
7500 1011.5346622861389 1440.220823240145
7501 995.2031788166101 1473.2499270871908
7502 978.8716953470813 1506.2790309342367
7503 946.2087284080237 1572.3372386283286
7504 864.5513110603796 1737.4827578635582
7505 831.888344121322 1803.54096555765
7506 799.2253771822643 1869.599173251742
7507 733.8994433041491 2001.715588639926
7508 1021.0314174710825 1239.3949335438256
7509 955.7054835929672 1371.5113489320092
7510 923.0425166539096 1437.569556626101
7511 890.3795497148519 1503.6277643201931
7512 857.7165827757943 1569.685972014285
7513 825.0536158367368 1635.7441797083768
7514 808.7221323672079 1668.7732835554227
7515 792.3906488976791 1701.8023874024686
7516 776.0591654281502 1734.8314912495146
7517 759.7276819586214 1767.8605950965605
7518 743.3961984890925 1800.8896989436066
7519 727.0647150195638 1833.9188027906525
7520 710.733231550035 1866.9479066376985
7521 1014.1966891864971 1071.5981476945522
7522 948.8707553083818 1203.7145630827358
7523 932.539271838853 1236.7436669297817
7524 916.2077883693242 1269.7727707768279
7525 883.5448214302667 1335.8309784709197
7526 867.2133379607378 1368.8600823179656
7527 834.5503710216801 1434.9182900120575
7528 818.2188875521513 1467.9473938591036
7529 801.8874040826225 1500.9764977061495
7530 720.2299867349784 1666.1220169413791
7531 703.8985032654496 1699.151120788425
7532 654.9040528568632 1798.2384323295628
7533 638.5725693873344 1831.2675361766087
7534 622.2410859178055 1864.2966400236548
7535 589.578118978748 1930.3548477177467
7536 942.0360270237966 1035.9177772334626
7537 925.7045435542677 1068.9468810805085
7538 909.3730600847389 1101.9759849275545
7539 893.04157661521 1135.0050887746004
7540 876.7100931456813 1168.0341926216463
7541 860.3786096761525 1201.0632964686922
7542 844.0471262066236 1234.0924003157384
7543 795.0526757980372 1333.179711856876
7544 762.3897088589796 1399.237919550968
7545 697.0637749808643 1531.3543349391516
7546 680.7322915113355 1564.3834387861978
7547 664.4008080418067 1597.4125426332437
7548 648.0693245722779 1630.4416464802896
7549 631.737841102749 1663.4707503273355
7550 615.4063576332203 1696.4998541743814
7551 582.7433906941626 1762.5580618684735
7552 550.0804237551049 1828.6162695625653
7553 869.8753648610959 1000.237406772373
7554 853.5438813915671 1033.266510619419
7555 837.2123979220383 1066.295614466465
7556 820.8809144525095 1099.3247183135109
7557 788.2179475134519 1165.3829260076027
7558 739.2234971048654 1264.4702375487407
7559 690.2290466962789 1363.5575490898784
7560 641.2345962876925 1462.6448606310162
7561 624.9031128181637 1495.673964478062
7562 608.5716293486349 1528.7030683251082
7563 592.2401458791062 1561.7321721721542
7564 575.9086624095773 1594.7612760192
7565 559.5771789400485 1627.790379866246
7566 526.9142120009908 1693.8485875603378
7567 510.58272853146195 1726.8776914073837
7568 494.2512450619332 1759.9067952544297
7569 477.91976159240437 1792.9358991014756
7570 445.2567946533468 1858.9941067955674
7571 797.7147026983954 964.5570363112835
7572 781.3832192288666 997.5861401583294
7573 716.0572853507513 1129.7025555465132
7574 699.7258018812225 1162.731659393559
7575 683.3943184116937 1195.760763240605
7576 667.062834942165 1228.7898670876511
7577 650.7313514726361 1261.818970934697
7578 634.3998680031073 1294.848074781743
7579 618.0683845335784 1327.877178628789
7580 585.4054175945208 1393.9353863228807
7581 569.0739341249921 1426.9644901699266
7582 552.7424506554632 1459.9935940169726
7583 536.4109671859344 1493.0226978640185
7584 520.0794837164055 1526.0518017110644
7585 487.41651677734785 1592.1100094051562
7586 471.0850333078191 1625.1391132522022
7587 454.75354983829027 1658.1682170992483
7588 422.0905828992327 1724.2264247933401
7589 405.75909942970384 1757.2555286403863
7590 389.427615960175 1790.2846324874322
7591 709.2225570661659 961.9057696972399
7592 692.8910735966372 994.9348735442858
7593 643.8966231880506 1094.0221850854236
7594 627.5651397185219 1127.0512889324696
7595 594.9021727794643 1193.1094966265614
7596 578.5706893099355 1226.1386004736073
7597 562.2392058404066 1259.1677043206532
7598 545.9077223708778 1292.1968081676991
7599 513.2447554318202 1358.2550158617912
7600 480.5817884927626 1424.313223555883
7601 464.25030502323375 1457.342327402929
7602 447.9188215537049 1490.3714312499749
7603 382.5928876755896 1622.4878466381588
7604 366.2614042060609 1655.5169504852047
7605 333.5984372670032 1721.5751581792965
7606 317.26695379747434 1754.6042620263424
7607 300.9354703279455 1787.6333658733884
7608 604.3989279644078 992.2836069302422
7609 539.0729940862925 1124.400022318426
7610 522.7415106167637 1157.4291261654719
7611 457.4155767386485 1289.5455415536558
7612 441.08409326911965 1322.5746454007017
7613 424.7526097995908 1355.6037492477476
7614 359.42667592147563 1487.7201646359313
7615 343.0951924519468 1520.7492684829772
7616 310.4322255128891 1586.807476177069
7617 294.10074204336024 1619.836580024115
7618 277.7692585738314 1652.8656838711609
7619 261.43777510430255 1685.894787718207
7620 245.10629163477392 1718.923891565253
7621 167.0 3053.0
7622 5478.0 393.0
7623 600.0 4265.0
7624 -743.0 3838.0
7625 358.0 2864.0
7626 3906.0 1091.0
7627 -366.0 6059.0
7628 5779.0 2572.0
7629 4525.0 3270.0
7630 2147.0 142.0
7631 5560.0 5650.0
7632 -604.0 2811.0
7633 6002.0 4437.0
7634 5052.0 2014.0
7635 -127.0 4222.0
7636 5364.0 4077.0
7637 4464.0 5124.0
7638 329.0 222.0
7639 -321.0 3541.0
7640 783.0 2999.0
7641 4096.0 5109.0
7642 1573.0 742.0
7643 4655.0 5866.0
7644 -713.0 4603.0
7645 2051.0 364.0
7646 -65.0 532.0
7647 -331.0 5098.0
7648 4822.0 -33.0
7649 5084.0 141.0
7650 -165.0 4360.0
7651 49.0 5809.0
7652 3121.0 1238.0
7653 6125.0 2877.0
7654 4428.0 5841.0
7655 5814.0 3770.0
7656 5912.0 5044.0
7657 246.0 4043.0
7658 -508.0 1964.0
7659 6136.0 5401.0
7660 4465.0 5464.0
7661 4034.0 4320.0
7662 -538.0 750.0
7663 4180.0 2492.0
7664 5399.0 5837.0
7665 5968.0 5932.0
7666 3550.0 4669.0
7667 6050.0 4146.0
7668 4581.0 5514.0
7669 2369.0 4629.0
7670 3151.0 2620.0
7671 294.0 5587.0
7672 4436.0 2995.0
7673 3011.0 4626.0
7674 1890.0 306.0
7675 1652.0 946.0
7676 -552.0 5202.0
7677 5646.0 2140.0
7678 5782.0 193.0
7679 115.0 2093.0
7680 3602.0 5745.0
7681 4164.0 4037.0
7682 5990.0 5684.0
7683 -395.0 3354.0
7684 5289.0 236.0
7685 3805.0 5499.0
7686 4029.0 4468.0
7687 5361.0 19.0
7688 -463.0 3592.0
7689 4432.0 5695.0
7690 -210.0 3880.0
7691 168.0 2847.0
7692 -494.0 3987.0
7693 -605.0 5669.0
7694 2275.0 5983.0
7695 4898.0 5442.0
7696 -744.0 1866.0
7697 2918.0 1329.0
7698 4834.0 219.0
7699 1002.0 5810.0
7700 361.0 5161.0
7701 5982.0 3795.0
7702 5304.0 3644.0
7703 -49.0 5493.0
7704 -274.0 1871.0
7705 1700.0 174.0
7706 5206.0 2274.0
7707 -473.0 4432.0
7708 -618.0 -213.0
7709 6057.0 4796.0
7710 5630.0 4242.0
7711 4082.0 2676.0
7712 359.0 6082.0
7713 1767.0 -72.0
7714 3800.0 5910.0
7715 -587.0 -89.0
7716 2518.0 4656.0
7717 6063.0 -133.0
7718 -476.0 2223.0
7719 2383.0 5779.0
7720 5376.0 3871.0
7721 1373.0 2280.0
7722 -710.0 1705.0
7723 2408.0 5091.0
7724 1516.0 1501.0
7725 -63.0 2100.0
7726 4349.0 3994.0
7727 369.0 2701.0
7728 1522.0 1017.0
7729 -644.0 5483.0
7730 1818.0 779.0
7731 4661.0 4552.0
7732 -121.0 1953.0
7733 133.0 4157.0
7734 5253.0 5497.0
7735 -215.0 2444.0
7736 -13.0 165.0
7737 6000.0 3540.0
7738 5187.0 2102.0
7739 3260.0 4608.0
7740 5892.0 6055.0
7741 2894.0 2070.0
7742 310.0 3234.0
7743 -692.0 4277.0
7744 4260.0 5382.0
7745 2893.0 4580.0
7746 4210.0 3278.0
7747 5106.0 5423.0
7748 -700.0 189.0
7749 -301.0 4152.0
7750 5345.0 598.0
7751 6165.0 5853.0
7752 5551.0 3390.0
7753 -722.0 3212.0
7754 4208.0 3845.0
7755 1029.0 937.0
7756 5671.0 3255.0
7757 407.0 75.0
7758 5214.0 506.0
7759 -635.0 539.0
7760 4481.0 5335.0
7761 4180.0 3425.0
7762 1366.0 5645.0
7763 3165.0 1092.0
7764 5114.0 5605.0
7765 5869.0 -62.0
7766 -189.0 5971.0
7767 52.0 2638.0
7768 2669.0 1780.0
7769 3063.0 1577.0
7770 27.0 4749.0
7771 296.0 589.0
7772 5687.0 5544.0
7773 447.0 727.0
7774 2514.0 -77.0
7775 5853.0 461.0
7776 5049.0 4234.0
7777 1216.0 5370.0
7778 4304.0 6044.0
7779 2563.0 1713.0
7780 984.0 2856.0
7781 2486.0 2122.0
7782 -63.0 6048.0
7783 4627.0 2349.0
7784 113.0 3275.0
7785 2234.0 -220.0
7786 2942.0 4156.0
7787 724.0 3952.0
7788 426.0 4789.0
7789 824.0 4025.0
7790 2560.0 2424.0
7791 1339.0 975.0
7792 702.0 5411.0
7793 2593.0 6028.0
7794 2836.0 3621.0
7795 6058.0 3355.0
7796 5806.0 5620.0
7797 6169.0 837.0
7798 1804.0 3236.0
7799 5524.0 -79.0
7800 5584.0 3974.0
7801 3375.0 4953.0
7802 5321.0 -190.0
7803 53.0 5660.0
7804 4554.0 4750.0
7805 4353.0 5280.0
7806 785.0 4165.0
7807 100.0 4565.0
7808 6134.0 602.0
7809 555.0 -68.0
7810 384.0 4997.0
7811 1802.0 649.0
7812 1583.0 2578.0
7813 -489.0 3850.0
7814 4311.0 4225.0
7815 -232.0 5341.0
7816 4866.0 6092.0
7817 3065.0 2521.0
7818 653.0 5240.0
7819 493.0 5938.0
7820 1421.0 -150.0
7821 -256.0 3168.0
7822 1668.0 6023.0
7823 116.0 1679.0
7824 -52.0 1829.0
7825 5265.0 5763.0
7826 -346.0 2021.0
7827 5598.0 73.0
7828 2580.0 2007.0
7829 298.0 809.0
7830 6055.0 1901.0
7831 776.0 783.0
7832 4379.0 3248.0
7833 1864.0 2985.0
7834 275.0 82.0
7835 3565.0 5944.0
7836 1114.0 5574.0
7837 3922.0 2635.0
7838 3908.0 1223.0
7839 5529.0 2951.0
7840 5899.0 5792.0
7841 -378.0 5525.0
7842 3795.0 5310.0
7843 -46.0 19.0
7844 534.0 3877.0
7845 -82.0 -239.0
7846 2448.0 1777.0
7847 2186.0 2559.0
7848 5734.0 2010.0
7849 3693.0 1057.0
7850 3434.0 1167.0
7851 -195.0 5010.0
7852 5799.0 3537.0
7853 3956.0 6076.0
7854 -514.0 4575.0
7855 -183.0 5163.0
7856 6111.0 2097.0
7857 4002.0 3831.0
7858 -135.0 2935.0
7859 916.0 5381.0
7860 2346.0 90.0
7861 -633.0 415.0
7862 -508.0 72.0
7863 5789.0 3086.0
7864 -745.0 470.0
7865 2307.0 4822.0
7866 2155.0 1628.0
7867 2609.0 3064.0
7868 5245.0 4332.0
7869 5941.0 2282.0
7870 6081.0 5530.0
7871 5498.0 4341.0
7872 3825.0 5762.0
7873 2976.0 4000.0
7874 4797.0 5299.0
7875 409.0 4584.0
7876 200.0 5168.0
7877 1143.0 4235.0
7878 6044.0 219.0
7879 408.0 881.0
7880 5506.0 3764.0
7881 -525.0 2560.0
7882 2544.0 4942.0
7883 4093.0 5507.0
7884 -479.0 4156.0
7885 2220.0 355.0
7886 5590.0 2285.0
7887 3109.0 -245.0
7888 5873.0 4376.0
7889 5672.0 -62.0
7890 3428.0 5081.0
7891 3920.0 5608.0
7892 4512.0 -247.0
7893 -117.0 2649.0
7894 207.0 4305.0
7895 651.0 5707.0
7896 3540.0 6080.0
7897 4585.0 5178.0
7898 4273.0 2610.0
7899 5641.0 2600.0
7900 5002.0 -118.0
7901 3503.0 -185.0
7902 4243.0 2892.0
7903 4089.0 3024.0
7904 3689.0 6052.0
7905 211.0 4647.0
7906 1642.0 1229.0
7907 4957.0 537.0
7908 -226.0 5824.0
7909 -343.0 45.0
7910 124.0 4894.0
7911 3020.0 2149.0
7912 6167.0 4609.0
7913 5652.0 5806.0
7914 6161.0 3484.0
7915 4965.0 5946.0
7916 3063.0 2281.0
7917 2576.0 2218.0
7918 -284.0 4693.0
7919 114.0 1850.0
7920 2375.0 3075.0
7921 220.0 5763.0
7922 -694.0 2481.0
7923 -721.0 4101.0
7924 6167.0 251.0
7925 3734.0 822.0
7926 4405.0 2721.0
7927 4072.0 2836.0
7928 1147.0 -187.0
7929 -641.0 2940.0
7930 335.0 3888.0
7931 -190.0 3056.0
7932 -500.0 4742.0
7933 5171.0 1875.0
7934 -246.0 2601.0
7935 3358.0 2632.0
7936 962.0 2706.0
7937 3040.0 2679.0
7938 -705.0 -51.0
7939 666.0 4382.0
7940 5111.0 3591.0
7941 143.0 487.0
7942 2235.0 1798.0
7943 -584.0 5862.0
7944 1056.0 4077.0
7945 -741.0 646.0
7946 230.0 -209.0
7947 3294.0 2506.0
7948 5294.0 4206.0
7949 5524.0 5986.0
7950 5211.0 667.0
7951 -298.0 4566.0
7952 6127.0 6041.0
7953 156.0 5920.0
7954 5541.0 2409.0
7955 4306.0 2439.0
7956 493.0 4111.0
7957 2657.0 5009.0
7958 1161.0 2885.0
7959 5971.0 3020.0
7960 6137.0 1708.0
7961 -113.0 345.0
7962 4597.0 5693.0
7963 5745.0 5909.0
7964 4796.0 5640.0
7965 3834.0 911.0
7966 96.0 3958.0
7967 4177.0 916.0
7968 3124.0 1416.0
7969 2706.0 2233.0
7970 289.0 2991.0
7971 3974.0 5190.0
7972 3318.0 -216.0
7973 4590.0 2688.0
7974 -369.0 2430.0
7975 5452.0 3978.0
7976 5708.0 -213.0
7977 -674.0 2289.0
7978 408.0 5439.0
7979 2791.0 4294.0
7980 5012.0 6.0
7981 2099.0 633.0
7982 4454.0 4174.0
7983 -722.0 5050.0
7984 6172.0 4089.0
7985 1295.0 -46.0
7986 4571.0 2124.0
7987 1968.0 3516.0
7988 2344.0 226.0
7989 5650.0 2849.0
7990 2819.0 2176.0
7991 -631.0 3487.0
7992 1068.0 2970.0
7993 3276.0 1147.0
7994 3713.0 4506.0
7995 -92.0 3773.0
7996 1524.0 -71.0
7997 5441.0 150.0
7998 -155.0 4486.0
7999 144.0 2533.0
8000 4496.0 2303.0
8001 -132.0 4001.0
8002 1855.0 -216.0
8003 537.0 4956.0
8004 3225.0 1517.0
8005 6108.0 3139.0
8006 -513.0 2407.0
8007 -95.0 4864.0
8008 4940.0 5666.0
8009 5715.0 5318.0
8010 3367.0 6075.0
8011 1998.0 -39.0
8012 4678.0 5989.0
8013 3966.0 2765.0
8014 1932.0 427.0
8015 6138.0 5703.0
8016 2757.0 1659.0
8017 2523.0 2972.0
8018 5712.0 454.0
8019 4724.0 2069.0
8020 949.0 5922.0
8021 5912.0 1842.0
8022 -625.0 4788.0
8023 397.0 -196.0
8024 5117.0 -68.0
8025 -273.0 262.0
8026 -286.0 4276.0
8027 1200.0 3022.0
8028 5885.0 3987.0
8029 2201.0 561.0
8030 437.0 4426.0
8031 2846.0 4711.0
8032 167.0 5309.0
8033 -384.0 574.0
8034 -294.0 5703.0
8035 5998.0 4304.0
8036 -639.0 4950.0
8037 3917.0 5403.0
8038 2899.0 1650.0
8039 1505.0 4522.0
8040 -397.0 433.0
8041 950.0 3056.0
8042 4447.0 4318.0
8043 2552.0 4499.0
8044 -62.0 5052.0
8045 2017.0 2844.0
8046 5850.0 3267.0
8047 5112.0 5925.0
8048 5318.0 6002.0
8049 5705.0 4358.0
8050 6129.0 5107.0
8051 -440.0 -119.0
8052 2707.0 4431.0
8053 2400.0 1905.0
8054 5691.0 4074.0
8055 1940.0 649.0
8056 109.0 68.0
8057 5657.0 4505.0
8058 3593.0 879.0
8059 1886.0 3363.0
8060 1409.0 1100.0
8061 4889.0 389.0
8062 5968.0 5380.0
8063 -106.0 3267.0
8064 6103.0 4914.0
8065 2846.0 1781.0
8066 4911.0 2095.0
8067 -467.0 5692.0
8068 4988.0 233.0
8069 2402.0 2332.0
8070 4903.0 1943.0
8071 4639.0 2542.0
8072 4177.0 5249.0
8073 5015.0 5519.0
8074 3399.0 4820.0
8075 844.0 5667.0
8076 678.0 2917.0
8077 2129.0 784.0
8078 2692.0 4861.0
8079 1290.0 -227.0
8080 5245.0 5635.0
8081 4146.0 6027.0
8082 -366.0 2769.0
8083 1774.0 2873.0
8084 4811.0 -162.0
8085 -247.0 3753.0
8086 -727.0 5641.0
8087 4497.0 4934.0
8088 2293.0 5288.0
8089 5548.0 3237.0
8090 2363.0 1671.0
8091 2258.0 -28.0
8092 4181.0 5721.0
8093 -342.0 4893.0
8094 1657.0 541.0
8095 5376.0 4321.0
8096 -72.0 5702.0
8097 1832.0 54.0
8098 6014.0 4564.0
8099 1766.0 3113.0
8100 4256.0 5607.0
8101 5826.0 4564.0
8102 5956.0 4882.0
8103 -559.0 1700.0
8104 1523.0 1339.0
8105 3299.0 1276.0
8106 6061.0 2660.0
8107 4071.0 5821.0
8108 5870.0 4241.0
8109 2986.0 1031.0
8110 896.0 5553.0
8111 5.0 2995.0
8112 -343.0 2204.0
8113 1324.0 2998.0
8114 3093.0 4156.0
8115 -533.0 3262.0
8116 -118.0 -117.0
8117 4637.0 5402.0
8118 5941.0 2798.0
8119 2068.0 4990.0
8120 -263.0 420.0
8121 397.0 1992.0
8122 -741.0 5214.0
8123 3683.0 4698.0
8124 -13.0 4482.0
8125 -508.0 6010.0
8126 698.0 6064.0
8127 -706.0 5832.0
8128 5961.0 798.0
8129 2515.0 5872.0
8130 726.0 2768.0
8131 3395.0 4617.0
8132 489.0 2671.0
8133 501.0 5748.0
8134 4709.0 5551.0
8135 725.0 5863.0
8136 675.0 5573.0
8137 -5.0 2796.0
8138 5794.0 5155.0
8139 6116.0 30.0
8140 4465.0 3850.0
8141 1147.0 2665.0
8142 -702.0 5338.0
8143 5190.0 58.0
8144 -100.0 3574.0
8145 -575.0 4344.0
8146 4325.0 3731.0
8147 4486.0 257.0
8148 -178.0 4609.0
8149 1549.0 4318.0
8150 1100.0 5703.0
8151 4256.0 3615.0
8152 3702.0 1190.0
8153 2174.0 5095.0
8154 1830.0 6005.0
8155 4465.0 2486.0
8156 2686.0 2095.0
8157 238.0 1912.0
8158 974.0 -244.0
8159 5884.0 5263.0
8160 2804.0 2854.0
8161 5433.0 3431.0
8162 4013.0 4135.0
8163 4542.0 75.0
8164 4520.0 5937.0
8165 5402.0 2228.0
8166 6166.0 2313.0
8167 -702.0 2715.0
8168 3433.0 4460.0
8169 5.0 4318.0
8170 6113.0 2519.0
8171 4034.0 1025.0
8172 300.0 355.0
8173 1626.0 5797.0
8174 4801.0 5961.0
8175 5109.0 800.0
8176 4435.0 4825.0
8177 -477.0 193.0
8178 3854.0 4562.0
8179 4372.0 2316.0
8180 4373.0 2887.0
8181 4558.0 4100.0
8182 938.0 4149.0
8183 4292.0 4914.0
8184 1711.0 1080.0
8185 2659.0 2931.0
8186 1999.0 3189.0
8187 303.0 5305.0
8188 3769.0 2674.0
8189 5824.0 2195.0
8190 5059.0 -236.0
8191 1229.0 6018.0
8192 527.0 2858.0
8193 1725.0 395.0
8194 -61.0 3124.0
8195 503.0 3135.0
8196 99.0 -244.0
8197 1964.0 4898.0
8198 1354.0 6025.0
8199 2373.0 457.0
8200 -394.0 2934.0
8201 798.0 2616.0
8202 5022.0 383.0
8203 -542.0 3064.0
8204 5749.0 2742.0
8205 3936.0 3063.0
8206 2960.0 1171.0
8207 3185.0 4922.0
8208 -464.0 5008.0
8209 961.0 802.0
8210 1486.0 2383.0
8211 -19.0 3888.0
8212 -749.0 335.0
8213 1216.0 1000.0
8214 5922.0 3391.0
8215 3118.0 4814.0
8216 2252.0 4976.0
8217 26.0 5267.0
8218 499.0 5596.0
8219 -102.0 2320.0
8220 2026.0 6097.0
8221 3166.0 4347.0
8222 26.0 1992.0
8223 66.0 2431.0
8224 -163.0 5580.0
8225 648.0 4082.0
8226 5902.0 628.0
8227 4627.0 190.0
8228 5897.0 2022.0
8229 5021.0 2198.0
8230 6023.0 3668.0
8231 -551.0 2080.0
8232 6127.0 5235.0
8233 543.0 2047.0
8234 4738.0 125.0
8235 5621.0 3667.0
8236 1664.0 2775.0
8237 4285.0 1941.0
8238 -684.0 2105.0
8239 6170.0 481.0
8240 531.0 601.0
8241 5967.0 26.0
8242 2654.0 4718.0
8243 74.0 5400.0
8244 3171.0 2448.0
8245 1262.0 5512.0
8246 4316.0 5902.0
8247 4891.0 73.0
8248 5083.0 6062.0
8249 5675.0 2382.0
8250 363.0 4175.0
8251 2517.0 4780.0
8252 1478.0 5808.0
8253 3472.0 5217.0
8254 5912.0 2664.0
8255 5404.0 5632.0
8256 5842.0 315.0
8257 2289.0 771.0
8258 -300.0 -147.0
8259 -735.0 3705.0
8260 5127.0 303.0
8261 5337.0 375.0
8262 5009.0 5799.0
8263 6001.0 2399.0
8264 -721.0 5957.0
8265 4503.0 3973.0
8266 4608.0 4401.0
8267 5735.0 6032.0
8268 4280.0 3166.0
8269 5770.0 5766.0
8270 -581.0 1825.0
8271 5517.0 3561.0
8272 376.0 5692.0
8273 4377.0 5558.0
8274 -328.0 4408.0
8275 2412.0 -149.0
8276 92.0 6098.0
8277 3654.0 5391.0
8278 103.0 286.0
8279 4829.0 2193.0
8280 203.0 6038.0
8281 4428.0 3383.0
8282 -510.0 5548.0
8283 24.0 -145.0
8284 4591.0 -75.0
8285 4013.0 898.0
8286 3861.0 3712.0
8287 5184.0 4125.0
8288 4155.0 4242.0
8289 -630.0 6052.0
8290 -75.0 3451.0
8291 6164.0 1583.0
8292 265.0 2077.0
8293 -474.0 5350.0
8294 4315.0 3477.0
8295 1.0 4170.0
8296 1067.0 2567.0
8297 4531.0 3077.0
8298 -270.0 2333.0
8299 6145.0 3874.0
8300 2860.0 2698.0
8301 4791.0 4260.0
8302 230.0 -71.0
8303 -353.0 5934.0
8304 2435.0 338.0
8305 4513.0 2820.0
8306 1267.0 5807.0
8307 1774.0 1204.0
8308 615.0 2682.0
8309 5219.0 3745.0
8310 1773.0 1348.0
8311 1999.0 768.0
8312 16.0 426.0
8313 722.0 5059.0
8314 5834.0 2386.0
8315 2524.0 4369.0
8316 2935.0 1493.0
8317 5749.0 3893.0
8318 5131.0 5739.0
8319 570.0 3727.0
8320 198.0 196.0
8321 4251.0 5130.0
8322 -740.0 803.0
8323 3580.0 1320.0
8324 -240.0 599.0
8325 3628.0 -169.0
8326 319.0 4366.0
8327 1531.0 81.0
8328 6000.0 3239.0
8329 2879.0 3763.0
8330 -700.0 4404.0
8331 3175.0 4485.0
8332 3973.0 3636.0
8333 3032.0 4371.0
8334 5621.0 342.0
8335 4431.0 2041.0
8336 5856.0 5482.0
8337 1839.0 526.0
8338 6038.0 4000.0
8339 5497.0 4209.0
8340 5953.0 2138.0
8341 3136.0 2768.0
8342 2680.0 2367.0
8343 4148.0 4373.0
8344 6044.0 903.0
8345 2481.0 2559.0
8346 -359.0 3886.0
8347 5798.0 43.0
8348 4105.0 3651.0
8349 4696.0 2207.0
8350 -406.0 3205.0
8351 3137.0 4025.0
8352 1592.0 -191.0
8353 4082.0 3210.0
8354 2424.0 6065.0
8355 475.0 4248.0
8356 5318.0 2060.0
8357 2878.0 1928.0
8358 1691.0 4861.0
8359 1985.0 147.0
8360 2410.0 4435.0
10157
3 2
4 1
6 5
7 6
9 8
12 11
13 12
14 13
15 14
18 17
19 18
22 21
23 22
24 23
25 24
27 26
30 10
30 29
31 11
32 13
33 14
33 32
34 15
34 33
35 16
36 35
37 17
37 36
40 39
41 23
42 24
42 41
43 25
43 42
44 43
45 26
45 44
46 27
46 45
48 47
49 48
50 28
50 49
51 50
52 51
53 29
53 52
54 30
54 53
55 54
56 55
58 32
58 57
59 33
59 58
60 34
60 59
61 60
62 37
63 62
64 63
65 38
65 64
66 65
68 39
68 67
69 44
70 46
71 70
72 48
73 53
74 55
75 56
75 74
76 75
77 58
78 59
78 77
79 61
80 79
81 80
82 62
82 81
83 68
87 69
87 86
88 70
89 71
89 88
91 90
92 91
94 75
95 78
96 79
97 80
97 96
98 81
98 97
99 82
99 98
102 101
103 83
103 102
104 103
106 85
106 105
107 106
110 109
111 92
112 111
113 93
113 112
114 113
116 115
117 95
118 97
119 98
119 118
122 101
122 121
123 102
123 122
124 103
124 123
125 105
126 106
126 125
128 127
129 108
129 128
130 129
131 130
132 110
134 133
135 111
135 134
137 136
138 118
138 137
139 119
139 138
140 120
141 121
142 122
142 141
144 128
145 129
145 144
146 130
146 145
148 133
148 147
149 134
149 148
150 135
150 149
154 136
155 139
156 155
157 140
157 156
158 157
159 142
160 159
161 160
162 161
164 146
167 152
170 155
171 156
171 170
172 158
173 172
174 161
176 163
176 175
178 177
181 180
182 181
183 182
184 183
185 166
185 184
186 185
187 167
188 187
189 188
191 169
191 190
192 191
193 170
193 192
195 172
195 194
196 173
196 195
198 174
198 197
199 175
200 176
200 199
201 200
202 177
202 201
203 178
203 202
204 203
205 179
205 204
206 205
207 206
209 180
209 208
210 181
210 209
211 182
211 210
212 183
212 211
213 184
213 212
214 186
215 187
216 188
216 215
217 189
217 216
218 190
219 191
219 218
220 193
221 194
222 196
225 201
226 202
226 225
227 203
227 226
228 205
229 206
229 228
230 208
231 210
232 212
235 216
236 217
236 235
238 218
238 237
239 219
239 238
240 239
241 220
241 240
242 241
243 221
243 242
244 223
246 245
247 225
247 246
248 226
248 247
249 227
249 248
250 228
251 229
251 250
252 251
253 230
254 253
255 231
255 254
256 255
257 232
257 256
258 257
260 234
260 259
261 260
262 236
263 262
264 240
265 241
265 264
267 266
268 267
269 244
269 268
271 247
272 248
272 271
273 249
273 272
274 273
275 253
276 255
277 256
277 276
278 261
279 278
280 262
280 279
281 263
281 280
282 281
283 265
284 266
285 267
285 284
286 269
289 274
290 289
292 275
293 292
294 276
294 293
295 277
295 294
297 296
298 297
299 298
300 278
300 299
301 280
303 283
304 303
305 284
306 285
306 305
307 287
308 307
310 289
311 290
311 310
312 311
313 291
313 312
314 292
315 293
315 314
316 294
316 315
317 295
317 316
318 296
319 297
319 318
320 298
320 319
323 322
325 324
326 303
326 325
327 304
327 326
328 305
329 306
329 328
331 307
331 330
332 308
332 331
333 332
334 333
335 309
335 334
337 311
338 312
338 337
339 316
340 317
340 339
341 318
342 319
342 341
343 320
343 342
344 322
346 328
348 330
349 332
350 333
350 349
351 334
351 350
352 335
352 351
353 352
354 336
354 353
355 354
356 337
356 355
357 338
357 356
358 357
360 339
361 340
361 360
362 343
363 362
365 364
366 344
366 365
367 366
368 345
368 367
374 350
375 351
375 374
376 353
377 354
377 376
378 355
378 377
379 357
380 359
381 380
382 361
383 382
385 362
385 384
387 364
387 386
388 365
388 387
389 368
390 389
391 369
391 390
392 391
393 370
393 392
396 372
396 395
397 396
398 373
398 397
399 398
400 376
401 378
402 401
403 380
404 381
404 403
405 382
406 385
407 406
408 386
408 407
409 387
409 408
410 388
410 409
411 410
412 411
413 389
413 412
414 390
414 413
415 391
415 414
416 392
416 415
417 394
418 417
419 396
420 397
420 419
422 421
423 422
424 400
424 423
425 401
426 402
426 425
427 426
428 427
429 403
432 406
433 408
434 410
435 411
435 434
436 413
437 414
437 436
438 417
441 440
442 421
442 441
443 422
443 442
444 425
445 427
447 430
447 446
448 447
449 448
450 431
450 449
451 432
453 434
453 452
458 457
459 441
460 442
460 459
462 444
463 462
464 445
464 463
465 464
467 447
469 451
469 468
471 453
472 471
474 455
475 474
476 456
476 475
478 457
478 477
479 458
479 478
481 461
481 480
483 462
483 482
484 463
484 483
485 464
485 484
488 468
488 487
489 469
489 488
490 489
491 470
491 490
492 491
494 476
496 478
497 479
497 496
499 498
500 481
501 500
502 483
503 484
503 502
504 485
504 503
507 490
508 491
508 507
509 492
509 508
510 509
511 510
513 512
514 494
516 495
516 515
517 496
518 497
518 517
519 498
520 499
520 519
521 502
522 503
522 521
525 524
526 505
526 525
527 506
528 527
529 528
530 529
531 507
531 530
532 508
532 531
533 510
534 511
534 533
535 534
536 512
536 535
537 513
537 536
539 516
540 539
541 518
542 520
544 521
545 522
545 544
546 523
547 525
549 527
549 548
550 528
550 549
551 529
551 550
552 530
552 551
553 532
554 553
555 534
556 535
556 555
557 537
558 557
559 538
559 558
561 539
562 540
562 561
563 541
564 563
565 564
567 566
568 543
568 567
569 568
570 544
570 569
572 546
572 571
573 547
574 548
575 550
576 551
576 575
577 552
577 576
578 577
579 553
579 578
582 558
583 559
583 582
584 560
585 584
586 561
586 585
588 563
588 587
589 564
589 588
590 565
590 589
591 567
592 569
593 570
593 592
594 593
595 571
595 594
596 572
596 595
597 573
598 597
599 574
599 598
600 599
601 575
601 600
602 577
603 578
603 602
604 579
604 603
605 580
606 605
607 606
608 581
608 607
609 608
610 582
610 609
611 583
611 610
612 611
613 585
614 586
614 613
615 614
616 589
617 590
617 616
618 591
619 593
620 594
620 619
621 595
621 620
623 598
624 601
625 624
626 604
627 626
628 606
629 608
630 611
632 613
632 631
633 614
633 632
634 615
634 633
635 616
636 617
636 635
637 636
639 638
640 619
640 639
641 620
641 640
643 623
643 642
644 643
645 625
646 628
647 646
648 629
648 647
649 648
651 631
651 650
652 633
653 634
653 652
655 635
655 654
657 656
659 658
661 642
661 660
662 643
662 661
665 664
666 665
667 666
668 667
669 648
670 649
670 669
671 650
673 652
673 672
674 653
674 673
675 674
676 654
676 675
677 656
679 678
680 679
681 680
683 682
686 685
687 686
688 687
689 688
691 690
693 692
698 697
699 698
700 699
702 701
703 702
705 683
706 705
708 684
708 707
709 708
710 709
712 686
713 688
715 690
715 714
717 716
718 693
719 718
722 697
722 721
724 701
724 723
725 703
726 725
727 726
728 727
729 728
730 729
733 732
735 710
736 711
737 736
738 712
738 737
739 738
740 713
740 739
741 740
742 714
742 741
743 715
743 742
745 744
746 716
746 745
749 748
751 750
752 722
754 753
755 723
755 754
757 726
758 728
759 729
759 758
761 731
762 732
765 735
765 764
766 765
767 736
767 766
768 740
769 743
770 769
771 745
772 746
772 771
773 772
775 774
776 749
777 776
778 750
779 751
779 778
780 779
782 753
782 781
784 756
784 783
785 784
786 757
786 785
787 786
788 759
789 788
790 760
790 789
791 790
792 761
792 791
793 762
794 763
795 794
796 795
797 796
798 797
799 766
801 800
802 801
803 768
803 802
805 769
805 804
807 773
808 775
809 808
810 776
810 809
811 777
811 810
812 811
813 778
814 779
814 813
815 780
815 814
816 781
818 784
819 786
820 787
820 819
821 788
822 789
822 821
823 791
824 793
825 824
826 796
827 797
827 826
829 828
831 800
831 830
832 802
833 803
833 832
834 806
835 834
836 807
837 836
838 837
839 808
839 838
840 809
840 839
841 811
842 812
842 841
843 842
844 814
845 815
845 844
846 845
848 847
849 817
849 848
850 849
851 820
852 851
853 821
853 852
856 825
857 856
859 828
859 858
860 829
860 859
862 832
862 861
863 833
863 862
866 836
867 838
868 839
868 867
869 840
869 868
870 869
871 841
871 870
872 842
872 871
873 843
873 872
874 845
875 846
875 874
876 875
877 847
877 876
879 878
880 851
880 879
882 854
882 881
883 882
884 855
884 883
885 856
886 857
886 885
887 858
888 859
888 887
889 862
890 863
890 889
891 890
892 864
892 891
893 892
894 865
894 893
896 866
896 895
897 867
898 868
898 897
899 870
900 872
901 873
901 900
903 874
903 902
904 876
907 878
908 879
908 907
910 881
910 909
911 882
911 910
912 885
913 886
913 912
915 887
916 888
916 915
917 916
919 918
920 890
921 891
921 920
923 922
924 895
924 923
925 896
925 924
926 925
927 897
927 926
928 899
929 928
930 900
930 929
932 902
932 931
933 903
933 932
934 933
938 907
938 937
939 908
939 938
940 909
941 910
941 940
942 911
942 941
944 912
944 943
945 913
945 944
946 945
947 914
947 946
948 915
952 922
952 951
953 923
953 952
954 924
954 953
955 925
955 954
956 927
958 928
958 957
959 930
960 959
961 931
961 960
962 932
962 961
965 936
965 964
966 939
967 966
968 967
969 941
970 942
970 969
971 970
972 971
973 943
974 944
974 973
975 945
975 974
976 947
977 976
979 978
981 980
982 949
983 982
984 983
986 951
986 985
987 952
987 986
988 953
988 987
989 955
990 956
991 990
992 958
993 960
994 961
994 993
996 995
997 963
997 996
999 998
1000 966
1001 967
1001 1000
1002 968
1002 1001
1003 969
1004 972
1007 980
1008 982
1009 983
1009 1008
1011 985
1011 1010
1015 993
1017 996
1018 997
1018 1017
1020 999
1021 1001
1022 1003
1024 1004
1024 1023
1026 1025
1028 1006
1028 1027
1029 1028
1030 1029
1031 1030
1033 1010
1033 1032
1035 1034
1036 1035
1037 1014
1038 1037
1039 1038
1040 1015
1041 1040
1042 1016
1042 1041
1043 1018
1044 1043
1045 1044
1046 1019
1046 1045
1047 1046
1048 1020
1048 1047
1050 1023
1050 1049
1052 1025
1052 1051
1053 1026
1053 1052
1055 1027
1055 1054
1056 1028
1056 1055
1057 1030
1058 1031
1058 1057
1059 1058
1061 1032
1063 1034
1063 1062
1064 1036
1067 1039
1068 1067
1069 1040
1069 1068
1070 1042
1072 1043
1072 1071
1073 1044
1073 1072
1074 1045
1074 1073
1075 1046
1075 1074
1076 1047
1076 1075
1077 1048
1077 1076
1079 1078
1080 1079
1081 1080
1082 1050
1083 1082
1084 1052
1085 1053
1085 1084
1086 1085
1087 1054
1087 1086
1088 1055
1088 1087
1089 1057
1090 1058
1090 1089
1091 1059
1091 1090
1092 1091
1093 1092
1094 1060
1094 1093
1095 1094
1096 1061
1096 1095
1097 1096
1098 1062
1098 1097
1100 1065
1101 1100
1102 1066
1102 1101
1103 1102
1104 1103
1105 1067
1106 1068
1106 1105
1107 1070
1108 1107
1109 1072
1110 1074
1111 1075
1111 1110
1112 1076
1112 1111
1113 1077
1113 1112
1114 1080
1115 1081
1115 1114
1116 1115
1117 1082
1118 1083
1118 1117
1120 1084
1120 1119
1121 1085
1121 1120
1122 1086
1122 1121
1123 1087
1123 1122
1124 1088
1124 1123
1125 1124
1126 1090
1127 1091
1127 1126
1128 1092
1128 1127
1129 1093
1129 1128
1130 1094
1130 1129
1131 1095
1131 1130
1132 1097
1133 1098
1133 1132
1134 1099
1135 1134
1136 1101
1137 1102
1137 1136
1138 1104
1139 1138
1140 1105
1140 1139
1142 1141
1143 1107
1143 1142
1145 1109
1145 1144
1146 1111
1147 1113
1148 1147
1150 1117
1150 1149
1151 1120
1152 1123
1153 1124
1153 1152
1154 1125
1154 1153
1155 1154
1156 1155
1157 1126
1157 1156
1158 1127
1158 1157
1159 1131
1160 1132
1161 1133
1161 1160
1162 1161
1163 1134
1163 1162
1165 1136
1165 1164
1166 1138
1167 1139
1167 1166
1168 1140
1168 1167
1169 1168
1170 1141
1170 1169
1171 1142
1171 1170
1173 1146
1174 1173
1175 1147
1175 1174
1176 1148
1176 1175
1177 1176
1179 1149
1179 1178
1183 1155
1184 1157
1186 1185
1187 1159
1187 1186
1188 1187
1189 1160
1189 1188
1190 1161
1190 1189
1192 1191
1193 1164
1193 1192
1194 1165
1194 1193
1195 1194
1196 1195
1197 1166
1197 1196
1198 1167
1198 1197
1199 1169
1200 1171
1201 1200
1202 1201
1203 1202
1204 1203
1205 1174
1206 1175
1206 1205
1207 1176
1207 1206
1209 1179
1210 1209
1211 1180
1211 1210
1212 1181
1213 1212
1214 1213
1215 1182
1215 1214
1217 1216
1218 1183
1218 1217
1219 1218
1220 1184
1220 1219
1222 1185
1222 1221
1223 1186
1223 1222
1224 1187
1224 1223
1225 1189
1226 1190
1226 1225
1227 1226
1228 1191
1229 1192
1229 1228
1230 1195
1231 1196
1231 1230
1232 1197
1232 1231
1234 1201
1235 1202
1235 1234
1236 1204
1238 1237
1239 1205
1239 1238
1240 1207
1242 1241
1243 1242
1244 1209
1244 1243
1245 1213
1246 1214
1246 1245
1248 1216
1248 1247
1250 1221
1250 1249
1251 1222
1251 1250
1252 1223
1252 1251
1255 1229
1256 1255
1257 1256
1258 1230
1258 1257
1259 1232
1260 1233
1261 1260
1262 1234
1262 1261
1263 1235
1263 1262
1265 1237
1265 1264
1266 1238
1266 1265
1268 1240
1268 1267
1269 1268
1270 1241
1271 1244
1273 1245
1274 1247
1275 1248
1275 1274
1277 1276
1278 1249
1278 1277
1279 1250
1279 1278
1280 1251
1280 1279
1281 1252
1281 1280
1282 1281
1283 1253
1283 1282
1285 1254
1285 1284
1286 1256
1287 1257
1287 1286
1288 1258
1288 1287
1289 1288
1290 1259
1290 1289
1292 1291
1293 1263
1294 1293
1296 1267
1296 1295
1297 1268
1297 1296
1299 1270
1299 1298
1300 1299
1301 1271
1302 1301
1303 1272
1303 1302
1306 1274
1306 1305
1307 1275
1307 1306
1309 1276
1309 1308
1310 1277
1310 1309
1311 1278
1311 1310
1312 1279
1312 1311
1313 1282
1314 1283
1314 1313
1315 1314
1316 1315
1317 1285
1318 1317
1319 1318
1320 1286
1320 1319
1321 1288
1322 1289
1322 1321
1323 1290
1323 1322
1324 1323
1325 1292
1326 1325
1327 1293
1330 1295
1330 1329
1331 1296
1331 1330
1332 1297
1332 1331
1333 1332
1334 1298
1334 1333
1336 1301
1336 1335
1337 1305
1338 1306
1338 1337
1339 1307
1339 1338
1340 1339
1341 1308
1341 1340
1342 1309
1342 1341
1344 1313
1346 1319
1347 1320
1347 1346
1348 1347
1349 1322
1350 1323
1350 1349
1351 1324
1351 1350
1352 1326
1353 1352
1356 1355
1357 1329
1357 1356
1358 1331
1359 1333
1360 1334
1360 1359
1361 1360
1363 1362
1365 1364
1366 1338
1367 1339
1367 1366
1368 1341
1370 1369
1371 1370
1373 1344
1373 1372
1375 1345
1378 1349
1378 1377
1379 1350
1379 1378
1380 1351
1380 1379
1381 1380
1382 1354
1383 1356
1384 1357
1384 1383
1385 1358
1386 1385
1387 1359
1387 1386
1388 1361
1389 1388
1390 1389
1391 1362
1392 1365
1394 1366
1394 1393
1395 1367
1395 1394
1396 1395
1398 1369
1398 1397
1399 1370
1399 1398
1400 1372
1401 1373
1401 1400
1402 1401
1403 1374
1403 1402
1404 1403
1405 1375
1405 1404
1406 1405
1407 1376
1407 1406
1408 1407
1409 1377
1410 1378
1410 1409
1411 1379
1411 1410
1412 1380
1412 1411
1413 1381
1413 1412
1415 1414
1416 1415
1417 1416
1418 1382
1418 1417
1420 1383
1420 1419
1422 1385
1422 1421
1423 1386
1423 1422
1425 1390
1426 1425
1427 1391
1427 1426
1428 1392
1429 1395
1430 1396
1430 1429
1431 1430
1432 1399
1433 1432
1434 1433
1435 1400
1435 1434
1436 1403
1437 1404
1437 1436
1438 1405
1438 1437
1439 1406
1439 1438
1440 1408
1441 1440
1442 1441
1443 1409
1443 1442
1444 1410
1444 1443
1445 1411
1445 1444
1446 1413
1447 1414
1448 1416
1449 1417
1449 1448
1450 1418
1450 1449
1451 1450
1452 1419
1452 1451
1454 1421
1454 1453
1455 1422
1455 1454
1457 1424
1457 1456
1459 1425
1459 1458
1460 1426
1460 1459
1461 1427
1461 1460
1462 1461
1467 1432
1467 1466
1468 1434
1469 1435
1469 1468
1470 1469
1471 1437
1472 1438
1472 1471
1473 1439
1473 1472
1474 1473
1475 1440
1475 1474
1476 1441
1476 1475
1477 1442
1477 1476
1478 1443
1478 1477
1479 1445
1480 1479
1481 1446
1481 1480
1482 1481
1483 1447
1483 1482
1484 1483
1485 1448
1485 1484
1486 1449
1486 1485
1487 1452
1488 1455
1489 1456
1490 1457
1490 1489
1491 1458
1492 1459
1492 1491
1493 1460
1493 1492
1494 1463
1495 1494
1496 1464
1496 1495
1497 1496
1499 1466
1500 1467
1500 1499
1501 1468
1503 1472
1504 1473
1504 1503
1505 1475
1506 1477
1507 1479
1508 1480
1508 1507
1509 1481
1509 1508
1510 1482
1510 1509
1512 1511
1514 1513
1515 1514
1516 1488
1516 1515
1517 1516
1518 1490
1519 1492
1520 1493
1520 1519
1521 1520
1522 1521
1523 1494
1524 1495
1524 1523
1525 1497
1526 1498
1528 1527
1529 1499
1529 1528
1530 1501
1532 1502
1532 1531
1533 1503
1534 1504
1534 1533
1535 1534
1536 1506
1537 1536
1538 1508
1539 1509
1539 1538
1540 1510
1540 1539
1541 1540
1542 1541
1543 1512
1544 1543
1545 1515
1546 1516
1546 1545
1547 1517
1547 1546
1548 1547
1549 1518
1549 1548
1550 1520
1551 1521
1551 1550
1553 1525
1553 1552
1554 1526
1555 1554
1556 1529
1557 1556
1558 1557
1559 1530
1559 1558
1560 1559
1561 1531
1561 1560
1562 1532
1562 1561
1563 1562
1564 1563
1565 1533
1565 1564
1566 1534
1566 1565
1567 1535
1567 1566
1568 1537
1570 1539
1571 1541
1573 1572
1574 1573
1575 1545
1576 1546
1576 1575
1578 1577
1579 1551
1580 1579
1581 1552
1582 1553
1582 1581
1583 1582
1584 1555
1585 1584
1586 1585
1587 1556
1587 1586
1588 1558
1589 1561
1590 1563
1591 1564
1591 1590
1592 1566
1595 1570
1595 1594
1596 1595
1597 1571
1597 1596
1599 1598
1600 1599
1601 1600
1602 1575
1602 1601
1604 1603
1605 1604
1607 1579
1607 1606
1609 1608
1610 1581
1610 1609
1611 1582
1611 1610
1613 1584
1613 1612
1614 1585
1614 1613
1615 1586
1615 1614
1616 1587
1616 1615
1617 1616
1619 1618
1621 1590
1621 1620
1622 1591
1622 1621
1623 1622
1627 1593
1627 1626
1628 1594
1629 1595
1629 1628
1630 1597
1631 1630
1632 1598
1635 1607
1636 1635
1637 1611
1638 1612
1639 1613
1639 1638
1640 1615
1641 1616
1641 1640
1642 1617
1642 1641
1643 1642
1644 1618
1644 1643
1645 1619
1645 1644
1646 1645
1647 1620
1647 1646
1648 1621
1648 1647
1649 1622
1649 1648
1650 1623
1650 1649
1653 1628
1653 1652
1654 1631
1655 1654
1656 1655
1657 1632
1658 1657
1660 1659
1663 1662
1665 1664
1666 1636
1668 1637
1669 1668
1670 1638
1670 1669
1672 1642
1673 1645
1674 1646
1674 1673
1675 1647
1675 1674
1676 1648
1676 1675
1677 1651
1678 1677
1679 1652
1680 1653
1680 1679
1681 1680
1682 1681
1683 1654
1684 1655
1684 1683
1685 1656
1685 1684
1686 1685
1687 1657
1687 1686
1688 1658
1688 1687
1690 1661
1690 1689
1691 1662
1692 1663
1692 1691
1693 1692
1694 1664
1694 1693
1695 1665
1695 1694
1696 1695
1698 1669
1699 1670
1699 1698
1700 1671
1701 1700
1702 1672
1703 1702
1704 1703
1705 1674
1706 1675
1706 1705
1708 1707
1711 1679
1711 1710
1712 1680
1712 1711
1713 1681
1713 1712
1714 1682
1714 1713
1715 1714
1716 1683
1716 1715
1717 1685
1718 1687
1719 1688
1719 1718
1721 1720
1722 1689
1722 1721
1723 1690
1723 1722
1724 1723
1725 1694
1726 1696
1727 1726
1729 1728
1730 1697
1730 1729
1731 1730
1732 1698
1732 1731
1733 1699
1733 1732
1734 1733
1735 1701
1736 1735
1737 1702
1737 1736
1738 1703
1738 1737
1739 1704
1739 1738
1740 1739
1741 1705
1741 1740
1743 1742
1744 1743
1745 1707
1745 1744
1747 1746
1748 1709
1748 1747
1749 1748
1750 1710
1750 1749
1751 1712
1752 1713
1752 1751
1753 1714
1753 1752
1754 1715
1754 1753
1756 1718
1757 1720
1758 1721
1758 1757
1759 1722
1759 1758
1760 1723
1760 1759
1761 1724
1761 1760
1762 1761
1764 1727
1765 1728
1766 1730
1767 1731
1767 1766
1768 1732
1768 1767
1769 1733
1769 1768
1770 1734
1770 1769
1771 1770
1772 1735
1772 1771
1773 1738
1774 1739
1774 1773
1775 1740
1775 1774
1776 1742
1778 1746
1778 1777
1779 1747
1779 1778
1780 1748
1780 1779
1782 1751
1782 1781
1783 1752
1783 1782
1784 1755
1785 1784
1786 1756
1787 1786
1788 1787
1789 1757
1789 1788
1790 1759
1791 1761
1792 1762
1792 1791
1793 1792
1794 1763
1795 1764
1796 1765
1797 1796
1798 1766
1798 1797
1799 1767
1799 1798
1800 1768
1800 1799
1801 1770
1802 1771
1802 1801
1803 1774
1805 1776
1805 1804
1806 1805
1807 1806
1808 1807
1809 1778
1810 1779
1810 1809
1812 1783
1814 1813
1815 1784
1815 1814
1816 1785
1816 1815
1817 1786
1818 1788
1820 1791
1821 1793
1822 1821
1823 1794
1824 1823
1825 1795
1825 1824
1826 1798
1828 1801
1828 1827
1830 1829
1833 1832
1834 1804
1834 1833
1835 1805
1835 1834
1836 1806
1836 1835
1837 1807
1837 1836
1838 1808
1838 1837
1839 1809
1840 1810
1840 1839
1841 1811
1842 1841
1843 1842
1844 1843
1846 1815
1847 1816
1847 1846
1848 1847
1849 1817
1849 1848
1850 1818
1851 1850
1853 1820
1854 1853
1855 1821
1855 1854
1856 1822
1856 1855
1857 1856
1858 1824
1859 1825
1859 1858
1861 1826
1862 1861
1863 1827
1864 1830
1865 1831
1866 1865
1867 1832
1867 1866
1868 1834
1869 1837
1870 1838
1870 1869
1871 1840
1872 1842
1873 1843
1873 1872
1874 1844
1874 1873
1875 1874
1877 1846
1878 1847
1878 1877
1879 1850
1880 1851
1880 1879
1881 1852
1882 1881
1883 1853
1883 1882
1884 1855
1885 1857
1886 1858
1887 1859
1887 1886
1888 1860
1889 1888
1891 1863
1891 1890
1892 1864
1893 1892
1894 1865
1894 1893
1896 1868
1896 1895
1898 1897
1899 1871
1899 1898
1900 1872
1901 1873
1901 1900
1902 1874
1902 1901
1903 1875
1903 1902
1904 1903
1906 1877
1906 1905
1908 1879
1909 1880
1909 1908
1910 1909
1911 1882
1914 1885
1914 1913
1915 1914
1916 1889
1917 1916
1918 1917
1919 1890
1919 1918
1921 1920
1922 1921
1923 1892
1923 1922
1924 1893
1924 1923
1925 1894
1925 1924
1926 1925
1927 1895
1930 1929
1931 1897
1931 1930
1932 1898
1932 1931
1934 1933
1935 1901
1936 1903
1937 1904
1937 1936
1938 1937
1941 1940
1942 1910
1943 1942
1945 1912
1945 1944
1946 1913
1948 1916
1948 1947
1949 1917
1949 1948
1950 1919
1951 1921
1952 1923
1953 1924
1953 1952
1954 1925
1954 1953
1957 1932
1958 1957
1959 1934
1960 1935
1961 1936
1962 1937
1962 1961
1964 1940
1965 1942
1967 1966
1968 1967
1969 1968
1970 1947
1971 1948
1971 1970
1974 1951
1975 1974
1976 1952
1976 1975
1977 1953
1977 1976
1978 1954
1978 1977
1980 1979
1981 1956
1983 1982
1984 1957
1984 1983
1988 1961
1988 1987
1989 1962
1989 1988
1990 1989
1992 1991
1993 1992
1995 1994
1996 1995
1997 1965
1997 1996
2000 1999
2001 2000
2002 1966
2002 2001
2003 1967
2003 2002
2004 1968
2004 2003
2005 1969
2005 2004
2006 1970
2007 1972
2008 2007
2009 1973
2009 2008
2010 2009
2011 1974
2011 2010
2012 1976
2013 1977
2013 2012
2015 1979
2015 2014
2016 1980
2016 2015
2017 2016
2018 1981
2019 2018
2020 1982
2020 2019
2021 1984
2024 1988
2025 1989
2025 2024
2027 1992
2028 1994
2029 1995
2029 2028
2030 1997
2031 1998
2032 2031
2033 2001
2034 2003
2035 2004
2035 2034
2037 2036
2038 2037
2039 2038
2045 2044
2046 2045
2047 2046
2048 2047
2049 2048
2050 2049
2051 2050
2053 2052
2054 2053
2056 2055
2057 2056
2058 2057
2061 2036
2062 2037
2062 2061
2064 2040
2064 2063
2065 2064
2067 2042
2067 2066
2068 2067
2069 2068
2070 2043
2070 2069
2071 2070
2072 2071
2073 2044
2073 2072
2074 2047
2075 2048
2075 2074
2076 2049
2076 2075
2077 2052
2078 2053
2078 2077
2079 2056
2081 2062
2082 2063
2083 2065
2084 2066
2085 2068
2086 2070
2087 2071
2087 2086
2088 2072
2088 2087
2089 2073
2089 2088
2090 2074
2091 2076
2092 2091
2093 2092
2094 2093
2095 2077
2095 2094
2096 2078
2096 2095
2097 2096
2098 2097
2099 2098
2100 2079
2100 2099
2101 2080
2102 2101
2105 2104
2107 2106
2109 2108
2110 2109
2111 2110
2112 2111
2113 2112
2115 2114
2116 2115
2117 2115
2118 2116
2118 2117
2119 2117
2120 2119
2124 2123
2129 2128
2130 2129
2132 2122
2132 2131
2133 2123
2134 2124
2134 2133
2135 2134
2136 2135
2137 2125
2137 2136
2138 2137
2139 2126
2139 2138
2140 2139
2141 2140
2142 2127
2142 2141
2143 2128
2144 2129
2144 2143
2145 2130
2145 2144
2147 2133
2148 2138
2149 2140
2150 2141
2150 2149
2152 2143
2152 2151
2153 2144
2153 2152
2154 2145
2154 2153
2156 2146
2156 2155
2157 2156
2158 2147
2158 2157
2160 2148
2160 2159
2161 2160
2162 2149
2162 2161
2163 2150
2163 2162
2164 2163
2165 2153
2167 2155
2167 2166
2168 2156
2168 2167
2169 2157
2169 2168
2170 2158
2170 2169
2171 2170
2173 2159
2173 2172
2174 2160
2174 2173
2175 2161
2175 2174
2176 2163
2177 2164
2177 2176
2179 2165
2179 2178
2180 2179
2181 2166
2182 2168
2183 2169
2183 2182
2184 2170
2184 2183
2185 2171
2185 2184
2186 2172
2187 2176
2189 2178
2189 2188
2190 2179
2190 2189
2191 2183
2192 2184
2192 2191
2193 2185
2193 2192
2194 2186
2195 2194
2196 2195
2197 2196
2198 2197
2199 2187
2199 2198
2200 2190
2202 2201
2203 2193
2204 2203
2205 2194
2205 2204
2206 2195
2206 2205
2207 2196
2207 2206
2208 2197
2208 2207
2210 2200
2210 2209
2211 2210
2212 2201
2213 2202
2213 2212
2214 2213
2215 2214
2216 2203
2216 2215
2217 2206
2218 2207
2218 2217
2219 2208
2219 2218
2220 2219
2222 2209
2223 2210
2223 2222
2224 2211
2224 2223
2226 2212
2226 2225
2227 2213
2227 2226
2228 2214
2228 2227
2229 2215
2229 2228
2230 2216
2230 2229
2231 2230
2232 2231
2233 2217
2233 2232
2234 2218
2234 2233
2235 2219
2235 2234
2236 2224
2237 2225
2238 2227
2239 2228
2239 2238
2240 2230
2241 2231
2241 2240
2242 2232
2242 2241
2243 2234
2244 2235
2244 2243
2245 2244
2247 2246
2248 2247
2249 2237
2250 2249
2251 2241
2252 2242
2252 2251
2253 2243
2254 2244
2254 2253
2256 2246
2256 2255
2257 2247
2257 2256
2258 2248
2258 2257
2259 2250
2260 2259
2261 2260
2262 2261
2263 2251
2264 2252
2264 2263
2265 2253
2267 2255
2267 2266
2268 2258
2269 2268
2271 2259
2271 2270
2272 2262
2273 2272
2274 2263
2274 2273
2275 2264
2275 2274
2276 2275
2277 2265
2277 2276
2278 2277
2279 2278
2280 2267
2282 2268
2282 2281
2283 2269
2283 2282
2284 2270
2285 2271
2285 2284
2286 2285
2287 2286
2288 2272
2288 2287
2289 2277
2290 2279
2292 2283
2293 2284
2294 2285
2294 2293
2296 2289
2296 2295
2297 2296
2298 2290
2298 2297
2299 2298
2300 2299
2301 2291
2301 2300
2302 2301
2303 2302
2304 2294
2307 2306
2308 2295
2309 2296
2309 2308
2310 2297
2310 2309
2311 2298
2311 2310
2312 2301
2313 2303
2314 2304
2316 2306
2316 2315
2318 2308
2318 2317
2319 2309
2319 2318
2320 2310
2320 2319
2321 2311
2321 2320
2324 2314
2325 2324
2326 2325
2327 2316
2328 2327
2329 2319
2330 2321
2331 2322
2332 2331
2333 2323
2333 2332
2334 2333
2335 2334
2337 2325
2338 2326
2338 2337
2339 2338
2340 2327
2340 2339
2342 2330
2343 2342
2344 2332
2345 2333
2345 2344
2346 2335
2347 2339
2350 2342
2352 2344
2352 2351
2353 2345
2353 2352
2354 2346
2356 2355
2357 2356
2358 2347
2359 2358
2360 2348
2360 2359
2361 2360
2362 2361
2363 2349
2363 2362
2364 2352
2365 2353
2365 2364
2366 2365
2368 2367
2369 2368
2371 2370
2373 2372
2374 2373
2375 2374
2376 2375
2378 2377
2380 2379
2381 2380
2383 2382
2384 2383
2386 2385
2387 2386
2388 2367
2389 2369
2390 2389
2391 2390
2392 2372
2393 2373
2393 2392
2394 2375
2395 2376
2395 2394
2396 2395
2397 2377
2397 2396
2398 2378
2398 2397
2399 2398
2400 2399
2401 2379
2401 2400
2403 2382
2403 2402
2404 2383
2404 2403
2405 2385
2406 2386
2406 2405
2407 2387
2407 2406
2408 2407
2409 2388
2410 2409
2411 2389
2411 2410
2413 2393
2414 2413
2415 2394
2415 2414
2416 2395
2416 2415
2417 2396
2417 2416
2418 2397
2418 2417
2419 2398
2419 2418
2421 2420
2422 2404
2423 2422
2424 2408
2425 2409
2426 2410
2426 2425
2428 2412
2429 2428
2430 2413
2431 2415
2432 2416
2432 2431
2433 2418
2434 2419
2434 2433
2435 2434
2436 2435
2437 2436
2438 2421
2439 2438
2440 2422
2441 2423
2441 2440
2442 2441
2443 2442
2444 2424
2445 2425
2447 2427
2448 2447
2449 2428
2449 2448
2450 2429
2450 2449
2451 2450
2452 2430
2452 2451
2453 2452
2454 2431
2454 2453
2456 2433
2456 2455
2457 2434
2457 2456
2458 2436
2460 2438
2460 2459
2461 2439
2461 2460
2462 2440
2463 2441
2463 2462
2464 2442
2464 2463
2465 2443
2465 2464
2466 2465
2467 2466
2468 2444
2468 2467
2469 2446
2470 2449
2471 2450
2471 2470
2472 2451
2472 2471
2473 2452
2473 2472
2474 2453
2474 2473
2475 2454
2475 2474
2476 2455
2477 2458
2478 2477
2479 2459
2479 2478
2480 2460
2480 2479
2482 2462
2482 2481
2483 2463
2483 2482
2484 2464
2484 2483
2485 2465
2485 2484
2486 2467
2487 2468
2487 2486
2489 2469
2489 2488
2490 2489
2491 2490
2492 2471
2493 2472
2493 2492
2494 2474
2495 2476
2497 2496
2498 2477
2498 2497
2499 2478
2499 2498
2500 2480
2501 2500
2502 2481
2502 2501
2503 2482
2503 2502
2504 2483
2504 2503
2506 2487
2508 2488
2508 2507
2509 2489
2509 2508
2510 2490
2510 2509
2511 2491
2511 2510
2513 2492
2513 2512
2514 2494
2515 2514
2516 2495
2517 2501
2518 2502
2518 2517
2519 2503
2519 2518
2520 2504
2520 2519
2521 2520
2522 2521
2524 2508
2525 2509
2525 2524
2526 2511
2527 2526
2529 2528
2530 2514
2530 2529
2531 2516
2532 2531
2534 2533
2535 2534
2536 2535
2537 2517
2542 2541
2543 2528
2543 2542
2544 2530
2545 2544
2546 2545
2547 2531
2547 2546
2548 2534
2549 2536
2550 2537
2551 2550
2553 2552
2554 2539
2556 2543
2557 2544
2558 2545
2558 2557
2559 2546
2559 2558
2560 2547
2560 2559
2561 2560
2562 2561
2563 2562
2565 2549
2565 2564
2566 2565
2567 2550
2567 2566
2568 2551
2568 2567
2569 2568
2570 2553
2571 2554
2573 2555
2573 2572
2574 2573
2575 2556
2576 2575
2577 2557
2577 2576
2578 2558
2578 2577
2579 2559
2579 2578
2580 2560
2580 2579
2581 2561
2581 2580
2582 2562
2582 2581
2583 2563
2583 2582
2584 2583
2585 2567
2586 2568
2586 2585
2588 2587
2590 2589
2591 2570
2591 2590
2592 2571
2593 2592
2594 2593
2595 2572
2596 2573
2596 2595
2597 2578
2598 2579
2598 2597
2599 2582
2600 2583
2600 2599
2601 2584
2601 2600
2602 2601
2603 2585
2604 2586
2604 2603
2605 2588
2606 2605
2607 2589
2607 2606
2608 2590
2608 2607
2609 2592
2611 2595
2611 2610
2612 2596
2612 2611
2616 2599
2617 2600
2617 2616
2618 2601
2618 2617
2619 2602
2619 2618
2621 2603
2621 2620
2622 2608
2624 2610
2626 2613
2626 2625
2628 2614
2628 2627
2631 2616
2631 2630
2632 2617
2632 2631
2633 2618
2633 2632
2634 2619
2634 2633
2635 2634
2637 2636
2641 2624
2641 2640
2642 2628
2644 2630
2644 2643
2645 2631
2645 2644
2646 2634
2647 2635
2647 2646
2649 2637
2652 2639
2652 2651
2654 2653
2655 2641
2656 2655
2657 2656
2658 2657
2659 2658
2660 2659
2662 2661
2663 2644
2664 2645
2664 2663
2667 2650
2667 2666
2668 2667
2669 2668
2670 2651
2670 2669
2671 2652
2671 2670
2673 2672
2674 2673
2676 2675
2677 2676
2678 2672
2679 2673
2679 2678
2680 2674
2680 2679
2681 2676
2682 2677
2682 2681
2684 2683
2685 2684
2687 2686
2688 2687
2690 2689
2692 2691
2693 2692
2694 2693
2695 2694
2696 2695
2697 2696
2699 2698
2704 2703
2705 2704
2706 2705
2708 2707
2709 2708
2711 2710
2712 2683
2713 2684
2713 2712
2714 2685
2714 2713
2715 2714
2716 2686
2716 2715
2717 2687
2717 2716
2718 2688
2718 2717
2719 2718
2720 2690
2721 2691
2722 2693
2723 2694
2723 2722
2724 2695
2724 2723
2725 2697
2726 2725
2727 2698
2728 2699
2728 2727
2730 2700
2730 2729
2731 2730
2732 2701
2732 2731
2733 2732
2734 2702
2734 2733
2735 2703
2736 2704
2736 2735
2737 2705
2737 2736
2741 2714
2742 2715
2742 2741
2743 2717
2744 2718
2744 2743
2745 2719
2745 2744
2746 2720
2747 2746
2748 2721
2748 2747
2749 2748
2750 2722
2750 2749
2751 2723
2751 2750
2752 2724
2752 2751
2753 2752
2754 2725
2754 2753
2755 2726
2755 2754
2756 2755
2757 2727
2757 2756
2758 2728
2758 2757
2759 2729
2760 2730
2760 2759
2761 2731
2761 2760
2762 2732
2762 2761
2763 2733
2763 2762
2765 2736
2766 2737
2766 2765
2767 2738
2771 2740
2773 2772
2774 2742
2775 2774
2776 2743
2776 2775
2777 2744
2777 2776
2778 2747
2779 2750
2780 2752
2781 2753
2781 2780
2782 2755
2783 2756
2783 2782
2784 2757
2784 2783
2785 2758
2785 2784
2786 2785
2787 2760
2788 2762
2789 2763
2789 2788
2790 2764
2791 2790
2792 2766
2793 2792
2794 2768
2795 2794
2796 2769
2796 2795
2797 2796
2798 2797
2799 2770
2799 2798
2800 2799
2801 2771
2801 2800
2802 2772
2803 2773
2803 2802
2804 2774
2805 2775
2805 2804
2806 2777
2808 2807
2809 2778
2809 2808
2811 2779
2811 2810
2812 2811
2813 2780
2813 2812
2814 2782
2815 2783
2815 2814
2816 2786
2817 2816
2818 2787
2818 2817
2819 2818
2820 2788
2820 2819
2822 2791
2823 2792
2824 2793
2824 2823
2825 2796
2826 2797
2826 2825
2827 2800
2829 2805
2830 2806
2831 2830
2832 2808
2833 2809
2833 2832
2834 2833
2835 2810
2835 2834
2837 2836
2838 2814
2838 2837
2839 2815
2839 2838
2841 2816
2841 2840
2842 2817
2842 2841
2843 2818
2843 2842
2845 2821
2845 2844
2846 2822
2847 2846
2849 2848
2851 2825
2851 2850
2852 2826
2852 2851
2853 2852
2855 2854
2856 2828
2856 2855
2857 2829
2858 2857
2859 2830
2859 2858
2860 2831
2860 2859
2861 2860
2862 2834
2863 2835
2863 2862
2864 2863
2865 2864
2866 2865
2867 2836
2867 2866
2868 2838
2869 2839
2869 2868
2870 2869
2871 2840
2871 2870
2872 2841
2872 2871
2874 2873
2875 2844
2875 2874
2876 2845
2876 2875
2877 2876
2878 2847
2879 2878
2880 2879
2881 2848
2881 2880
2882 2849
2882 2881
2883 2882
2884 2851
2885 2852
2885 2884
2886 2853
2886 2885
2887 2886
2888 2887
2889 2858
2890 2860
2891 2861
2891 2890
2892 2891
2893 2862
2894 2863
2894 2893
2895 2864
2895 2894
2896 2865
2896 2895
2897 2866
2897 2896
2899 2869
2900 2871
2902 2875
2903 2876
2903 2902
2904 2878
2905 2879
2905 2904
2906 2880
2906 2905
2907 2881
2907 2906
2908 2882
2908 2907
2909 2883
2909 2908
2910 2909
2911 2885
2912 2886
2912 2911
2913 2887
2913 2912
2915 2914
2918 2892
2919 2918
2920 2893
2920 2919
2921 2895
2922 2896
2922 2921
2924 2898
2924 2923
2925 2899
2926 2925
2927 2900
2927 2926
2930 2906
2931 2908
2932 2909
2932 2931
2933 2910
2933 2932
2934 2912
2935 2913
2935 2934
2936 2915
2937 2916
2938 2917
2939 2938
2940 2939
2941 2918
2941 2940
2942 2919
2942 2941
2943 2920
2943 2942
2944 2921
2946 2925
2946 2945
2948 2929
2948 2947
2950 2949
2951 2950
2952 2951
2953 2932
2954 2933
2954 2953
2957 2956
2958 2957
2959 2958
2961 2960
2963 2962
2965 2964
2967 2966
2968 2967
2969 2968
2971 2970
2973 2972
2974 2973
2975 2974
2977 2976
2978 2977
2980 2979
2981 2980
2983 2982
2984 2956
2986 2985
2987 2960
2987 2986
2990 2965
2992 2966
2992 2991
2993 2967
2993 2992
2994 2968
2994 2993
2995 2969
2995 2994
2996 2995
2997 2970
2997 2996
3000 2978
3001 2979
3002 2981
3003 3002
3004 2983
3005 3004
3007 2985
3008 2986
3008 3007
3009 2987
3009 3008
3010 3009
3011 2988
3011 3010
3012 3011
3013 3012
3014 2989
3014 3013
3015 3014
3016 3015
3017 2990
3017 3016
3018 3017
3019 2991
3019 3018
3020 2992
3020 3019
3021 2993
3021 3020
3022 2997
3023 3022
3024 2998
3024 3023
3025 3024
3027 3026
3028 2999
3028 3027
3029 3000
3030 3029
3031 3001
3031 3030
3032 3031
3033 3002
3033 3032
3035 3004
3035 3034
3038 3037
3039 3006
3039 3038
3040 3007
3041 3008
3041 3040
3042 3010
3043 3011
3043 3042
3044 3012
3044 3043
3045 3014
3046 3015
3046 3045
3047 3017
3048 3018
3048 3047
3049 3019
3049 3048
3050 3020
3050 3049
3052 3051
3053 3024
3054 3025
3054 3053
3055 3054
3056 3028
3057 3056
3058 3031
3059 3032
3059 3058
3060 3033
3060 3059
3061 3060
3062 3034
3062 3061
3064 3036
3064 3063
3065 3037
3066 3038
3066 3065
3068 3041
3069 3042
3070 3044
3071 3045
3072 3046
3072 3071
3073 3072
3074 3047
3074 3073
3075 3050
3076 3051
3077 3052
3077 3076
3079 3078
3080 3054
3081 3055
3081 3080
3082 3081
3083 3056
3084 3057
3084 3083
3086 3058
3087 3059
3087 3086
3088 3062
3089 3063
3090 3064
3090 3089
3091 3066
3092 3091
3093 3067
3093 3092
3094 3093
3097 3070
3097 3096
3098 3074
3100 3075
3100 3099
3101 3076
3102 3077
3102 3101
3103 3078
3105 3082
3106 3083
3107 3084
3107 3106
3108 3107
3110 3086
3110 3109
3111 3087
3111 3110
3112 3111
3113 3089
3114 3090
3114 3113
3115 3091
3116 3092
3116 3115
3117 3093
3117 3116
3119 3095
3119 3118
3120 3119
3121 3096
3121 3120
3123 3122
3124 3098
3125 3100
3126 3101
3127 3102
3127 3126
3129 3128
3130 3106
3131 3107
3131 3130
3133 3109
3133 3132
3134 3112
3135 3134
3136 3135
3137 3136
3138 3114
3140 3139
3143 3142
3144 3143
3145 3144
3146 3145
3148 3147
3150 3139
3152 3141
3152 3151
3153 3152
3154 3143
3155 3144
3155 3154
3156 3145
3156 3155
3157 3146
3157 3156
3158 3148
3159 3158
3160 3149
3160 3159
3162 3151
3163 3152
3163 3162
3164 3153
3164 3163
3165 3154
3166 3155
3166 3165
3167 3156
3167 3166
3168 3157
3168 3167
3169 3168
3170 3169
3171 3158
3171 3170
3172 3160
3173 3172
3174 3161
3175 3174
3176 3175
3177 3162
3177 3176
3178 3163
3178 3177
3180 3165
3180 3179
3181 3166
3181 3180
3182 3168
3183 3169
3183 3182
3184 3170
3184 3183
3185 3171
3185 3184
3186 3172
3187 3173
3187 3186
3188 3176
3189 3177
3189 3188
3190 3178
3190 3189
3191 3179
3192 3182
3193 3183
3193 3192
3194 3185
3195 3194
3196 3186
3196 3195
3198 3197
3199 3188
3199 3198
3200 3190
3202 3201
3203 3192
3204 3193
3204 3203
3205 3204
3206 3195
3207 3196
3207 3206
3208 3197
3210 3200
3210 3209
3211 3210
3212 3211
3213 3201
3213 3212
3214 3202
3214 3213
3215 3214
3216 3203
3216 3215
3217 3205
3218 3217
3219 3207
3220 3219
3221 3209
3222 3210
3222 3221
3223 3213
3224 3214
3224 3223
3226 3217
3226 3225
3227 3218
3227 3226
3228 3227
3229 3219
3229 3228
3230 3220
3230 3229
3232 3231
3233 3232
3234 3222
3235 3224
3236 3235
3237 3225
3238 3226
3238 3237
3239 3227
3239 3238
3240 3228
3240 3239
3241 3232
3244 3235
3244 3243
3245 3236
3245 3244
3246 3239
3248 3241
3249 3248
3250 3242
3250 3249
3251 3250
3252 3251
3253 3252
3254 3243
3254 3253
3255 3247
3256 3255
3258 3249
3259 3250
3259 3258
3261 3260
3264 3258
3264 3263
3267 3261
3269 3268
3271 3270
3273 3263
3273 3272
3275 3274
3276 3266
3278 3268
3278 3277
3279 3273
3280 3279
3281 3274
3281 3280
3283 3282
3284 3283
3286 3277
3288 3287
3290 3279
3290 3289
3291 3280
3291 3290
3292 3281
3292 3291
3293 3292
3294 3282
3294 3293
3295 3283
3295 3294
3298 3287
3298 3297
3299 3288
3299 3298
3301 3290
3302 3292
3303 3293
3303 3302
3305 3304
3306 3298
3309 3301
3309 3308
3310 3309
3311 3302
3311 3310
3313 3312
3314 3313
3315 3304
3316 3305
3316 3315
3318 3306
3318 3317
3319 3307
3320 3308
3321 3309
3321 3320
3322 3310
3322 3321
3324 3314
3325 3315
3326 3316
3326 3325
3327 3326
3328 3317
3328 3327
3329 3318
3329 3328
3331 3320
3332 3321
3332 3331
3334 3324
3335 3334
3336 3327
3337 3328
3337 3336
3338 3329
3338 3337
3339 3330
3340 3331
3341 3332
3341 3340
3344 3334
3344 3343
3345 3335
3345 3344
3346 3345
3347 3346
3348 3337
3349 3338
3349 3348
3351 3340
3352 3341
3352 3351
3354 3342
3354 3353
3355 3344
3356 3346
3358 3349
3359 3358
3362 3356
3363 3362
3364 3358
3365 3360
3367 3366
3369 3368
3370 3361
3370 3369
3371 3370
3372 3371
3373 3363
3374 3373
3375 3374
3377 3366
3378 3367
3378 3377
3379 3368
3380 3369
3380 3379
3381 3370
3381 3380
3382 3374
3384 3376
3384 3383
3385 3384
3386 3385
3387 3377
3389 3388
3390 3379
3390 3389
3391 3380
3391 3390
3394 3382
3394 3393
3395 3384
3396 3386
3397 3387
3398 3397
3399 3388
3399 3398
3400 3389
3400 3399
3401 3390
3401 3400
3403 3402
3404 3392
3404 3403
3406 3395
3407 3398
3408 3400
3410 3403
3412 3405
3412 3411
3413 3412
3415 3408
3417 3416
3418 3417
3419 3413
3421 3420
3422 3414
3423 3422
3424 3415
3425 3424
3426 3416
3427 3417
3427 3426
3428 3419
3429 3428
3430 3421
3431 3422
3432 3423
3432 3431
3433 3432
3434 3424
3434 3433
3437 3426
3437 3436
3439 3438
3440 3439
3441 3430
3444 3443
3445 3444
3446 3445
3447 3442
3448 3447
3449 3443
3449 3448
3450 3446
3451 3448
3452 3449
3452 3451
3454 3451
3455 3452
3455 3454
3456 3455
3457 3453
3457 3456
3459 3457
3460 3459
3463 3459
3463 3462
3464 3460
3464 3463
3465 3461
3466 3465
3467 3462
3467 3466
3468 3463
3468 3467
3469 3464
3469 3468
3471 3466
3472 3469
3474 3471
3474 3473
3475 3474
3476 3472
3477 3473
3479 3476
3479 3478
3480 3477
3482 3478
3482 3481
3485 3481
3485 3484
3486 3482
3486 3485
3487 3486
3489 3485
3490 3486
3490 3489
3491 3487
3491 3490
3493 3490
3494 3492
3495 3494
3496 3493
3497 3495
3498 3497
3499 3496
3500 3499
3502 3498
3503 3502
3504 3499
3504 3503
3505 3500
3505 3504
3508 3507
3510 3509
3511 3510
3513 3512
3518 3517
3519 3518
3520 3519
3521 3520
3522 3521
3523 3522
3524 3523
3525 3524
3526 3525
3528 3527
3529 3528
3530 3529
3531 3530
3532 3506
3534 3507
3534 3533
3536 3535
3537 3509
3537 3536
3539 3512
3540 3513
3540 3539
3541 3540
3543 3515
3543 3542
3544 3543
3546 3517
3546 3545
3547 3518
3547 3546
3548 3519
3548 3547
3549 3522
3550 3524
3551 3526
3552 3551
3553 3552
3554 3529
3555 3531
3556 3532
3557 3556
3558 3533
3558 3557
3559 3534
3559 3558
3560 3536
3561 3537
3561 3560
3562 3561
3563 3562
3565 3541
3566 3543
3567 3544
3567 3566
3568 3545
3569 3546
3569 3568
3570 3547
3570 3569
3571 3548
3571 3570
3572 3571
3573 3549
3574 3550
3575 3552
3576 3553
3576 3575
3577 3576
3578 3555
3579 3558
3582 3564
3582 3581
3583 3582
3584 3583
3586 3585
3588 3568
3588 3587
3589 3569
3589 3588
3590 3570
3590 3589
3591 3573
3592 3591
3594 3575
3595 3577
3596 3595
3597 3596
3598 3597
3599 3578
3599 3598
3602 3580
3604 3581
3605 3582
3605 3604
3606 3584
3607 3606
3608 3585
3609 3586
3609 3608
3611 3589
3612 3590
3612 3611
3614 3613
3615 3591
3615 3614
3617 3593
3617 3616
3618 3617
3619 3595
3620 3596
3620 3619
3621 3598
3622 3600
3623 3601
3624 3623
3625 3602
3625 3624
3626 3625
3628 3607
3629 3608
3630 3609
3630 3629
3631 3630
3632 3610
3632 3631
3633 3632
3634 3633
3635 3611
3635 3634
3636 3612
3636 3635
3637 3614
3638 3615
3638 3637
3639 3638
3640 3617
3642 3641
3643 3619
3643 3642
3644 3620
3644 3643
3645 3644
3646 3621
3646 3645
3647 3646
3649 3648
3650 3625
3652 3651
3654 3630
3655 3631
3655 3654
3656 3633
3657 3635
3659 3658
3660 3637
3660 3659
3661 3638
3661 3660
3662 3640
3663 3662
3664 3641
3664 3663
3665 3643
3666 3645
3668 3648
3668 3667
3669 3649
3669 3668
3670 3669
3671 3670
3672 3650
3672 3671
3673 3672
3674 3651
3675 3652
3675 3674
3676 3675
3677 3676
3679 3654
3680 3656
3681 3657
3682 3681
3683 3658
3683 3682
3684 3660
3686 3662
3686 3685
3687 3663
3687 3686
3688 3664
3688 3687
3690 3666
3690 3689
3691 3690
3692 3691
3693 3668
3694 3669
3694 3693
3695 3671
3696 3672
3696 3695
3698 3674
3698 3697
3699 3676
3700 3677
3700 3699
3701 3678
3702 3701
3703 3702
3704 3679
3704 3703
3705 3704
3706 3705
3707 3680
3707 3706
3708 3707
3710 3684
3710 3709
3711 3710
3712 3685
3713 3686
3713 3712
3715 3714
3716 3689
3716 3715
3717 3692
3720 3719
3721 3720
3722 3721
3725 3724
3726 3725
3727 3726
3728 3727
3729 3728
3731 3730
3732 3731
3734 3721
3735 3722
3735 3734
3736 3723
3737 3736
3738 3728
3739 3729
3739 3738
3740 3730
3741 3731
3741 3740
3742 3732
3742 3741
3744 3743
3745 3733
3745 3744
3746 3735
3747 3746
3750 3738
3750 3749
3752 3744
3753 3745
3753 3752
3754 3753
3755 3754
3756 3746
3757 3747
3757 3756
3759 3758
3760 3748
3760 3759
3761 3749
3763 3751
3763 3762
3764 3763
3765 3764
3766 3752
3767 3755
3768 3767
3769 3757
3770 3769
3771 3759
3772 3760
3772 3771
3773 3761
3774 3773
3775 3765
3778 3769
3779 3770
3779 3778
3780 3771
3781 3773
3784 3776
3785 3784
3786 3785
3787 3777
3787 3786
3788 3787
3790 3778
3790 3789
3793 3792
3794 3781
3794 3793
3795 3794
3796 3782
3796 3795
3797 3796
3798 3797
3799 3783
3800 3785
3801 3787
3802 3789
3803 3790
3803 3802
3804 3803
3806 3792
3806 3805
3807 3796
3808 3799
3811 3801
3811 3810
3813 3802
3813 3812
3814 3803
3814 3813
3815 3804
3815 3814
3816 3815
3817 3805
3817 3816
3818 3806
3818 3817
3820 3819
3821 3807
3821 3820
3822 3808
3823 3809
3824 3823
3825 3811
3826 3812
3827 3813
3827 3826
3828 3816
3829 3817
3829 3828
3831 3819
3831 3830
3832 3821
3833 3832
3834 3833
3835 3834
3836 3822
3836 3835
3837 3823
3838 3824
3838 3837
3840 3828
3841 3829
3841 3840
3842 3841
3843 3831
3844 3843
3845 3832
3845 3844
3846 3833
3846 3845
3847 3834
3847 3846
3848 3836
3849 3838
3850 3849
3851 3850
3852 3839
3852 3851
3853 3852
3855 3841
3857 3843
3857 3856
3858 3846
3859 3847
3859 3858
3861 3853
3862 3861
3863 3862
3865 3855
3865 3864
3866 3856
3867 3857
3867 3866
3869 3858
3869 3868
3871 3870
3872 3860
3873 3872
3874 3873
3875 3874
3876 3875
3877 3861
3877 3876
3878 3862
3878 3877
3879 3863
3879 3878
3880 3879
3881 3865
3882 3881
3883 3866
3883 3882
3884 3869
3885 3884
3886 3872
3887 3873
3887 3886
3888 3875
3889 3877
3890 3878
3890 3889
3891 3879
3891 3890
3893 3881
3893 3892
3894 3882
3894 3893
3895 3883
3895 3894
3897 3884
3899 3898
3900 3886
3901 3887
3901 3900
3902 3901
3903 3888
3903 3902
3904 3889
3905 3890
3905 3904
3906 3891
3906 3905
3907 3906
3908 3894
3910 3896
3910 3909
3911 3900
3912 3902
3913 3903
3913 3912
3914 3913
3915 3904
3915 3914
3916 3905
3916 3915
3917 3907
3918 3917
3920 3910
3922 3921
3923 3922
3924 3911
3925 3924
3926 3912
3926 3925
3927 3914
3928 3915
3928 3927
3929 3917
3931 3919
3931 3930
3932 3931
3933 3920
3933 3932
3934 3921
3936 3925
3937 3927
3939 3938
3941 3930
3942 3931
3942 3941
3943 3932
3943 3942
3946 3935
3946 3945
3948 3936
3948 3947
3950 3937
3950 3949
3951 3950
3952 3938
3952 3951
3953 3940
3954 3953
3955 3941
3955 3954
3956 3942
3956 3955
3957 3943
3957 3956
3958 3957
3960 3959
3961 3945
3961 3960
3962 3946
3962 3961
3963 3948
3964 3949
3965 3950
3965 3964
3966 3951
3966 3965
3968 3967
3969 3953
3969 3968
3970 3956
3971 3959
3972 3960
3972 3971
3973 3963
3974 3964
3975 3967
3976 3969
3980 3971
3980 3979
3981 3972
3981 3980
3982 3981
3983 3982
3985 3984
3986 3985
3987 3986
3989 3988
3990 3989
3991 3990
3992 3991
3993 3992
3995 3994
3996 3995
4000 3999
4002 4001
4003 4002
4004 4003
4005 4004
4006 4005
4007 4006
4008 4007
4009 4008
4012 4011
4013 3988
4014 3989
4014 4013
4015 3990
4015 4014
4016 3991
4016 4015
4017 3992
4017 4016
4018 3993
4018 4017
4020 3995
4024 4000
4025 4024
4026 4001
4026 4025
4027 4003
4028 4004
4028 4027
4029 4005
4029 4028
4030 4008
4031 4009
4031 4030
4032 4031
4033 4010
4034 4033
4036 4035
4038 4011
4038 4037
4039 4013
4040 4014
4040 4039
4041 4015
4041 4040
4042 4016
4042 4041
4043 4018
4044 4043
4046 4020
4047 4046
4048 4047
4049 4021
4049 4048
4051 4023
4052 4051
4053 4024
4053 4052
4054 4025
4054 4053
4056 4027
4056 4055
4057 4028
4057 4056
4059 4058
4060 4030
4060 4059
4061 4032
4062 4061
4063 4062
4064 4033
4064 4063
4065 4034
4065 4064
4066 4036
4067 4066
4068 4037
4068 4067
4069 4038
4069 4068
4070 4039
4071 4042
4072 4043
4073 4044
4073 4072
4075 4046
4076 4047
4076 4075
4077 4048
4077 4076
4079 4078
4080 4053
4082 4057
4083 4082
4084 4058
4084 4083
4085 4059
4085 4084
4086 4060
4086 4085
4087 4061
4088 4063
4089 4064
4089 4088
4091 4067
4093 4070
4093 4092
4094 4093
4095 4094
4097 4073
4099 4075
4100 4076
4100 4099
4101 4077
4101 4100
4102 4101
4104 4103
4105 4104
4106 4081
4108 4082
4108 4107
4109 4083
4109 4108
4110 4087
4111 4110
4112 4088
4112 4111
4113 4089
4113 4112
4114 4113
4115 4090
4116 4115
4117 4091
4117 4116
4119 4118
4120 4092
4120 4119
4121 4093
4121 4120
4122 4094
4122 4121
4124 4097
4124 4123
4125 4099
4126 4102
4127 4126
4128 4127
4129 4103
4129 4128
4130 4105
4132 4131
4133 4106
4133 4132
4134 4107
4135 4108
4135 4134
4136 4109
4136 4135
4138 4111
4139 4113
4140 4114
4140 4139
4141 4115
4142 4116
4142 4141
4143 4117
4143 4142
4144 4143
4145 4118
4145 4144
4146 4120
4147 4122
4149 4124
4150 4149
4151 4150
4152 4151
4154 4128
4155 4129
4155 4154
4156 4155
4157 4130
4157 4156
4158 4157
4159 4131
4159 4158
4160 4132
4160 4159
4162 4134
4162 4161
4164 4137
4166 4139
4166 4165
4167 4140
4167 4166
4168 4141
4169 4142
4169 4168
4170 4143
4170 4169
4171 4144
4171 4170
4172 4145
4172 4171
4173 4172
4175 4147
4175 4174
4176 4175
4178 4149
4179 4150
4179 4178
4180 4152
4181 4180
4182 4181
4183 4153
4184 4183
4185 4156
4186 4157
4186 4185
4187 4158
4187 4186
4188 4159
4188 4187
4192 4165
4193 4167
4194 4168
4195 4171
4196 4172
4196 4195
4197 4173
4197 4196
4198 4197
4199 4176
4200 4179
4201 4181
4202 4182
4202 4201
4203 4202
4204 4183
4204 4203
4206 4205
4207 4206
4208 4185
4208 4207
4209 4186
4209 4208
4210 4187
4210 4209
4211 4188
4211 4210
4212 4189
4213 4212
4214 4213
4215 4190
4216 4215
4219 4218
4220 4193
4221 4194
4222 4221
4223 4195
4224 4198
4225 4224
4226 4225
4227 4199
4227 4226
4228 4227
4229 4228
4230 4229
4231 4200
4233 4201
4233 4232
4235 4205
4235 4234
4236 4207
4237 4208
4237 4236
4238 4209
4238 4237
4239 4210
4239 4238
4240 4211
4240 4239
4241 4240
4242 4213
4244 4215
4244 4243
4245 4216
4245 4244
4246 4245
4247 4217
4247 4246
4248 4247
4249 4221
4250 4222
4250 4249
4252 4251
4253 4228
4254 4229
4254 4253
4256 4232
4258 4235
4259 4236
4260 4238
4261 4239
4261 4260
4262 4242
4263 4262
4264 4243
4264 4263
4265 4244
4265 4264
4266 4245
4266 4265
4267 4246
4267 4266
4268 4247
4268 4267
4269 4248
4269 4268
4271 4270
4273 4249
4274 4250
4274 4273
4275 4274
4276 4275
4277 4252
4278 4277
4280 4253
4280 4279
4281 4254
4281 4280
4282 4255
4283 4282
4286 4257
4286 4285
4287 4286
4289 4259
4289 4288
4290 4260
4291 4261
4291 4290
4292 4291
4293 4292
4294 4293
4295 4263
4296 4264
4296 4295
4297 4265
4297 4296
4298 4267
4299 4268
4299 4298
4301 4270
4301 4300
4303 4272
4303 4302
4304 4273
4305 4274
4305 4304
4306 4275
4306 4305
4307 4276
4307 4306
4308 4278
4309 4308
4310 4309
4311 4280
4312 4281
4312 4311
4313 4282
4315 4284
4315 4314
4316 4315
4317 4285
4317 4316
4318 4287
4319 4288
4320 4289
4320 4319
4321 4320
4322 4290
4322 4321
4323 4291
4323 4322
4324 4292
4324 4323
4325 4294
4326 4296
4327 4297
4327 4326
4328 4299
4329 4328
4330 4300
4330 4329
4331 4301
4331 4330
4332 4302
4333 4303
4333 4332
4334 4305
4336 4335
4337 4308
4337 4336
4338 4309
4338 4337
4340 4311
4340 4339
4341 4312
4341 4340
4342 4341
4343 4313
4343 4342
4344 4343
4345 4344
4346 4316
4347 4317
4347 4346
4348 4347
4349 4318
4349 4348
4350 4349
4351 4319
4351 4350
4352 4320
4352 4351
4353 4321
4353 4352
4354 4322
4354 4353
4355 4323
4355 4354
4356 4324
4356 4355
4357 4356
4358 4325
4358 4357
4359 4358
4360 4326
4361 4327
4361 4360
4362 4361
4363 4362
4364 4328
4364 4363
4365 4330
4368 4335
4369 4336
4369 4368
4370 4337
4370 4369
4371 4338
4371 4370
4372 4371
4373 4339
4373 4372
4374 4342
4375 4343
4375 4374
4376 4344
4376 4375
4377 4345
4377 4376
4378 4377
4379 4378
4380 4346
4380 4379
4381 4349
4382 4350
4382 4381
4383 4351
4383 4382
4384 4354
4385 4355
4385 4384
4386 4356
4386 4385
4387 4357
4387 4386
4388 4359
4389 4361
4390 4362
4390 4389
4392 4365
4392 4391
4393 4392
4394 4366
4394 4393
4395 4394
4396 4367
4397 4396
4399 4368
4399 4398
4400 4369
4400 4399
4401 4370
4401 4400
4402 4371
4402 4401
4404 4374
4405 4375
4405 4404
4406 4376
4406 4405
4407 4379
4408 4380
4408 4407
4409 4381
4410 4382
4410 4409
4411 4383
4411 4410
4412 4411
4413 4412
4414 4386
4416 4388
4416 4415
4417 4416
4418 4417
4419 4390
4420 4419
4421 4420
4422 4391
4422 4421
4423 4392
4423 4422
4424 4393
4424 4423
4425 4394
4425 4424
4427 4396
4428 4397
4428 4427
4429 4428
4430 4398
4430 4429
4431 4399
4431 4430
4432 4401
4433 4402
4433 4432
4434 4403
4435 4434
4436 4404
4436 4435
4437 4406
4439 4408
4440 4439
4441 4409
4442 4410
4442 4441
4443 4411
4443 4442
4444 4412
4444 4443
4445 4413
4445 4444
4446 4445
4447 4446
4449 4415
4449 4448
4450 4417
4452 4419
4452 4451
4453 4420
4453 4452
4454 4421
4454 4453
4455 4422
4455 4454
4456 4424
4457 4425
4457 4456
4458 4427
4459 4428
4459 4458
4461 4432
4461 4460
4463 4434
4464 4437
4465 4440
4466 4465
4467 4442
4468 4443
4468 4467
4469 4445
4470 4448
4473 4451
4473 4472
4474 4452
4474 4473
4475 4453
4475 4474
4476 4454
4476 4475
4477 4457
4478 4477
4479 4458
4480 4459
4480 4479
4481 4460
4482 4461
4482 4481
4483 4482
4485 4463
4485 4484
4487 4486
4488 4464
4488 4487
4489 4488
4490 4489
4491 4490
4492 4465
4493 4466
4493 4492
4494 4493
4495 4467
4495 4494
4496 4468
4496 4495
4497 4496
4499 4498
4500 4470
4501 4471
4502 4501
4503 4472
4503 4502
4504 4476
4506 4477
4506 4505
4507 4478
4507 4506
4508 4480
4509 4508
4510 4509
4511 4510
4512 4483
4513 4512
4514 4484
4514 4513
4516 4488
4517 4489
4517 4516
4519 4494
4520 4496
4522 4498
4522 4521
4523 4499
4523 4522
4524 4523
4525 4500
4525 4524
4526 4525
4527 4502
4528 4503
4528 4527
4530 4529
4531 4506
4534 4508
4534 4533
4535 4509
4535 4534
4536 4511
4538 4513
4539 4514
4539 4538
4541 4516
4541 4540
4542 4518
4544 4519
4544 4543
4545 4544
4546 4520
4546 4545
4547 4546
4548 4521
4548 4547
4549 4522
4549 4548
4551 4527
4551 4550
4552 4529
4553 4530
4553 4552
4555 4554
4556 4532
4557 4533
4558 4534
4558 4557
4559 4535
4559 4558
4560 4559
4562 4537
4562 4561
4563 4539
4564 4563
4565 4564
4566 4540
4567 4541
4567 4566
4568 4567
4570 4542
4570 4569
4571 4543
4572 4544
4572 4571
4573 4546
4574 4549
4575 4574
4576 4575
4578 4551
4579 4578
4580 4579
4581 4554
4582 4555
4582 4581
4583 4582
4584 4556
4585 4558
4586 4559
4586 4585
4588 4561
4588 4587
4589 4562
4589 4588
4590 4589
4591 4563
4592 4564
4592 4591
4593 4565
4593 4592
4594 4593
4595 4566
4595 4594
4596 4567
4596 4595
4597 4570
4598 4597
4600 4573
4600 4599
4602 4575
4603 4576
4603 4602
4604 4603
4605 4577
4605 4604
4606 4605
4607 4580
4608 4607
4609 4608
4610 4609
4611 4610
4612 4582
4613 4583
4613 4612
4616 4615
4617 4616
4619 4618
4623 4622
4624 4623
4625 4624
4626 4625
4627 4626
4628 4627
4629 4628
4630 4629
4631 4630
4632 4631
4634 4633
4636 4635
4638 4637
4641 4614
4641 4640
4643 4615
4643 4642
4645 4618
4645 4644
4646 4620
4647 4646
4648 4621
4648 4647
4649 4648
4650 4622
4650 4649
4651 4624
4652 4625
4652 4651
4653 4626
4653 4652
4654 4627
4654 4653
4655 4631
4656 4632
4656 4655
4657 4633
4658 4635
4660 4637
4660 4659
4661 4638
4661 4660
4662 4661
4663 4639
4663 4662
4664 4640
4666 4642
4666 4665
4667 4643
4667 4666
4669 4644
4669 4668
4670 4645
4670 4669
4671 4646
4672 4649
4674 4651
4674 4673
4675 4652
4675 4674
4677 4676
4678 4677
4679 4656
4680 4679
4681 4657
4681 4680
4682 4681
4683 4682
4684 4658
4684 4683
4685 4660
4686 4661
4686 4685
4687 4662
4687 4686
4688 4663
4688 4687
4689 4664
4690 4689
4691 4666
4692 4667
4692 4691
4693 4692
4694 4668
4695 4669
4695 4694
4697 4671
4697 4696
4698 4697
4699 4698
4700 4672
4700 4699
4701 4674
4703 4676
4704 4677
4704 4703
4705 4678
4705 4704
4706 4679
4707 4680
4707 4706
4708 4682
4709 4683
4709 4708
4711 4685
4712 4686
4712 4711
4713 4687
4713 4712
4715 4714
4716 4715
4720 4719
4722 4721
4725 4714
4726 4715
4726 4725
4727 4716
4727 4726
4728 4727
4729 4717
4731 4719
4731 4730
4732 4720
4732 4731
4733 4732
4734 4721
4734 4733
4735 4722
4735 4734
4736 4735
4738 4724
4739 4725
4740 4726
4740 4739
4741 4727
4741 4740
4742 4728
4742 4741
4743 4742
4745 4744
4746 4732
4747 4734
4748 4735
4748 4747
4749 4736
4749 4748
4751 4741
4752 4743
4753 4752
4754 4744
4754 4753
4755 4745
4755 4754
4756 4755
4757 4756
4759 4749
4760 4759
4761 4760
4762 4761
4765 4751
4765 4764
4766 4765
4767 4754
4768 4755
4768 4767
4769 4756
4769 4768
4770 4757
4770 4769
4771 4758
4772 4771
4773 4772
4774 4760
4775 4761
4775 4774
4777 4763
4778 4777
4779 4765
4780 4766
4780 4779
4781 4780
4782 4781
4783 4769
4785 4772
4787 4776
4789 4779
4789 4788
4790 4781
4791 4782
4791 4790
4792 4783
4793 4792
4794 4784
4794 4793
4795 4794
4799 4789
4800 4799
4801 4790
4801 4800
4802 4791
4802 4801
4803 4802
4804 4803
4805 4794
4806 4795
4806 4805
4807 4806
4808 4796
4808 4807
4809 4808
4811 4810
4812 4798
4814 4799
4815 4801
4816 4803
4817 4804
4817 4816
4818 4806
4819 4807
4819 4818
4820 4808
4820 4819
4821 4811
4824 4814
4824 4823
4825 4824
4826 4815
4826 4825
4827 4816
4828 4817
4828 4827
4830 4829
4831 4818
4831 4830
4832 4819
4832 4831
4833 4821
4834 4833
4836 4822
4836 4835
4837 4836
4838 4823
4838 4837
4839 4825
4840 4826
4840 4839
4841 4840
4842 4828
4843 4842
4844 4830
4845 4831
4845 4844
4847 4834
4848 4836
4849 4837
4849 4848
4850 4838
4850 4849
4851 4839
4852 4840
4852 4851
4853 4843
4854 4853
4855 4844
4855 4854
4857 4856
4858 4846
4859 4858
4860 4847
4861 4849
4865 4854
4866 4855
4866 4865
4867 4866
4868 4857
4869 4858
4870 4859
4870 4869
4871 4870
4872 4860
4872 4871
4873 4861
4874 4862
4876 4864
4876 4875
4877 4867
4878 4877
4879 4868
4879 4878
4880 4879
4881 4871
4882 4872
4882 4881
4885 4875
4886 4876
4886 4885
4887 4886
4888 4887
4889 4888
4890 4877
4890 4889
4891 4880
4892 4881
4893 4882
4893 4892
4895 4894
4896 4895
4897 4883
4897 4896
4899 4886
4900 4888
4901 4889
4901 4900
4902 4890
4902 4901
4905 4892
4906 4895
4907 4896
4907 4906
4908 4897
4908 4907
4909 4908
4910 4909
4911 4910
4912 4899
4913 4900
4916 4906
4917 4907
4917 4916
4918 4908
4918 4917
4919 4909
4919 4918
4920 4910
4920 4919
4921 4911
4921 4920
4923 4912
4923 4922
4924 4913
4926 4914
4926 4925
4927 4926
4928 4927
4929 4928
4930 4929
4931 4930
4933 4916
4933 4932
4934 4918
4937 4927
4938 4928
4938 4937
4939 4930
4940 4932
4943 4942
4944 4943
4945 4935
4945 4944
4946 4945
4947 4946
4948 4947
4949 4948
4950 4936
4950 4949
4951 4937
4952 4938
4952 4951
4954 4940
4955 4941
4956 4944
4957 4946
4958 4948
4959 4950
4961 4951
4961 4960
4962 4952
4962 4961
4964 4953
4964 4963
4965 4954
4966 4965
4967 4955
4967 4966
4969 4968
4970 4956
4970 4969
4971 4970
4972 4957
4972 4971
4973 4972
4974 4958
4974 4973
4975 4974
4976 4961
4977 4962
4977 4976
4978 4977
4979 4978
4980 4963
4980 4979
4983 4982
4984 4983
4987 4986
4988 4987
4989 4988
4990 4989
4991 4990
4992 4991
4993 4992
4995 4994
4998 4984
4999 4998
5000 4999
5001 4985
5002 4986
5003 4987
5003 5002
5004 4988
5004 5003
5005 4991
5006 4993
5007 4995
5009 4997
5009 5008
5010 5009
5011 4998
5012 4999
5012 5011
5013 5000
5013 5012
5014 5013
5015 5001
5015 5014
5016 5015
5017 5003
5019 5018
5020 5005
5020 5019
5021 5020
5024 5008
5024 5023
5026 5011
5026 5025
5027 5013
5028 5015
5029 5016
5029 5028
5030 5029
5031 5017
5031 5030
5032 5018
5033 5019
5033 5032
5034 5021
5036 5035
5037 5023
5038 5024
5038 5037
5039 5038
5040 5039
5041 5025
5041 5040
5042 5026
5042 5041
5043 5042
5044 5029
5045 5030
5045 5044
5047 5033
5048 5034
5049 5048
5050 5037
5051 5038
5051 5050
5052 5041
5053 5043
5054 5053
5055 5054
5056 5044
5058 5048
5058 5057
5059 5049
5059 5058
5061 5060
5062 5050
5064 5063
5066 5056
5066 5065
5068 5067
5069 5068
5070 5069
5071 5057
5071 5070
5072 5058
5072 5071
5073 5059
5073 5072
5074 5073
5075 5062
5076 5075
5077 5064
5080 5079
5081 5065
5081 5080
5082 5066
5082 5081
5083 5082
5084 5068
5085 5070
5086 5072
5087 5073
5087 5086
5089 5088
5090 5075
5091 5076
5091 5090
5092 5077
5093 5079
5095 5085
5095 5094
5096 5087
5097 5096
5098 5089
5099 5090
5101 5092
5101 5100
5102 5101
5105 5104
5106 5105
5108 5094
5108 5107
5109 5095
5109 5108
5110 5109
5111 5096
5112 5098
5113 5112
5115 5100
5115 5114
5116 5101
5116 5115
5117 5102
5117 5116
5118 5117
5119 5104
5120 5105
5120 5119
5121 5106
5121 5120
5122 5121
5123 5122
5126 5112
5128 5114
5128 5127
5129 5115
5129 5128
5130 5116
5130 5129
5131 5117
5131 5130
5132 5118
5132 5131
5133 5132
5134 5119
5135 5120
5135 5134
5136 5122
5137 5123
5137 5136
5138 5137
5139 5138
5140 5139
5141 5140
5142 5124
5142 5141
5143 5142
5144 5125
5144 5143
5145 5144
5146 5126
5146 5145
5147 5128
5148 5129
5148 5147
5149 5130
5149 5148
5150 5131
5150 5149
5151 5133
5152 5151
5153 5135
5154 5136
5155 5138
5156 5139
5156 5155
5157 5140
5157 5156
5158 5141
5158 5157
5159 5142
5159 5158
5160 5144
5161 5145
5161 5160
5163 5148
5164 5149
5164 5163
5166 5151
5166 5165
5167 5152
5167 5166
5168 5167
5171 5156
5172 5157
5172 5171
5173 5158
5173 5172
5174 5159
5174 5173
5175 5174
5176 5160
5176 5175
5177 5162
5179 5164
5180 5167
5182 5169
5182 5181
5184 5172
5185 5173
5185 5184
5186 5174
5186 5185
5187 5175
5187 5186
5188 5176
5188 5187
5189 5188
5190 5189
5192 5178
5192 5191
5193 5192
5194 5179
5194 5193
5195 5194
5197 5180
5197 5196
5198 5197
5199 5181
5199 5198
5200 5182
5200 5199
5201 5184
5202 5187
5203 5188
5203 5202
5204 5190
5205 5192
5206 5193
5206 5205
5207 5194
5207 5206
5208 5195
5208 5207
5209 5196
5210 5197
5210 5209
5211 5199
5212 5200
5212 5211
5214 5201
5214 5213
5215 5202
5217 5204
5217 5216
5219 5205
5219 5218
5220 5207
5221 5208
5221 5220
5222 5210
5223 5222
5225 5214
5226 5225
5227 5226
5228 5215
5228 5227
5229 5228
5230 5216
5230 5229
5231 5217
5231 5230
5233 5220
5233 5232
5235 5222
5235 5234
5236 5223
5236 5235
5239 5225
5239 5238
5240 5227
5241 5228
5241 5240
5242 5230
5245 5234
5246 5235
5246 5245
5248 5247
5249 5248
5250 5239
5251 5250
5254 5253
5255 5254
5257 5246
5259 5247
5260 5248
5260 5259
5261 5249
5261 5260
5262 5261
5263 5251
5264 5252
5265 5264
5266 5265
5267 5266
5269 5255
5270 5269
5271 5256
5271 5270
5272 5271
5274 5258
5274 5273
5275 5259
5276 5262
5277 5276
5279 5278
5280 5264
5280 5279
5281 5266
5282 5268
5283 5282
5284 5283
5285 5269
5285 5284
5286 5271
5287 5272
5287 5286
5288 5287
5290 5275
5290 5289
5292 5276
5292 5291
5293 5277
5293 5292
5294 5293
5295 5278
5295 5294
5296 5279
5296 5295
5298 5281
5298 5297
5299 5298
5301 5300
5307 5306
5309 5308
5311 5310
5313 5300
5314 5301
5314 5313
5316 5315
5317 5302
5317 5316
5318 5317
5320 5304
5320 5319
5322 5306
5323 5308
5324 5309
5324 5323
5326 5312
5326 5325
5327 5313
5328 5314
5328 5327
5329 5328
5330 5329
5331 5315
5331 5330
5332 5316
5332 5331
5334 5319
5334 5333
5335 5320
5335 5334
5336 5335
5337 5321
5337 5336
5338 5322
5340 5324
5341 5340
5342 5341
5343 5342
5344 5325
5344 5343
5345 5326
5345 5344
5346 5327
5347 5330
5348 5332
5350 5333
5350 5349
5351 5334
5351 5350
5352 5336
5354 5353
5355 5338
5355 5354
5356 5339
5357 5356
5358 5343
5359 5344
5359 5358
5360 5345
5360 5359
5362 5361
5363 5348
5364 5363
5367 5353
5367 5366
5368 5355
5369 5368
5370 5356
5370 5369
5371 5357
5371 5370
5373 5358
5373 5372
5374 5359
5374 5373
5375 5360
5375 5374
5377 5361
5377 5376
5379 5364
5380 5379
5381 5380
5382 5381
5383 5365
5383 5382
5384 5383
5385 5367
5386 5385
5387 5368
5387 5386
5388 5370
5390 5374
5391 5375
5391 5390
5393 5392
5394 5393
5395 5394
5396 5395
5397 5396
5398 5397
5399 5398
5401 5393
5402 5394
5402 5401
5403 5395
5403 5402
5404 5396
5404 5403
5405 5397
5405 5404
5406 5398
5406 5405
5407 5400
5408 5401
5409 5402
5409 5408
5410 5403
5410 5409
5411 5406
5414 5408
5414 5413
5415 5410
5416 5415
5417 5412
5418 5413
5420 5415
5420 5419
5421 5416
5421 5420
5422 5421
5423 5422
5424 5423
5425 5417
5425 5424
5426 5425
5427 5418
5428 5427
5429 5419
5429 5428
5430 5421
5431 5423
5432 5424
5432 5431
5433 5428
5434 5429
5434 5433
5435 5434
5438 5434
5440 5436
5440 5439
5441 5440
5445 5444
5446 5445
5448 5442
5448 5447
5450 5449
5451 5450
5452 5447
5453 5448
5453 5452
5454 5453
5455 5454
5456 5450
5457 5451
5457 5456
5458 5457
5459 5458
5460 5459
5461 5452
5462 5453
5462 5461
5463 5455
5464 5463
5465 5456
5465 5464
5466 5463
5468 5467
5469 5468
5470 5469
5472 5466
5474 5469
5475 5470
5475 5474
5476 5471
5477 5476
5479 5473
5479 5478
5480 5474
5481 5475
5481 5480
5482 5476
5483 5477
5483 5482
5485 5478
5485 5484
5487 5480
5488 5481
5488 5487
5490 5487
5492 5491
5495 5494
5499 5495
5500 5496
5502 5501
5503 5502
5504 5503
5505 5504
5506 5505
5507 5506
5511 5510
5512 5511
5513 5512
5514 5513
5516 5515
5517 5516
5518 5517
5519 5502
5520 5505
5521 5507
5523 5510
5523 5522
5524 5512
5525 5513
5525 5524
5527 5515
5527 5526
5528 5518
5529 5528
5532 5531
5534 5521
5534 5533
5536 5535
5537 5536
5538 5537
5539 5522
5541 5526
5543 5528
5543 5542
5544 5532
5545 5544
5546 5533
5546 5545
5547 5534
5547 5546
5548 5535
5549 5536
5549 5548
5551 5540
5552 5551
5553 5552
5554 5543
5556 5555
5557 5544
5557 5556
5558 5548
5559 5549
5559 5558
5561 5551
5562 5552
5562 5561
5563 5553
5563 5562
5565 5564
5566 5556
5567 5557
5567 5566
5568 5567
5569 5568
5570 5569
5571 5570
5572 5558
5572 5571
5573 5559
5573 5572
5574 5573
5575 5574
5576 5575
5578 5562
5580 5579
5581 5580
5583 5582
5585 5566
5585 5584
5586 5568
5587 5569
5587 5586
5588 5571
5589 5572
5589 5588
5590 5573
5590 5589
5591 5574
5591 5590
5592 5576
5593 5592
5594 5577
5594 5593
5595 5594
5596 5578
5596 5595
5597 5596
5598 5580
5600 5599
5601 5582
5601 5600
5602 5583
5602 5601
5604 5584
5604 5603
5605 5585
5605 5604
5606 5586
5607 5587
5607 5606
5608 5607
5609 5590
5610 5591
5610 5609
5611 5610
5612 5592
5612 5611
5613 5593
5613 5612
5614 5596
5615 5597
5615 5614
5616 5615
5617 5599
5618 5601
5619 5602
5619 5618
5620 5603
5621 5605
5622 5621
5623 5607
5625 5624
5626 5609
5626 5625
5627 5610
5627 5626
5628 5611
5628 5627
5629 5613
5632 5617
5632 5631
5633 5618
5634 5620
5635 5621
5636 5622
5636 5635
5637 5636
5638 5624
5639 5625
5639 5638
5640 5627
5641 5629
5642 5630
5644 5631
5644 5643
5646 5633
5646 5645
5647 5634
5648 5637
5649 5648
5650 5638
5651 5639
5651 5650
5652 5640
5653 5652
5654 5642
5656 5643
5658 5646
5659 5658
5661 5660
5662 5648
5662 5661
5663 5649
5663 5662
5664 5663
5665 5650
5665 5664
5666 5652
5668 5667
5669 5668
5670 5654
5670 5669
5671 5670
5672 5655
5672 5671
5673 5656
5674 5658
5675 5660
5676 5663
5677 5665
5678 5677
5679 5678
5680 5666
5680 5679
5681 5680
5682 5667
5682 5681
5687 5677
5688 5679
5689 5680
5689 5688
5690 5681
5690 5689
5692 5691
5693 5692
5695 5683
5695 5694
5696 5695
5697 5696
5700 5686
5701 5700
5702 5701
5704 5688
5704 5703
5705 5689
5705 5704
5706 5690
5706 5705
5707 5706
5708 5692
5709 5693
5709 5708
5710 5709
5711 5694
5711 5710
5712 5695
5712 5711
5716 5699
5717 5716
5718 5700
5718 5717
5719 5701
5719 5718
5720 5702
5720 5719
5721 5703
5722 5704
5722 5721
5723 5705
5723 5722
5724 5706
5724 5723
5726 5709
5727 5711
5728 5712
5728 5727
5729 5728
5731 5713
5731 5730
5732 5716
5733 5717
5733 5732
5734 5720
5735 5722
5736 5723
5736 5735
5738 5725
5738 5737
5739 5738
5740 5726
5740 5739
5741 5740
5742 5727
5742 5741
5743 5728
5743 5742
5744 5729
5744 5743
5745 5744
5746 5731
5747 5746
5748 5747
5750 5749
5751 5732
5751 5750
5752 5733
5752 5751
5753 5752
5755 5736
5756 5755
5757 5738
5758 5741
5759 5744
5760 5745
5760 5759
5761 5760
5762 5748
5763 5749
5764 5751
5765 5752
5765 5764
5767 5766
5768 5756
5770 5758
5770 5769
5771 5770
5772 5771
5773 5761
5774 5773
5775 5774
5776 5762
5776 5775
5777 5763
5778 5777
5779 5765
5780 5779
5781 5766
5781 5780
5782 5767
5782 5781
5783 5782
5784 5783
5786 5768
5786 5785
5787 5786
5788 5787
5789 5788
5790 5769
5790 5789
5791 5772
5792 5791
5793 5773
5794 5775
5795 5776
5795 5794
5796 5777
5798 5779
5798 5797
5799 5780
5799 5798
5800 5784
5801 5800
5802 5785
5802 5801
5803 5786
5803 5802
5804 5789
5805 5790
5805 5804
5806 5805
5807 5806
5810 5795
5811 5799
5812 5811
5813 5812
5814 5813
5815 5800
5815 5814
5816 5801
5816 5815
5817 5802
5817 5816
5818 5803
5818 5817
5819 5818
5820 5819
5821 5804
5821 5820
5822 5805
5822 5821
5823 5806
5823 5822
5825 5809
5827 5811
5828 5813
5829 5814
5829 5828
5830 5815
5830 5829
5831 5816
5831 5830
5832 5817
5832 5831
5833 5818
5833 5832
5834 5819
5834 5833
5835 5820
5835 5834
5836 5821
5836 5835
5837 5822
5837 5836
5838 5823
5838 5837
5839 5838
5841 5825
5842 5826
5844 5827
5844 5843
5845 5844
5846 5829
5847 5830
5847 5846
5848 5831
5848 5847
5849 5834
5850 5835
5850 5849
5851 5836
5851 5850
5852 5838
5856 5855
5857 5842
5859 5843
5859 5858
5860 5844
5860 5859
5861 5845
5861 5860
5862 5861
5863 5847
5864 5848
5864 5863
5865 5864
5866 5850
5867 5851
5867 5866
5868 5867
5869 5852
5869 5868
5870 5853
5871 5870
5872 5856
5873 5857
5874 5859
5875 5860
5875 5874
5876 5861
5876 5875
5877 5862
5877 5876
5878 5877
5879 5863
5879 5878
5880 5865
5882 5870
5882 5881
5883 5871
5883 5882
5884 5883
5886 5874
5887 5876
5888 5877
5888 5887
5889 5878
5889 5888
5890 5879
5890 5889
5891 5890
5893 5892
5895 5881
5896 5883
5897 5884
5897 5896
5898 5897
5899 5885
5899 5898
5902 5901
5903 5886
5903 5902
5904 5888
5906 5905
5907 5892
5907 5906
5908 5894
5909 5908
5910 5895
5910 5909
5911 5897
5912 5898
5912 5911
5914 5900
5914 5913
5915 5903
5917 5904
5917 5916
5918 5917
5919 5918
5920 5905
5921 5906
5921 5920
5922 5907
5922 5921
5923 5922
5924 5923
5925 5908
5925 5924
5927 5926
5929 5913
5929 5928
5930 5914
5930 5929
5932 5931
5933 5915
5933 5932
5934 5917
5935 5919
5936 5935
5937 5920
5937 5936
5938 5921
5938 5937
5939 5922
5939 5938
5940 5924
5941 5925
5941 5940
5942 5926
5943 5927
5943 5942
5944 5943
5945 5944
5946 5928
5946 5945
5950 5949
5951 5950
5952 5951
5954 5953
5955 5947
5955 5954
5956 5955
5958 5950
5959 5952
5961 5953
5961 5960
5962 5955
5963 5956
5963 5962
5964 5957
5966 5958
5966 5965
5967 5966
5968 5959
5968 5967
5969 5960
5972 5965
5973 5969
5974 5973
5975 5970
5975 5974
5976 5975
5977 5976
5979 5978
5980 5979
5981 5973
5982 5975
5983 5976
5983 5982
5985 5984
5987 5978
5987 5986
5988 5983
5989 5988
5991 5987
5993 5992
5994 5989
5996 5990
5996 5995
5997 5996
5998 5991
5998 5997
5999 5998
6000 5992
6002 5994
6002 6001
6003 5995
6004 5997
6005 5999
6007 6001
6009 6004
6010 6009
6011 6006
6012 6008
6016 6012
6016 6015
6017 6016
6019 6013
6024 6021
6027 6026
6029 6023
6029 6028
6032 6025
6032 6031
6033 6026
6034 6027
6034 6033
6035 6029
6037 6030
6037 6036
6038 6037
6039 6031
6039 6038
6040 6032
6040 6039
6041 6040
6042 6041
6043 6033
6043 6042
6044 6034
6044 6043
6046 6035
6046 6045
6047 6046
6048 6036
6048 6047
6049 6037
6049 6048
6050 6038
6050 6049
6051 6039
6051 6050
6052 6041
6053 6042
6053 6052
6054 6043
6054 6053
6055 6044
6055 6054
6056 6046
6057 6048
6058 6049
6058 6057
6059 6052
6060 6053
6060 6059
6062 6056
6062 6061
6063 6062
6064 6058
6066 6065
6068 6067
6069 6062
6070 6063
6070 6069
6071 6070
6072 6065
6074 6073
6075 6069
6076 6070
6076 6075
6077 6072
6078 6073
6079 6074
6079 6078
6080 6079
6081 6080
6083 6075
6083 6082
6084 6076
6084 6083
6085 6084
6086 6077
6087 6086
6088 6078
6088 6087
6089 6080
6090 6081
6090 6089
6091 6083
6092 6085
6093 6092
6094 6087
6095 6088
6095 6094
6096 6095
6097 6089
6097 6096
6098 6090
6098 6097
6099 6091
6100 6099
6101 6092
6101 6100
6102 6094
6103 6095
6103 6102
6104 6096
6104 6103
6105 6098
6107 6106
6108 6107
6109 6104
6110 6109
6112 6111
6114 6108
6116 6109
6116 6115
6117 6110
6117 6116
6118 6111
6119 6112
6119 6118
6120 6115
6121 6116
6121 6120
6122 6118
6123 6119
6123 6122
6124 6123
6126 6125
6127 6120
6127 6126
6128 6121
6128 6127
6129 6128
6132 6131
6133 6132
6134 6133
6138 6137
6139 6130
6140 6131
6141 6133
6143 6135
6143 6142
6144 6143
6146 6137
6146 6145
6147 6138
6147 6146
6148 6140
6149 6141
6150 6149
6151 6142
6151 6150
6152 6143
6152 6151
6153 6145
6156 6148
6157 6156
6158 6149
6158 6157
6159 6150
6159 6158
6160 6151
6160 6159
6161 6152
6161 6160
6162 6161
6164 6163
6165 6154
6165 6164
6167 6156
6167 6166
6168 6157
6168 6167
6169 6158
6169 6168
6170 6159
6170 6169
6171 6160
6171 6170
6172 6161
6172 6171
6174 6163
6174 6173
6175 6166
6176 6167
6176 6175
6177 6169
6178 6170
6178 6177
6179 6171
6179 6178
6180 6172
6180 6179
6182 6174
6183 6182
6185 6175
6185 6184
6186 6176
6186 6185
6187 6186
6188 6177
6188 6187
6189 6178
6189 6188
6190 6179
6190 6189
6191 6180
6191 6190
6192 6191
6193 6181
6193 6192
6194 6193
6195 6183
6196 6195
6197 6184
6198 6185
6198 6197
6199 6187
6200 6188
6200 6199
6201 6189
6201 6200
6202 6192
6203 6193
6203 6202
6204 6194
6204 6203
6205 6204
6206 6195
6206 6205
6207 6197
6208 6201
6209 6204
6210 6205
6210 6209
6211 6206
6211 6210
6212 6211
6215 6214
6216 6208
6216 6215
6217 6216
6218 6217
6220 6209
6220 6219
6221 6213
6222 6215
6223 6218
6224 6223
6225 6219
6225 6224
6226 6220
6226 6225
6228 6221
6228 6227
6229 6228
6230 6229
6232 6223
6233 6224
6233 6232
6234 6225
6234 6233
6235 6226
6235 6234
6236 6235
6237 6236
6239 6231
6239 6238
6240 6233
6241 6234
6241 6240
6242 6235
6242 6241
6243 6236
6243 6242
6244 6237
6244 6243
6245 6244
6247 6246
6248 6247
6250 6249
6251 6241
6252 6243
6253 6244
6253 6252
6254 6247
6255 6248
6255 6254
6257 6249
6258 6250
6258 6257
6259 6258
6260 6252
6261 6253
6261 6260
6262 6255
6263 6256
6264 6257
6265 6258
6265 6264
6267 6266
6268 6261
6269 6268
6271 6270
6272 6262
6272 6271
6273 6263
6274 6264
6275 6265
6275 6274
6276 6275
6277 6266
6277 6276
6278 6267
6278 6277
6279 6278
6280 6268
6280 6279
6281 6273
6282 6274
6283 6276
6284 6277
6284 6283
6285 6278
6285 6284
6286 6279
6286 6285
6288 6287
6289 6288
6290 6281
6291 6290
6292 6282
6292 6291
6293 6283
6294 6284
6294 6293
6295 6285
6295 6294
6296 6286
6296 6295
6297 6296
6298 6297
6299 6287
6300 6289
6301 6300
6302 6292
6303 6302
6304 6295
6305 6296
6305 6304
6306 6297
6306 6305
6307 6298
6307 6306
6309 6301
6311 6302
6311 6310
6313 6312
6314 6305
6315 6306
6315 6314
6316 6309
6317 6311
6318 6317
6319 6312
6319 6318
6322 6316
6324 6318
6325 6319
6325 6324
6326 6325
6328 6320
6328 6327
6329 6321
6330 6329
6331 6330
6334 6325
6335 6326
6335 6334
6336 6327
6337 6330
6338 6332
6339 6338
6340 6333
6340 6339
6341 6340
6342 6335
6343 6342
6344 6336
6346 6342
6347 6343
6347 6346
6348 6347
6349 6344
6349 6348
6350 6349
6352 6345
6353 6352
6354 6353
6355 6354
6356 6355
6358 6346
6358 6357
6359 6347
6359 6358
6360 6348
6360 6359
6361 6349
6361 6360
6362 6351
6363 6362
6364 6352
6364 6363
6365 6354
6366 6356
6367 6360
6369 6362
6370 6364
6371 6370
6372 6365
6372 6371
6373 6366
6374 6373
6375 6374
6378 6368
6378 6377
6379 6369
6380 6379
6381 6370
6381 6380
6382 6371
6382 6381
6384 6373
6384 6383
6386 6376
6386 6385
6387 6380
6388 6381
6388 6387
6389 6383
6390 6384
6390 6389
6392 6386
6393 6392
6394 6393
6396 6388
6397 6396
6398 6397
6399 6389
6399 6398
6400 6390
6400 6399
6401 6400
6402 6391
6402 6401
6403 6402
6404 6393
6406 6395
6407 6396
6408 6397
6408 6407
6409 6398
6409 6408
6410 6400
6411 6402
6413 6404
6413 6412
6414 6405
6415 6406
6416 6415
6417 6409
6418 6410
6419 6418
6420 6411
6420 6419
6421 6413
6422 6421
6423 6414
6423 6422
6424 6415
6426 6417
6427 6419
6429 6421
6429 6428
6430 6422
6430 6429
6431 6424
6432 6431
6433 6425
6433 6432
6434 6426
6435 6434
6436 6435
6438 6437
6439 6428
6439 6438
6440 6430
6441 6440
6442 6433
6443 6442
6444 6436
6445 6444
6446 6437
6446 6445
6447 6438
6447 6446
6450 6442
6451 6443
6451 6450
6453 6444
6453 6452
6454 6445
6454 6453
6455 6447
6458 6457
6459 6458
6460 6459
6461 6460
6463 6462
6464 6463
6465 6464
6469 6468
6471 6470
6473 6472
6474 6473
6475 6456
6476 6475
6477 6457
6477 6476
6478 6459
6480 6479
6481 6462
6481 6480
6482 6464
6483 6465
6483 6482
6484 6466
6485 6484
6487 6469
6488 6487
6489 6471
6490 6489
6491 6474
6492 6491
6493 6475
6494 6476
6494 6493
6495 6477
6495 6494
6496 6495
6497 6478
6497 6496
6498 6497
6499 6498
6500 6479
6500 6499
6501 6480
6501 6500
6502 6482
6503 6483
6503 6502
6504 6503
6505 6484
6505 6504
6506 6485
6506 6505
6507 6506
6508 6486
6508 6507
6509 6488
6510 6509
6511 6489
6511 6510
6512 6490
6512 6511
6513 6491
6515 6493
6515 6514
6516 6494
6516 6515
6517 6495
6517 6516
6518 6496
6518 6517
6519 6497
6519 6518
6520 6501
6522 6504
6523 6505
6523 6522
6524 6506
6524 6523
6525 6507
6525 6524
6527 6526
6528 6510
6529 6512
6530 6529
6531 6515
6532 6519
6536 6522
6536 6535
6537 6524
6538 6525
6538 6537
6539 6526
6540 6527
6540 6539
6541 6540
6542 6528
6542 6541
6543 6529
6546 6545
6547 6546
6548 6532
6548 6547
6549 6533
6550 6549
6551 6550
6552 6534
6552 6551
6553 6552
6554 6535
6555 6536
6555 6554
6556 6537
6557 6538
6557 6556
6558 6539
6559 6540
6559 6558
6560 6544
6561 6560
6563 6562
6564 6547
6566 6549
6566 6565
6567 6550
6567 6566
6568 6551
6568 6567
6569 6553
6570 6569
6571 6554
6571 6570
6572 6555
6572 6571
6573 6572
6574 6556
6574 6573
6575 6558
6577 6576
6578 6561
6579 6562
6581 6565
6582 6567
6583 6568
6583 6582
6584 6583
6585 6569
6585 6584
6586 6570
6586 6585
6587 6571
6587 6586
6588 6572
6588 6587
6589 6574
6590 6589
6591 6590
6593 6592
6594 6576
6594 6593
6595 6577
6595 6594
6596 6595
6597 6596
6598 6597
6599 6578
6599 6598
6600 6599
6604 6582
6604 6603
6605 6583
6605 6604
6606 6585
6607 6586
6607 6606
6608 6588
6609 6608
6610 6590
6612 6592
6612 6611
6613 6594
6614 6595
6614 6613
6615 6596
6615 6614
6616 6597
6616 6615
6617 6598
6617 6616
6618 6599
6618 6617
6620 6601
6622 6602
6622 6621
6623 6603
6624 6605
6625 6607
6626 6625
6628 6610
6628 6627
6629 6611
6630 6612
6630 6629
6631 6616
6632 6617
6632 6631
6633 6618
6633 6632
6634 6633
6636 6622
6637 6636
6638 6624
6639 6638
6640 6626
6642 6627
6642 6641
6644 6630
6645 6633
6647 6635
6647 6646
6648 6647
6650 6649
6651 6638
6651 6650
6653 6640
6653 6652
6654 6653
6655 6641
6655 6654
6656 6642
6656 6655
6657 6656
6658 6643
6658 6657
6659 6658
6660 6644
6660 6659
6662 6661
6666 6648
6667 6666
6668 6667
6669 6650
6670 6652
6671 6653
6671 6670
6672 6655
6673 6656
6673 6672
6674 6659
6676 6661
6678 6663
6678 6677
6679 6678
6680 6664
6680 6679
6683 6667
6684 6668
6684 6683
6685 6684
6686 6669
6686 6685
6688 6672
6689 6673
6689 6688
6691 6674
6691 6690
6693 6676
6693 6692
6694 6693
6695 6679
6696 6680
6696 6695
6697 6681
6698 6697
6699 6686
6700 6699
6702 6701
6703 6702
6704 6688
6704 6703
6705 6689
6705 6704
6706 6705
6707 6690
6707 6706
6708 6691
6708 6707
6709 6708
6710 6709
6711 6693
6712 6694
6712 6711
6713 6712
6714 6695
6715 6696
6715 6714
6717 6697
6717 6716
6720 6719
6722 6701
6723 6702
6723 6722
6724 6703
6724 6723
6725 6705
6726 6706
6726 6725
6727 6707
6727 6726
6729 6711
6729 6728
6730 6712
6730 6729
6731 6714
6732 6716
6733 6717
6733 6732
6734 6718
6735 6734
6736 6720
6737 6736
6738 6721
6739 6738
6740 6723
6742 6726
6743 6727
6743 6742
6744 6743
6746 6728
6746 6745
6747 6729
6747 6746
6748 6730
6748 6747
6749 6748
6750 6749
6751 6731
6751 6750
6752 6751
6753 6732
6754 6733
6754 6753
6755 6754
6757 6736
6758 6737
6758 6757
6759 6738
6761 6741
6762 6761
6763 6744
6764 6763
6765 6745
6765 6764
6766 6747
6767 6748
6767 6766
6768 6749
6768 6767
6769 6750
6769 6768
6770 6751
6770 6769
6771 6752
6771 6770
6772 6755
6773 6772
6774 6773
6775 6756
6775 6774
6776 6757
6777 6758
6777 6776
6778 6777
6779 6759
6779 6778
6780 6779
6782 6762
6784 6763
6784 6783
6785 6764
6785 6784
6786 6765
6786 6785
6787 6786
6788 6767
6789 6768
6789 6788
6790 6771
6792 6791
6793 6774
6794 6775
6794 6793
6795 6794
6796 6778
6797 6779
6797 6796
6798 6780
6798 6797
6799 6798
6800 6799
6803 6783
6803 6802
6804 6784
6804 6803
6805 6785
6805 6804
6806 6786
6806 6805
6807 6787
6807 6806
6808 6807
6809 6788
6809 6808
6810 6789
6810 6809
6811 6810
6812 6790
6813 6793
6814 6795
6815 6814
6816 6815
6817 6796
6817 6816
6818 6797
6818 6817
6819 6798
6819 6818
6820 6799
6820 6819
6821 6800
6821 6820
6822 6802
6823 6804
6824 6805
6824 6823
6825 6806
6825 6824
6826 6807
6826 6825
6827 6808
6827 6826
6828 6809
6828 6827
6829 6810
6829 6828
6831 6812
6831 6830
6839 6833
6840 6839
6841 6840
6844 6837
6845 6838
6846 6845
6847 6840
6848 6841
6848 6847
6849 6848
6852 6844
6853 6845
6855 6848
6856 6849
6856 6855
6857 6856
6859 6852
6859 6858
6860 6854
6861 6860
6862 6855
6862 6861
6863 6857
6865 6864
6866 6858
6866 6865
6867 6859
6867 6866
6869 6860
6870 6861
6870 6869
6871 6862
6871 6870
6872 6871
6874 6864
6874 6873
6875 6865
6875 6874
6876 6868
6877 6876
6878 6870
6879 6871
6879 6878
6880 6872
6880 6879
6881 6880
6882 6873
6882 6881
6883 6874
6883 6882
6884 6875
6884 6883
6887 6876
6887 6886
6888 6878
6889 6879
6889 6888
6890 6880
6890 6889
6891 6883
6892 6885
6893 6886
6895 6890
6896 6895
6897 6896
6898 6891
6898 6897
6899 6892
6900 6893
6902 6901
6903 6895
6904 6897
6905 6898
6905 6904
6906 6905
6907 6906
6909 6908
6912 6911
6914 6913
6916 6915
6917 6916
6919 6918
6920 6919
6921 6920
6922 6921
6925 6911
6925 6924
6927 6913
6927 6926
6928 6914
6928 6927
6929 6915
6930 6916
6930 6929
6931 6917
6931 6930
6932 6931
6933 6919
6934 6921
6937 6936
6939 6925
6940 6927
6941 6928
6941 6940
6943 6930
6944 6932
6945 6933
6946 6945
6947 6934
6947 6946
6948 6936
6949 6937
6949 6948
6950 6949
6951 6938
6951 6950
6952 6939
6954 6942
6954 6953
6955 6954
6958 6957
6960 6959
6961 6960
6962 6961
6964 6963
6965 6964
6966 6965
6969 6968
6973 6972
6975 6974
6976 6975
6978 6977
6980 6959
6981 6960
6981 6980
6982 6962
6983 6965
6984 6966
6984 6983
6985 6967
6986 6968
6989 6971
6989 6988
6990 6972
6992 6991
6993 6992
6994 6975
6995 6976
6995 6994
6996 6995
6998 6997
6999 6998
7000 6979
7000 6999
7001 7000
7003 7002
7004 6983
7005 6984
7005 7004
7006 7005
7007 6985
7007 7006
7009 6986
7009 7008
7010 6987
7011 6988
7012 6990
7013 7012
7015 6994
7015 7014
7016 6996
7018 6998
7019 6999
7019 7018
7020 7000
7020 7019
7021 7001
7021 7020
7023 7022
7025 7002
7025 7024
7027 7004
7027 7026
7028 7006
7029 7007
7029 7028
7030 7008
7031 7009
7031 7030
7032 7031
7033 7010
7033 7032
7035 7034
7036 7013
7037 7015
7039 7017
7039 7038
7040 7018
7041 7020
7042 7021
7042 7041
7043 7022
7044 7024
7046 7027
7047 7046
7048 7029
7049 7048
7050 7030
7050 7049
7051 7033
7053 7034
7053 7052
7054 7035
7054 7053
7055 7054
7056 7036
7056 7055
7057 7056
7058 7057
7059 7058
7060 7059
7061 7060
7062 7037
7062 7061
7063 7062
7064 7063
7065 7038
7065 7064
7066 7039
7066 7065
7067 7066
7068 7040
7068 7067
7069 7068
7070 7043
7071 7070
7072 7071
7073 7045
7074 7073
7075 7047
7076 7075
7077 7048
7077 7076
7079 7051
7080 7079
7081 7052
7081 7080
7082 7053
7082 7081
7083 7054
7083 7082
7084 7055
7084 7083
7085 7057
7086 7058
7086 7085
7087 7059
7087 7086
7088 7060
7088 7087
7089 7062
7090 7063
7090 7089
7091 7065
7092 7066
7092 7091
7093 7067
7093 7092
7094 7068
7094 7093
7095 7069
7095 7094
7096 7095
7097 7070
7099 7098
7100 7073
7100 7099
7101 7074
7101 7100
7102 7101
7103 7076
7105 7104
7106 7078
7106 7105
7107 7106
7108 7079
7108 7107
7109 7080
7109 7108
7110 7084
7111 7110
7112 7085
7112 7111
7113 7086
7113 7112
7114 7087
7114 7113
7116 7091
7116 7115
7117 7093
7118 7095
7119 7096
7119 7118
7121 7098
7122 7099
7122 7121
7123 7101
7125 7104
7126 7105
7126 7125
7127 7106
7127 7126
7128 7107
7128 7127
7129 7108
7129 7128
7130 7109
7130 7129
7131 7130
7132 7131
7133 7132
7134 7110
7134 7133
7135 7112
7136 7113
7136 7135
7137 7114
7137 7136
7138 7137
7140 7139
7141 7116
7142 7120
7144 7123
7144 7143
7145 7144
7147 7125
7147 7146
7148 7126
7148 7147
7149 7131
7150 7132
7150 7149
7151 7134
7152 7151
7153 7135
7153 7152
7154 7137
7155 7138
7155 7154
7156 7155
7157 7139
7157 7156
7159 7141
7159 7158
7160 7159
7162 7161
7164 7142
7164 7163
7165 7164
7167 7143
7167 7166
7168 7144
7168 7167
7170 7148
7172 7171
7173 7172
7174 7149
7174 7173
7175 7151
7177 7156
7178 7157
7178 7177
7179 7178
7180 7158
7180 7179
7181 7159
7181 7180
7182 7160
7182 7181
7184 7163
7185 7164
7185 7184
7187 7166
7187 7186
7188 7167
7188 7187
7189 7168
7189 7188
7190 7170
7191 7172
7192 7174
7194 7175
7194 7193
7195 7176
7196 7178
7197 7179
7197 7196
7198 7182
7199 7198
7200 7199
7201 7183
7202 7201
7203 7185
7204 7203
7205 7186
7205 7204
7206 7187
7206 7205
7208 7190
7209 7208
7210 7209
7211 7191
7211 7210
7212 7211
7215 7195
7215 7214
7216 7215
7217 7216
7218 7217
7219 7197
7220 7219
7221 7199
7223 7201
7223 7222
7224 7202
7224 7223
7225 7204
7226 7206
7227 7226
7228 7227
7229 7207
7229 7228
7230 7229
7231 7230
7233 7208
7233 7232
7234 7210
7235 7211
7235 7234
7236 7213
7237 7236
7238 7237
7239 7217
7240 7218
7240 7239
7241 7240
7242 7219
7242 7241
7243 7222
7244 7223
7244 7243
7246 7245
7247 7228
7248 7230
7249 7231
7249 7248
7250 7249
7251 7233
7252 7251
7253 7234
7253 7252
7254 7235
7254 7253
7257 7239
7258 7242
7259 7258
7261 7260
7262 7261
7263 7244
7264 7263
7265 7245
7269 7249
7270 7250
7270 7269
7271 7270
7272 7252
7273 7253
7273 7272
7274 7254
7274 7273
7276 7275
7277 7276
7279 7256
7279 7278
7280 7279
7281 7257
7281 7280
7282 7281
7283 7282
7284 7258
7284 7283
7285 7259
7285 7284
7286 7285
7287 7261
7288 7263
7289 7264
7289 7288
7291 7290
7292 7266
7292 7291
7293 7292
7294 7267
7294 7293
7296 7269
7296 7295
7297 7270
7297 7296
7298 7271
7298 7297
7299 7298
7300 7272
7300 7299
7301 7273
7301 7300
7303 7276
7304 7277
7304 7303
7305 7304
7306 7305
7307 7279
7308 7280
7308 7307
7309 7281
7309 7308
7310 7282
7310 7309
7311 7284
7312 7286
7313 7312
7315 7314
7316 7289
7318 7290
7318 7317
7319 7291
7319 7318
7321 7296
7322 7297
7322 7321
7323 7298
7323 7322
7324 7299
7324 7323
7325 7301
7326 7325
7327 7304
7328 7305
7328 7327
7329 7306
7329 7328
7330 7329
7331 7308
7332 7309
7332 7331
7335 7312
7335 7334
7336 7313
7336 7335
7337 7336
7338 7315
7339 7338
7340 7317
7341 7318
7341 7340
7342 7319
7342 7341
7343 7342
7344 7320
7345 7322
7346 7324
7349 7327
7349 7348
7350 7328
7350 7349
7351 7329
7351 7350
7352 7330
7352 7351
7353 7352
7354 7332
7355 7354
7356 7333
7356 7355
7357 7335
7359 7338
7359 7358
7361 7340
7362 7342
7363 7343
7363 7362
7366 7345
7366 7365
7367 7366
7368 7346
7368 7367
7371 7348
7371 7370
7372 7349
7372 7371
7373 7350
7373 7372
7374 7354
7376 7357
7376 7375
7378 7359
7379 7361
7380 7379
7381 7363
7382 7381
7384 7365
7385 7366
7385 7384
7386 7368
7387 7386
7388 7387
7389 7369
7389 7388
7390 7370
7391 7373
7394 7374
7394 7393
7395 7394
7396 7395
7397 7396
7398 7375
7398 7397
7399 7376
7399 7398
7400 7377
7401 7400
7402 7378
7402 7401
7404 7379
7406 7381
7406 7405
7409 7408
7410 7385
7411 7389
7412 7411
7413 7390
7413 7412
7414 7413
7415 7414
7417 7392
7417 7416
7418 7417
7419 7393
7419 7418
7420 7395
7421 7396
7421 7420
7422 7397
7422 7421
7423 7399
7424 7400
7425 7403
7426 7404
7427 7405
7429 7407
7429 7428
7430 7429
7433 7432
7434 7433
7435 7412
7436 7416
7437 7418
7438 7420
7439 7421
7439 7438
7441 7423
7441 7440
7443 7442
7444 7443
7446 7445
7447 7446
7448 7447
7449 7448
7451 7450
7454 7453
7455 7454
7458 7457
7459 7458
7462 7448
7463 7449
7463 7462
7464 7450
7465 7451
7465 7464
7466 7465
7467 7452
7467 7466
7468 7454
7471 7457
7472 7459
7473 7472
7474 7473
7475 7460
7475 7474
7476 7475
7477 7461
7477 7476
7480 7464
7481 7466
7482 7467
7482 7481
7483 7482
7484 7483
7486 7470
7488 7471
7488 7487
7489 7472
7490 7473
7490 7489
7491 7475
7492 7476
7492 7491
7493 7477
7493 7492
7494 7478
7495 7494
7496 7479
7496 7495
7497 7496
7498 7497
7499 7480
7500 7482
7501 7483
7501 7500
7502 7484
7502 7501
7503 7485
7504 7487
7506 7490
7507 7493
7508 7498
7510 7501
7514 7513
7515 7504
7515 7514
7516 7515
7517 7505
7517 7516
7518 7517
7519 7506
7519 7518
7520 7519
7522 7508
7523 7522
7524 7523
7525 7509
7526 7525
7528 7511
7528 7527
7529 7528
7530 7515
7531 7516
7531 7530
7532 7519
7533 7520
7533 7532
7534 7533
7536 7521
7537 7536
7538 7537
7539 7538
7540 7522
7540 7539
7541 7523
7541 7540
7542 7524
7542 7541
7543 7526
7544 7527
7546 7545
7547 7546
7548 7530
7548 7547
7549 7531
7549 7548
7550 7549
7551 7532
7552 7534
7553 7536
7554 7537
7554 7553
7555 7538
7555 7554
7556 7539
7556 7555
7557 7541
7559 7544
7561 7545
7561 7560
7562 7546
7562 7561
7563 7547
7563 7562
7564 7548
7564 7563
7565 7549
7565 7564
7567 7551
7567 7566
7568 7567
7569 7552
7569 7568
7571 7553
7572 7554
7572 7571
7573 7557
7574 7573
7575 7574
7576 7558
7576 7575
7577 7576
7578 7577
7579 7559
7579 7578
7581 7560
7581 7580
7582 7561
7582 7581
7583 7562
7583 7582
7584 7563
7584 7583
7585 7565
7586 7585
7587 7566
7587 7586
7588 7568
7589 7569
7589 7588
7590 7589
7591 7572
7592 7591
7593 7573
7594 7574
7594 7593
7595 7576
7596 7577
7596 7595
7597 7578
7597 7596
7598 7579
7598 7597
7599 7580
7600 7582
7601 7583
7601 7600
7602 7584
7602 7601
7603 7587
7604 7603
7605 7589
7606 7590
7606 7605
7607 7606
7610 7595
7610 7609
7612 7599
7612 7611
7613 7612
7615 7614
7616 7603
7617 7604
7617 7616
7618 7617
7619 7605
7619 7618
7620 7606
7620 7619
8289 7627
7627 8276
8276 8289
7976 7717
7816 7915
7740 7816
8354 8220
7670 7817
8244 7670
7945 7662
7662 8322
7922 7881
7881 8167
7656 8138
8138 8102
8050 8064
8050 7656
8102 8064
7913 7664
7664 7631
7913 7949
7949 7664
7751 7912
7912 7984
7952 7740
7665 7751
7751 7952
8248 8267
7664 8255
8255 7631
7949 8048
8267 8048
7949 8267
7914 8166
8166 7984
7984 7914
8154 7822
7822 8173
8173 8154
7914 7653
7914 8005
8005 7653
8185 7867
7867 8017
8017 8185
7898 7711
7711 7927
7927 8013
8013 7711
7898 7902
7937 8300
7670 7937
8341 8160
8160 8300
8244 7947
7938 7708
7708 7715
7845 8258
7864 8322
8322 8212
7864 7945
8006 7881
7977 8006
7922 7977
7753 7991
7991 8259
8259 7753
8203 8115
7632 8167
7943 8289
8264 7943
7958 8027
8102 7709
7667 8338
8028 8338
7913 7963
7963 8267
7796 7682
7682 7840
7840 7796
8015 7682
7682 7870
7870 8015
8255 7772
8269 7796
7772 8269
7636 7720
7720 7975
7975 7636
8047 8048
8062 7659
7870 8062
8062 8232
8232 7659
7659 8015
8232 8050
8009 8336
8159 8138
8159 8009
8159 8336
7723 7957
7957 8088
8088 7723
8031 8242
8242 7745
7745 8031
8207 7890
7890 8253
8253 8207
7853 7816
7896 7853
7863 8046
7756 7863
8046 7852
8220 8276
7712 8126
7762 7836
7836 8245
8126 8198
8191 8198
8010 7835
7835 7896
7896 8010
8010 7680
7680 7835
8354 8129
8129 7793
7719 8129
7694 7719
8118 7863
7973 7926
8155 7973
7926 7902
8139 7924
7924 8239
7765 7889
8021 8291
8291 7960
7960 7830
7830 8021
8291 8166
8188 7837
7837 8013
7837 7663
7935 8341
7947 7935
8335 7986
7986 8000
8000 8335
8000 8155
8155 8179
7626 7838
7838 8152
8152 7626
8171 7838
8222 7919
7919 8157
7675 7728
7728 7642
7642 7675
8190 8084
8025 8177
7909 8025
8025 8040
8040 8177
8258 8051
7909 8051
7945 7759
7864 7759
7974 7934
7929 8203
8167 7929
7632 7929
8125 7627
7943 8125
7910 8044
7676 8122
8122 7983
7983 7676
7683 7688
8001 8295
8295 7635
8001 7966
7966 8295
8346 8085
7930 7657
7657 7966
7930 7956
7956 7657
7633 8035
7709 8098
8098 7633
7800 8054
8339 7636
7975 7800
7702 8161
8161 8271
8309 7940
7940 7702
7720 8309
8047 7825
8255 7825
7825 8080
7979 8333
8333 7745
7745 7979
8031 8078
8078 8251
8207 8074
7801 7890
8215 8074
8215 7739
7739 8331
8331 8168
8168 8131
7853 7778
7853 8081
7778 8012
8012 8174
8073 7764
7764 8008
8008 8073
8080 7734
7764 7734
7747 7734
7701 8338
8028 7701
8235 8271
8271 7852
8328 8214
8161 7752
7953 8280
8280 7712
7777 8245
7836 7777
8252 7762
8173 8252
7822 8252
8153 7723
8088 8153
8272 7921
8020 8191
8020 7699
8135 8020
8135 8075
8135 7895
7895 8075
8075 8150
7859 7818
8313 7859
7792 7818
8044 7876
7876 8217
8217 8044
7978 7818
7978 7700
7989 7899
7989 7839
7959 8118
8328 7959
7973 8297
7878 8241
8241 8139
7717 8139
8241 7765
8239 7775
8347 7827
7900 8084
8190 7900
7900 7648
7648 8084
7802 8190
7976 7802
7869 8263
8263 8314
8314 7869
8189 7677
8189 7869
8314 8189
7886 7677
8340 7856
7681 8288
8288 8162
8244 7916
8179 7955
7955 7663
7849 7626
7965 8285
8285 8171
8171 7965
7925 8285
7965 7849
7849 7925
8323 8004
8004 8105
7696 7977
7824 7919
8222 7824
8196 8023
7946 8196
8023 7809
7809 7757
7757 8023
8060 7728
8097 7674
7674 7705
7755 8209
8213 7755
7755 7831
7831 8209
8284 7892
7648 8284
8234 8284
8177 7862
7862 7715
8040 7861
7759 7861
8212 7861
8302 8196
7946 8302
7757 8302
8283 7845
8283 8116
8302 8283
8033 7662
8033 8324
8350 7683
7929 8200
8200 8350
8041 7640
7780 7992
7992 8041
7780 7958
7936 8296
8296 8141
8127 7943
8086 8127
8086 7693
8217 7855
7676 8142
7851 8007
7851 7855
7647 7851
7854 7918
7918 8148
7644 8330
8330 7854
8036 7932
7932 8208
8085 7639
7639 8144
7688 7639
8001 8211
7787 7844
7844 8319
7844 7956
8099 8083
8099 8236
8113 8027
8141 8113
7833 8186
8186 8059
7987 8059
8035 8108
8108 8054
8098 8101
7709 8101
8052 7979
8251 7716
7882 8251
8123 7801
8037 8072
8072 7883
8277 7842
7842 7685
7685 8277
7842 8037
8215 7673
7673 8031
8333 8331
8221 8168
8265 7982
8107 8081
7714 7835
7680 7714
7872 7714
7714 8107
7872 8107
7891 7872
7685 7891
7883 7891
7891 8107
7695 8073
8008 7695
7874 7747
8047 8318
8318 8008
8318 8080
8214 7737
8338 8299
7701 8299
7880 7720
7795 8214
7737 7795
8306 8150
8224 8034
7841 8224
8096 8034
8096 7908
8303 8125
8067 8303
7908 8303
8243 7671
7921 7803
8003 8313
7700 8003
7788 7810
7810 7910
7810 7876
7810 7700
7788 8003
7877 8149
8149 8039
8039 7877
7877 7944
7944 8149
8272 7819
7819 7921
7953 7819
8110 7792
7895 8136
8110 8136
8218 8272
8218 8136
7895 8218
7700 8187
7954 8249
7954 7886
7634 8070
7933 7634
7738 7634
7933 7738
8356 7706
7706 7738
8089 7752
7839 8089
8106 8170
8254 8106
8170 8254
8254 8263
7672 8305
8180 7902
8305 8180
7797 7808
8202 7907
7907 8061
8061 8068
7900 7980
7848 8228
8228 8340
7848 8021
7830 8228
7927 8205
8205 8188
7741 8357
8069 7917
8105 7850
7850 8323
7993 7850
7906 8184
8184 8307
8257 8029
8029 8199
8199 8257
8292 8157
8157 8121
8121 8233
8233 8292
8060 8213
8213 7791
7791 7642
8097 8359
8359 7674
8002 8158
8344 8128
8128 7797
7797 8344
8128 7808
7938 7748
7748 8212
8025 8120
8120 8324
8056 8320
7736 8056
7831 8240
8056 7843
7843 8116
7736 7843
7821 8200
7931 7821
7821 8350
7934 8082
7931 8194
7742 7970
7970 8195
7826 8231
8231 7658
7658 7826
7693 8282
7815 7855
7815 7647
7635 7650
8274 8026
7875 8030
8030 7939
8148 7770
7918 7951
7951 8148
7851 8093
7692 7813
7813 8346
8346 7692
7624 7813
7923 7692
7692 7884
7884 7923
7923 8330
8036 8022
8063 8290
8290 7639
7875 8326
7807 7894
8250 7733
7995 7690
7995 8211
8144 7995
7847 8069
8345 7847
7633 7888
8101 7888
7710 7871
8114 7873
7873 8351
8351 8114
8052 8315
8043 8315
8043 8360
8360 8315
8131 7666
7666 8123
8072 7971
8057 8095
8095 7871
7871 8057
7868 8095
7636 8287
7982 7814
7814 7726
7814 8288
8265 8181
8181 7982
8301 8266
7904 7896
7778 8164
8262 8318
8174 8262
7655 8230
8230 7737
8299 8230
7655 8317
7880 8317
7782 7651
7651 7953
7651 8096
7766 8303
7908 7766
7703 8243
7789 7787
7806 7939
7939 7623
8182 7789
8182 7806
7806 7789
7669 8360
7716 7669
8119 8216
7865 8216
8187 8032
7783 8071
8070 8066
8019 8070
7634 8066
7954 8165
8356 8165
8205 7903
7903 8353
8268 8353
7678 8347
7678 7827
8018 8256
8202 7758
7758 7907
8068 8260
8247 8234
7980 8247
7980 8024
8024 8143
7802 8024
8024 7687
7687 8143
7802 7687
7799 7687
7827 7799
8307 8310
8310 8104
7866 8090
8090 7942
7942 7866
7754 8140
7754 8146
8146 8140
7828 7768
7768 8357
7763 7993
7697 8206
7763 8206
8206 8109
8109 7763
8316 7769
8038 8316
8359 7645
7645 7674
8359 7630
7630 7645
7811 7730
7730 8184
8199 7885
7885 7645
7630 7885
8304 7860
7860 7774
7774 8304
8270 7658
7658 7696
7696 8270
7722 8270
8103 8270
7722 8103
7893 8082
7640 8130
8130 7936
8011 7630
7785 8011
8097 8011
8327 7713
7705 8327
8227 8147
8147 8163
7834 7757
7638 8320
7858 8194
8194 7784
7784 8290
8231 8238
8238 7977
8293 8142
8282 8293
7807 8124
8124 7770
7807 7770
7749 8026
7884 7749
7905 7875
7788 7905
7650 7998
7998 8274
7951 8274
7998 8124
7707 8145
7743 7923
8145 7743
8045 8083
8236 8045
8045 7833
8057 8049
7710 8049
8114 7786
7786 7873
7661 8162
7994 8123
7994 8178
8178 8123
7776 8287
8287 7868
7868 7776
7948 8095
8117 7897
7731 8266
8301 7731
8266 8042
7731 8042
8246 8164
8246 8092
8092 7689
8164 7643
7643 8174
8134 8117
8225 7623
8355 8250
7832 7629
7629 8281
7832 8268
7746 7761
7761 8353
7746 8294
8294 7761
8226 8018
8334 7678
8256 8334
8018 8334
7907 7950
7649 8260
7684 8260
7698 8247
8061 7698
7781 8053
8053 7828
8348 7754
7857 8348
8342 7790
7917 8342
7969 8342
8156 7969
7781 8156
7741 8156
7768 8065
8316 7968
7968 7769
7968 8004
8004 7769
7968 7697
8014 8193
8337 8193
8337 8055
8014 8055
7988 7860
7679 8223
8219 7679
7826 7718
7718 8231
7767 8137
7691 8137
7767 8223
8223 7999
7999 7767
7735 8298
8298 8219
7974 7735
8130 8201
8201 7936
8130 8308
8308 8201
8076 7640
8352 8079
7996 8327
7713 7996
7996 8352
7961 8120
8278 7961
8278 8312
8312 7961
7646 8324
7879 7829
7773 8240
7831 7773
7691 8111
8111 8137
7704 7824
7732 7826
7679 7725
8293 7729
7729 8142
8282 7729
8124 8169
7641 8321
7641 8183
7661 7686
7686 8178
8178 7661
7897 7760
7760 7637
7637 7897
7962 7654
7689 7962
7654 7643
7962 7964
8134 7964
7668 8134
7668 7660
8273 7744
7660 8273
8279 8071
8279 8019
7750 7950
7750 8175
7622 7997
7997 7684
7750 8261
8261 7622
8261 7684
8090 7846
8053 7942
7846 7768
7857 8286
8286 8332
8151 8146
8348 8151
8294 8151
7741 7990
7990 7969
8065 8016
8016 8038
8038 8065
7811 8094
8094 8193
8055 8311
8257 8077
8077 7981
8077 8311
8275 8091
8091 7785
7625 7970
7625 8195
7928 7985
7985 8158
8079 7928
8079 7820
7638 8172
8172 8278
7742 7621
7725 8112
8112 7718
8298 8112
8087 8176
8176 7804
7804 8087
8087 8183
8343 7686
7805 8321
7760 7805
7744 8100
8100 8092
7783 8349
7986 8349
7779 8016
8090 7779
8132 8308
8192 7727
7727 8132
8278 7941
7941 8312
7771 7941
7771 8240
7829 7771
0 3
1 6634
2 6600
5 7613
6 48
7 8
10 11
20 39
21 40
22 84
38 20
41 85
47 109
49 90
63 100
69 108
76 115
104 143
105 163
109 165
112 151
114 152
115 153
132 180
136 168
174 224
185 233
196 223
224 270
245 288
278 321
282 302
306 347
314 359
328 371
329 372
346 394
381 430
395 439
412 454
415 455
419 457
422 461
429 466
436 473
446 486
454 493
459 498
573 622
618 657
621 658
624 663
625 664
638 678
682 733
683 707
690 744
692 717
693 694
694 695
695 720
696 720
697 753
704 731
705 763
706 734
716 747
720 721
744 806
764 828
848 905
849 906
861 919
877 935
889 949
892 950
905 936
915 978
918 981
946 1005
954 1012
989 1013
1021 1079
1119 1181
1144 1172
1177 1208
1245 1304
1260 1292
1264 1328
1280 1343
1304 1364
1394 1465
1450 1511
1507 1569
1511 1574
1519 1578
1536 1593
1548 1603
1567 1624
1576 1633
1577 1634
1600 1659
1603 1662
1608 1667
1624 1651
1625 1651
1650 1707
1749 1811
1758 1819
1812 1845
1813 1876
1848 1907
1854 1912
1871 1933
1878 1939
1879 1941
1895 1928
1905 1963
1914 1966
1927 1955
1928 1980
1933 1985
1939 1992
1944 1998
1959 1986
1960 2023
1963 2026
1985 2022
2036 2040
2040 2041
2041 2066
2056 2080
2057 2059
2059 2060
2060 7798
2103 2105
2104 2106
2105 8358
2106 2108
2107 5127
2108 7939
2109 2114
2112 2121
2113 5268
2121 7777
2122 2146
2127 2151
2199 2221
2221 2246
2286 2305
2299 2322
2314 2336
2317 2341
2324 2356
2346 6451
2354 6434
2370 2391
2371 2412
2387 5659
2411 2446
2466 2505
2486 2523
2505 2538
2507 2539
2510 2540
2523 2552
2526 2555
2574 2613
2575 2614
2580 2615
2591 2639
2592 2623
2597 2629
2603 2636
2605 2638
2609 2653
2620 2648
2627 2661
2635 2665
2652 2699
2672 8045
2673 7847
2674 8017
2675 8345
2676 8300
2678 7920
2702 2703
2705 2738
2706 2707
2707 2768
2708 2739
2709 2710
2712 2772
2733 2764
2788 2821
2802 2828
2854 2914
2866 2898
2872 2901
2889 2916
2900 2928
2901 2929
2929 2949
2934 2955
2956 2960
2960 2962
2970 2972
2973 2977
2977 2999
2983 1051
2984 3006
3004 3036
3021 3051
3052 3078
3057 3085
3078 3104
3097 3122
3104 3128
3138 8016
3139 3175
3161 5392
3229 3247
3231 3257
3236 3260
3240 3262
3243 3266
3246 3269
3247 3270
3251 3265
3260 3285
3262 3288
3266 3296
3270 3307
3271 3300
3283 3313
3293 3323
3300 3330
3307 3350
3312 3333
3323 3342
3330 3360
3333 3369
3336 3357
3350 3385
3362 3392
3374 3411
3385 3420
3391 3409
3392 3416
3409 3435
3411 3439
3442 3458
3443 2030
3458 3470
3470 3483
3473 3488
3483 8285
3494 3501
3498 6923
3500 7892
3501 7967
3503 8147
3507 3535
3510 3538
3511 3564
3512 3514
3513 3542
3515 3516
3516 3545
3539 3564
3556 3600
3559 3580
3560 3603
3603 3627
3604 3652
3606 3653
3696 7460
3718 3733
3719 3733
3720 7947
3722 3723
3724 3748
3729 3751
3730 3751
3743 3776
3770 3791
3784 3809
3836 3871
3840 3854
3867 3896
3870 3898
3897 3921
3899 3935
3920 3944
3954 3977
3957 3978
3978 6813
3979 6791
3984 4035
3993 4019
3994 4045
3996 3997
3997 4022
3998 4022
3999 3998
4019 4074
4021 4078
4022 4050
4045 4098
4071 4096
4085 4137
4096 4148
4123 4177
4135 4163
4137 4191
4160 4189
4164 4218
4220 4272
4395 4426
4406 4438
4432 4462
4484 4515
4490 4518
4503 4529
4505 4555
4507 4532
4511 4537
4573 4601
4614 5647
4615 5715
4616 5749
4617 4618
4618 4620
4635 4637
4653 4676
4675 4702
4684 4710
4714 4724
4717 4744
4718 4730
4722 4723
4724 4750
4730 4745
4733 4758
4737 4762
4738 4763
4759 4786
4761 4776
4774 4797
4775 4810
4777 4798
4778 4813
4838 4862
4841 4863
4852 4884
4861 4883
4863 4898
4869 4904
4878 4903
4882 4915
4890 4914
4898 4935
4981 4997
4993 5022
4994 6122
4995 5036
4996 5008
5007 5061
5017 5046
5022 5035
5036 5089
5039 5063
5052 5078
5078 5103
5113 5162
5136 5170
5155 5183
5200 5237
5213 5224
5217 5243
5220 5244
5224 5249
5236 5258
5302 5303
5303 5319
5305 5321
5306 5305
5307 5308
5309 5310
5327 5361
5347 5378
5371 5389
5400 5426
5418 5437
5422 5436
5424 5444
5427 5442
5435 5443
5446 5475
5452 5471
5463 5478
5467 5486
5471 5491
5478 5489
5483 5497
5484 5493
5486 5494
5487 5496
5489 5498
5497 8140
5501 5530
5507 5508
5509 5538
5510 5540
5513 5526
5515 5564
5522 5550
5523 5560
5526 5580
5529 5583
5631 5657
5647 5685
5658 5684
5674 5698
5684 5714
5720 5754
5773 5809
5777 5826
5791 5824
5792 5808
5808 5840
5810 5856
5825 5854
5855 5900
5947 8207
5948 5957
5949 8253
5951 8277
5952 5980
5956 5948
5957 5971
5963 5984
5973 5992
5981 6006
5985 6008
5999 6013
6000 6014
6006 6020
6007 6021
6009 6018
6010 6022
6013 6026
6034 6068
6040 6066
6077 6108
6082 6111
6093 6113
6130 6155
6136 6145
6138 6154
6139 6166
6154 8188
6197 6213
6214 6238
6227 6246
6263 6301
6287 6308
6299 6321
6309 6332
6310 6323
6321 6351
6350 6368
6424 6449
6428 6448
6462 6908
6466 6467
6467 6468
6471 6472
6501 6521
6531 6563
6545 6580
6562 6601
6564 6602
6579 6619
6619 6665
6646 6682
6651 6687
6659 6675
6665 6681
6682 6718
6722 6760
6724 6741
6760 6781
6761 6801
6832 6468
6833 6948
6834 6841
6835 6843
6836 6843
6837 6836
6838 6832
6839 6846
6841 6842
6842 6850
6843 6851
6852 8128
6860 6868
6867 6885
6876 6894
6886 7933
6888 6902
6900 7848
6908 6910
6909 6911
6911 6913
6914 6915
6917 6918
6921 6935
6940 6942
6944 6956
6946 6957
6960 7002
6961 6963
6968 6970
6969 6988
6972 6991
6975 6977
6980 7022
7102 7124
7118 7162
7124 7169
7161 7183
7174 7213
7203 7246
7214 7255
7221 7261
7225 7266
7229 7268
7262 7314
7267 7320
7274 7302
7302 7347
7316 7360
7320 7364
7344 7383
7360 7403
7364 7407
7365 7409
7384 7431
7386 7432
7400 7442
7445 8060
7446 7478
7449 7450
7451 7453
7454 7469
7455 7470
7456 7457
7457 7470
7468 7485
7499 7509
7503 7512
7507 7535
7535 8233
7552 7570
7591 7608
7601 7614
7620 7823
7621 8111
7623 8355
7624 8259
7625 7727
7628 7899
7637 7426
7638 4065
7640 4689
7641 5306
7642 8094
7644 8022
7652 7763
7669 7865
7671 8272
7679 8222
7706 8229
7721 8210
7723 8216
7724 4915
7731 7163
7741 7911
7774 8275
7781 4965
7786 2936
7789 7944
7794 6351
7798 8099
7812 2040
7819 8133
7849 8058
7887 1211
7899 8204
7901 8325
7972 1522
8119 8197
8210 2036
8237 3974
8325 1969
8329 6395
